
executing: [sel_ldr -a -v -v -v -- "runnable-ld.so" --library-path "/lib/glibc" /bw_pipe]
[319045,689804416:03:31:46.364684] sel_ldr argument list:[319045,689804416:03:31:46.364711] sel_ldr[319045,689804416:03:31:46.364713]  -a[319045,689804416:03:31:46.364714]  -v[319045,689804416:03:31:46.364715]  -v[319045,689804416:03:31:46.364716]  -v[319045,689804416:03:31:46.364717]  --[319045,689804416:03:31:46.364718]  runnable-ld.so[319045,689804416:03:31:46.364719]  --library-path[319045,689804416:03:31:46.364720]  /lib/glibc[319045,689804416:03:31:46.364721]  /bw_pipe[319045,689804416:03:31:46.364722] 
[319045,689804416:03:31:46.364723] BYPASSING ALL ACL CHECKS
[319045,689804416:03:31:46.364738] Loading nacl file runnable-ld.so (non-RPC)
[319045,689804416:03:31:46.364740] NaClHostDescOpen(0x5bf411c0d890, runnable-ld.so, 0x0, 0x1b6)
[319045,689804416:03:31:46.364742] NaClHostDescOpen: invoking POSIX open(runnable-ld.so,0x0,0600)
[319045,689804416:03:31:46.364746] NaClHostDescOpen: got descriptor 8
[319045,689804416:03:31:46.364748] NaClHostDescCtor: success.
[319045,689804416:03:31:46.364753] =================================================
[319045,689804416:03:31:46.364755] Elf header
[319045,689804416:03:31:46.364756] ==================================================
[319045,689804416:03:31:46.364757] e_ident+1 = ELF
[319045,689804416:03:31:46.364758] e_type = 0x2
[319045,689804416:03:31:46.364759] e_machine = 0x3e
[319045,689804416:03:31:46.364760] e_version = 0x1
[319045,689804416:03:31:46.364761] e_entry = 0x20bc0
[319045,689804416:03:31:46.364762] e_phoff = 0x40
[319045,689804416:03:31:46.364763] e_shoff = 0x9b06d8
[319045,689804416:03:31:46.364764] e_flags = 0x200000
[319045,689804416:03:31:46.364765] e_ehsize = 0x34
[319045,689804416:03:31:46.364766] e_phentsize = 0x20
[319045,689804416:03:31:46.364767] e_phnum = 0x3
[319045,689804416:03:31:46.364768] e_shentsize = 0x40
[319045,689804416:03:31:46.364769] e_shnum = 0x26
[319045,689804416:03:31:46.364770] e_shstrndx = 0x23
[319045,689804416:03:31:46.364771] sizeof(Elf32_Ehdr) = 0x34
[319045,689804416:03:31:46.364774] =================================================
[319045,689804416:03:31:46.364775] Elf Program headers
[319045,689804416:03:31:46.364776] ==================================================
[319045,689804416:03:31:46.364777] p_type: 1
[319045,689804416:03:31:46.364778] p_offset: 10000
[319045,689804416:03:31:46.364779] p_vaddr: 20000
[319045,689804416:03:31:46.364780] p_paddr: 20000
[319045,689804416:03:31:46.364781] p_filesz: 30000
[319045,689804416:03:31:46.364782] p_memsz: 30000
[319045,689804416:03:31:46.364783] p_flags: 5
[319045,689804416:03:31:46.364784]  (PF_R  PF_X)
[319045,689804416:03:31:46.364785] p_align: 10000
[319045,689804416:03:31:46.364786] 
[319045,689804416:03:31:46.364787] p_type: 1
[319045,689804416:03:31:46.364788] p_offset: 40000
[319045,689804416:03:31:46.364789] p_vaddr: 10020000
[319045,689804416:03:31:46.364790] p_paddr: 10020000
[319045,689804416:03:31:46.364791] p_filesz: a370
[319045,689804416:03:31:46.364792] p_memsz: a370
[319045,689804416:03:31:46.364793] p_flags: 4
[319045,689804416:03:31:46.364794]  (PF_R  )
[319045,689804416:03:31:46.364795] p_align: 10000
[319045,689804416:03:31:46.364796] 
[319045,689804416:03:31:46.364797] p_type: 1
[319045,689804416:03:31:46.364797] p_offset: 4f8a0
[319045,689804416:03:31:46.364798] p_vaddr: 1003f8a0
[319045,689804416:03:31:46.364799] p_paddr: 1003f8a0
[319045,689804416:03:31:46.364800] p_filesz: e70
[319045,689804416:03:31:46.364801] p_memsz: 1170
[319045,689804416:03:31:46.364802] p_flags: 6
[319045,689804416:03:31:46.364803]  (PF_R PF_W )
[319045,689804416:03:31:46.364804] p_align: 10000
[319045,689804416:03:31:46.364805] 
[319045,689804416:03:31:46.364807] Looking at segment 0, type 0x1, p_flags 0x5
[319045,689804416:03:31:46.364808] Matched nacl_phdr_check_data[1]
[319045,689804416:03:31:46.364809] Looking at segment 1, type 0x1, p_flags 0x4
[319045,689804416:03:31:46.364811] Matched nacl_phdr_check_data[2]
[319045,689804416:03:31:46.364812] Looking at segment 2, type 0x1, p_flags 0x6
[319045,689804416:03:31:46.364813] Matched nacl_phdr_check_data[3]
[319045,689804416:03:31:46.364815] NaClApp addr space layout:
[319045,689804416:03:31:46.364816] nap->static_text_end    = 0x0000000000050000
[319045,689804416:03:31:46.364817] nap->dynamic_text_start = 0x0000000000000000
[319045,689804416:03:31:46.364819] nap->dynamic_text_end   = 0x0000000000000000
[319045,689804416:03:31:46.364820] nap->rodata_start       = 0x0000000010020000
[319045,689804416:03:31:46.364821] nap->data_start         = 0x000000001003f8a0
[319045,689804416:03:31:46.364822] nap->data_end           = 0x0000000010040a10
[319045,689804416:03:31:46.364823] nap->break_addr         = 0x0000000010040a10
[319045,689804416:03:31:46.364824] nap->initial_entry_pt   = 0x0000000000020bc0
[319045,689804416:03:31:46.364826] nap->user_entry_pt      = 0x0000000000000000
[319045,689804416:03:31:46.364827] nap->bundle_size        = 0x20
[319045,689804416:03:31:46.364828] Allocating address space
[319045,689804416:03:31:46.364829] NaClPerfCounterInterval(NaClAppLoadFile __start__:PreAllocAddrSpace): 78 microsecs
[319045,689804416:03:31:46.364831] NaClAllocAddrSpace: calling NaClAllocateSpace(*,0x0000000100000000)
[319045,689804416:03:31:46.364849] Native Client module will be loaded at base address 0x0000065d00000000
[319045,689804416:03:31:46.364851] madvising 0x65d10050000, 0xeefb0000, MADV_DONTNEED
[319045,689804416:03:31:46.364854] mprotecting 0x65d10050000, 0xeefb0000, PROT_NONE
[319045,689804416:03:31:46.364857] NaClPerfCounterInterval(NaClAppLoadFile PreAllocAddrSpace:*AllocAddrSpace): 28 microsecs
[319045,689804416:03:31:46.364858] Loading into memory
[319045,689804416:03:31:46.364862] loading segment 0
[319045,689804416:03:31:46.364940] loading segment 1
[319045,689804416:03:31:46.364957] loading segment 2
[319045,689804416:03:31:46.364981] Replacing gap between static text and (ro)data with shareable memory
[319045,689804416:03:31:46.365025] NaClPerfCounterInterval(NaClAppLoadFile *AllocAddrSpace:*MakeDynText): 168 microsecs
[319045,689804416:03:31:46.365027] Validating image
[319045,689804416:03:31:46.366883] NaClPerfCounterInterval(NaClAppLoadFile *MakeDynText:*ValidateImg): 1857 microsecs
[319045,689804416:03:31:46.366885] Initializing arch switcher
[319045,689804416:03:31:46.366886] Installing trampoline
[319045,689804416:03:31:46.366888] Entered NaClMakeDispatchAddrs
[319045,689804416:03:31:46.366889] NaClPageAllocRandomized: 0x28eac8f3
[319045,689804416:03:31:46.366890] NaClPageAllocRandomized: hint 0x28eac8f30000
[319045,689804416:03:31:46.366893] NaClMakeDispatchAddrs: got addr 0x28eac8f30000
[319045,689804416:03:31:46.366921] num_syscalls = 2047 (0x7ff)
[319045,689804416:03:31:46.367031] Installing springboard
[319045,689804416:03:31:46.367032] Applying memory protection
[319045,689804416:03:31:46.367033] Protecting guard pages for 0x65d00000000
[319045,689804416:03:31:46.367035] NaClVmmapUpdate(0x5bf411c0c1d8, 0x0, 0x10, 0x0, 0x2, 0, 0x0, 0x0)
[319045,689804416:03:31:46.367037] NaClVmmapAddShmid(0x5bf411c0c1d8, 0x0, 0x10, 0x0, 0x0, 0x2, 0x0, 0x0)
[319045,689804416:03:31:46.367039] Trampoline/text region start 0x65d00010000, size 0x00040000, end 0x65d00050000
[319045,689804416:03:31:46.367042] NaClVmmapUpdate(0x5bf411c0c1d8, 0x10, 0x40, 0x5, 0x2, 0, 0x0, 0x0)
[319045,689804416:03:31:46.367045] NaClVmmapAddShmid(0x5bf411c0c1d8, 0x10, 0x40, 0x5, 0x5, 0x2, 0x0, 0x0)
[319045,689804416:03:31:46.367046] shm txt region start 0x65d00050000, size 0x0ffd0000, end 0x65d10020000
[319045,689804416:03:31:46.367048] NaClVmmapUpdate(0x5bf411c0c1d8, 0x50, 0xffd0, 0x0, 0x2, 0, 0x5bf4123f6410, 0x0)
[319045,689804416:03:31:46.367050] NaClVmmapAddShmid(0x5bf411c0c1d8, 0x50, 0xffd0, 0x0, 0x0, 0x2, 0x5bf4123f6410, 0x0)
[319045,689804416:03:31:46.367051] RO data region start 0x65d10020000, size 0x00010000, end 0x65d10030000
[319045,689804416:03:31:46.367056] NaClVmmapUpdate(0x5bf411c0c1d8, 0x10020, 0x10, 0x1, 0x2, 0, 0x0, 0x0)
[319045,689804416:03:31:46.367058] NaClVmmapAddShmid(0x5bf411c0c1d8, 0x10020, 0x10, 0x1, 0x1, 0x2, 0x0, 0x0)
[319045,689804416:03:31:46.367059] RW data region start 0x65d10030000, size 0x00020000, end 0x65d10050000
[319045,689804416:03:31:46.367061] NaClVmmapUpdate(0x5bf411c0c1d8, 0x10030, 0x20, 0x3, 0x2, 0, 0x0, 0x0)
[319045,689804416:03:31:46.367063] NaClVmmapAddShmid(0x5bf411c0c1d8, 0x10030, 0x20, 0x3, 0x3, 0x2, 0x0, 0x0)
[319045,689804416:03:31:46.367064] RW stack region start 0x65dff000000, size 0x01000000, end 0x65e00000000
[319045,689804416:03:31:46.367071] NaClVmmapUpdate(0x5bf411c0c1d8, 0xff000, 0x1000, 0x3, 0x2, 0, 0x0, 0x0)
[319045,689804416:03:31:46.367072] NaClVmmapAddShmid(0x5bf411c0c1d8, 0xff000, 0x1000, 0x3, 0x3, 0x2, 0x0, 0x0)
[319045,689804416:03:31:46.367074] NaClAppLoadFile done; [319045,689804416:03:31:46.367075] NaClApp addr space layout:
[319045,689804416:03:31:46.367076] nap->static_text_end    = 0x0000000000050000
[319045,689804416:03:31:46.367077] nap->dynamic_text_start = 0x0000000000050000
[319045,689804416:03:31:46.367078] nap->dynamic_text_end   = 0x0000000010020000
[319045,689804416:03:31:46.367079] nap->rodata_start       = 0x0000000010020000
[319045,689804416:03:31:46.367080] nap->data_start         = 0x000000001003f8a0
[319045,689804416:03:31:46.367081] nap->data_end           = 0x0000000010040a10
[319045,689804416:03:31:46.367083] nap->break_addr         = 0x0000000010040a10
[319045,689804416:03:31:46.367083] nap->initial_entry_pt   = 0x0000000000020bc0
[319045,689804416:03:31:46.367085] nap->user_entry_pt      = 0x0000000000000000
[319045,689804416:03:31:46.367086] nap->bundle_size        = 0x20
[319045,689804416:03:31:46.367087] NaClPerfCounterInterval(NaClAppLoadFile __start__:EndLoadFile): 2336 microsecs
[319045,689804416:03:31:46.367090] NaClPerfCounterInterval(SelMain __start__:AppLoadEnd): 8066 microsecs
[319045,689804416:03:31:46.367100] NACL: Application output follows
printing NaClApp details
NaClAppPrintDetails((struct NaClApp *) 0x5bf411c0beb0,(struct Gio *) 0x7fff5a90ce20)
addr space size:  2**32
stack size:       0x01000000
mem start addr:   0x65d00000000
static_text_end:   0x00050000
end-of-text:       0x00050000
rodata:            0x10020000
data:              0x1003f8a0
data_end:          0x10040a10
break_addr:        0x10040a10
ELF initial entry point:  0x00020bc0
ELF user entry point:  0x00000000
memory map:

Page   0 (0x0)
npages 16 (0x10)
start vaddr 0x0
end vaddr   0x10000
prot   0x00000000
not shared/backed by a file

Page   16 (0x10)
npages 64 (0x40)
start vaddr 0x10000
end vaddr   0x50000
prot   0x00000005
not shared/backed by a file

Page   80 (0x50)
npages 65488 (0xffd0)
start vaddr 0x50000
end vaddr   0x10020000
prot   0x00000000
shared/backed by a file

Page   65568 (0x10020)
npages 16 (0x10)
start vaddr 0x10020000
end vaddr   0x10030000
prot   0x00000001
not shared/backed by a file

Page   65584 (0x10030)
npages 32 (0x20)
start vaddr 0x10030000
end vaddr   0x10050000
prot   0x00000003
not shared/backed by a file

Page   1044480 (0xff000)
npages 4096 (0x1000)
start vaddr 0xff000000
end vaddr   0x100000000
prot   0x00000003
not shared/backed by a file
[319045,689804416:03:31:46.367105] [NaCl Main][Cage 1] argv[3]: /bw_pipe 

[319045,689804416:03:31:46.367107] [NaCl Main][Cage 1] argv[4]: (null) 

[319045,689804416:03:31:46.367108] [NaCl Main][Cage 1] argv num: 4 

[319045,689804416:03:31:46.367109] [NaCl Main Loader] before creation of the cage to run user program!

[319045,689804416:03:31:46.367112] setting stack to : 0000065dfffeffa0
[319045,689804416:03:31:46.367116] copying arg 0  0x5bf406f35b10 -> 0x65dfffeffcc
[319045,689804416:03:31:46.367117] copying arg 1  0x7fff5a90f312 -> 0x65dfffeffd5
[319045,689804416:03:31:46.367119] copying arg 2  0x7fff5a90f321 -> 0x65dfffeffe4
[319045,689804416:03:31:46.367120] copying arg 3  0x7fff5a90f32c -> 0x65dfffeffef
[319045,689804416:03:31:46.367121]    system stack ptr : 0000065dfffeff98
[319045,689804416:03:31:46.367122]      user stack ptr : 0000065dfffeff98
[319045,689804416:03:31:46.367123]    initial entry pt : 0000000000020bc0
[319045,689804416:03:31:46.367125]       user entry pt : 0000000000000000
[319045,689804416:03:31:46.367160] NaClPerfCounterInterval(SelMain AppLoadEnd:CreateMainThread): 70 microsecs
[319045,689804416:03:31:46.367162] NaClWaitForThreadToExit: taking NaClApp lock
[319045,689804416:03:31:46.367163]  waiting for exit status
[319045,688670464:03:31:46.367253] NaClAppForkThreadLauncher: entered
[319045,688670464:03:31:46.367381]      natp  = 0x00005bf4123f76e0
[319045,688670464:03:31:46.367389]  prog_ctr  = 0x0000065d00020bc0
[319045,688670464:03:31:46.367395] stack_ptr  = 0x0000065dfffeff98
[319045,688670464:03:31:46.367417] [NaCl Main Loader] User program about to start running inside the cage!
[319045,688670464:03:31:46.367436] NaClSysGetuid returning -1
[319045,688670464:03:31:46.367443] NaClSysGeteuid returning -1
[319045,688670464:03:31:46.367450] NaClSysGetgid returning -1
[319045,688670464:03:31:46.367456] NaClSysGetegid returning -1
[319045,688670464:03:31:46.367463] Entered NaClSysBrk(new_break 0x00000000)
[319045,688670464:03:31:46.367469] sys_new_break 0xffffffffffffffff
[319045,688670464:03:31:46.367475] NaClSysBrk: returning 0x10040a10
[319045,688670464:03:31:46.367481] Entered NaClSysBrk(new_break 0x10050000)
[319045,688670464:03:31:46.367487] sys_new_break 0x65d10050000
[319045,688670464:03:31:46.367575] NaClSysBrk: returning 0x10050000
[319045,688670464:03:31:46.367588] NaClSysOpen(0x5bf4123f76e0, 0x10040a10, 0x0, 0x0)
[319045,688670464:03:31:46.367603] NaClOpenAclCheck(0x5bf411c0beb0, /bw_pipe, 00, 00)
[319045,688670464:03:31:46.367610] NACL_ABI_O_CREAT: no
[319045,688670464:03:31:46.367616] NACL_ABI_O_TRUNC: no
[319045,688670464:03:31:46.367620] NACL_ABI_O_APPEND: no
[319045,688670464:03:31:46.367692] Entered NaClSysLseek(0x5bf4123f76e0, 3, 0xfffef8d8, 0)
[319045,688670464:03:31:46.367708] Entered NaClSysFstat(0x5bf4123f76e0, 3, 0xfffef7e0)
[319045,688670464:03:31:46.367715] sizeof(struct nacl_abi_stat) = 104 (0x68)
[319045,688670464:03:31:46.367728] Entered NaClSysMmap(0x11000000,0x30000,0x0,0x22,-1,0xfffef5b8)
[319045,688670464:03:31:46.367736]  offset = 0x00000000
[319045,688670464:03:31:46.367743] NaClSysMmap: FindSpaceAboveHint: page 0x11000
[319045,688670464:03:31:46.367749] NaClSysMmap: new starting addr: 0x11000000
[319045,688670464:03:31:46.367754] NaClSysMmap: (,,0x65d11000000,0x00030000,0x0,0x32,0x00000000)
[319045,688670464:03:31:46.367789] NaClVmmapUpdate(0x5bf411c0c1d8, 0x11000, 0x30, 0x0, 0x32, 0, 0x0, 0xffffffffffffffff)
[319045,688670464:03:31:46.367798] NaClVmmapAddShmid(0x5bf411c0c1d8, 0x11000, 0x30, 0x0, 0x3, 0x32, 0x0, 0xffffffffffffffff)
[319045,688670464:03:31:46.367807] NaClSysMmap: returning 0x11000000
[319045,688670464:03:31:46.367814] Entered NaClSysMmap(0x01000000,0x10000,0x5,0x12,3,0xfffef5b8)
[319045,688670464:03:31:46.367821]  offset = 0x00010000
[319045,688670464:03:31:46.367826] NaClSysMmap: returning 0xffffffffffffffea
[319045,688670464:03:31:46.367832] Entered NaClSysMmap(0x00000000,0x10000,0x1,0x2,3,0xfffef5b8)
[319045,688670464:03:31:46.367838]  offset = 0x00010000
[319045,688670464:03:31:46.367846] NaClSysMmap: FindMapSpace: page 0xfeff0
[319045,688670464:03:31:46.367852] NaClSysMmap: new starting addr: 0xfeff0000
[319045,688670464:03:31:46.367858] NaClSysMmap: (,,0x65dfeff0000,0x00010000,0x1,0x12,0x00010000)
[319045,688670464:03:31:46.367892] NaClVmmapUpdate(0x5bf411c0c1d8, 0xfeff0, 0x10, 0x1, 0x12, 0, 0x0, 0x10000)
[319045,688670464:03:31:46.367899] NaClVmmapAddShmid(0x5bf411c0c1d8, 0xfeff0, 0x10, 0x1, 0x0, 0x12, 0x0, 0x10000)
[319045,688670464:03:31:46.367907] NaClSysMmap: returning 0xfeff0000
[319045,688670464:03:31:46.368715] NaClPerfCounterInterval(NaClTextDyncodeCreate __start__:*DynRegionValidate): 704 microsecs
[319045,688670464:03:31:46.368804] Entered NaClSysMunmap(0x5bf4123f76e0, 0xfeff0000, 0x10000)
[319045,688670464:03:31:46.368807] MunmapInternal(0x65dfeff0000, 0x10000)
[319045,688670464:03:31:46.368816] NaClVmmapUpdate(0x5bf411c0c1d8, 0xfeff0, 0x10, 0x0, 0x0, 1, 0x0, 0x0)
[319045,688670464:03:31:46.368820] Entered NaClSysMmap(0x11000000,0x10000,0x1,0x812,3,0xfffef5e8)
[319045,688670464:03:31:46.368822]  offset = 0x00020000
[319045,688670464:03:31:46.368824] invalid mmap flags 04022, ignoring extraneous bits
[319045,688670464:03:31:46.368827] NaClSysMmap: (,,0x65d11000000,0x00010000,0x1,0x12,0x00020000)
[319045,688670464:03:31:46.368832] NaClVmmapUpdate(0x5bf411c0c1d8, 0x11000, 0x10, 0x1, 0x12, 0, 0x0, 0x20000)
[319045,688670464:03:31:46.368835] NaClVmmapAddShmid(0x5bf411c0c1d8, 0x11000, 0x10, 0x1, 0x0, 0x12, 0x0, 0x20000)
[319045,688670464:03:31:46.368837] NaClSysMmap: returning 0x11000000
[319045,688670464:03:31:46.368839] Entered NaClSysMmap(0x11010000,0x10000,0x3,0x812,3,0xfffef5e8)
[319045,688670464:03:31:46.368840]  offset = 0x00020000
[319045,688670464:03:31:46.368842] invalid mmap flags 04022, ignoring extraneous bits
[319045,688670464:03:31:46.368843] NaClSysMmap: (,,0x65d11010000,0x00010000,0x3,0x12,0x00020000)
[319045,688670464:03:31:46.368847] NaClVmmapUpdate(0x5bf411c0c1d8, 0x11010, 0x10, 0x3, 0x12, 0, 0x0, 0x20000)
[319045,688670464:03:31:46.368850] NaClVmmapAddShmid(0x5bf411c0c1d8, 0x11010, 0x10, 0x3, 0x0, 0x12, 0x0, 0x20000)
[319045,688670464:03:31:46.368853] NaClSysMmap: returning 0x11010000
[319045,688670464:03:31:46.368855] Entered NaClSysMmap(0x11020000,0x3cc,0x3,0x32,-1,0xfffef5e8)
[319045,688670464:03:31:46.368857]  offset = 0x00000000
[319045,688670464:03:31:46.368858] NaClSysMmap: rounded length to 0x10000
[319045,688670464:03:31:46.368860] NaClSysMmap: (,,0x65d11020000,0x00010000,0x3,0x32,0x00000000)
[319045,688670464:03:31:46.368863] NaClVmmapUpdate(0x5bf411c0c1d8, 0x11020, 0x10, 0x3, 0x32, 0, 0x0, 0xffffffffffffffff)
[319045,688670464:03:31:46.368865] NaClVmmapAddShmid(0x5bf411c0c1d8, 0x11020, 0x10, 0x3, 0x3, 0x32, 0x0, 0xffffffffffffffff)
[319045,688670464:03:31:46.368867] NaClSysMmap: returning 0x11020000
[319045,688670464:03:31:46.368875] Cage 1 Entered NaClSysClose(0x5bf4123f76e0, 3)
[319045,688670464:03:31:46.368884] Entered NaClSysMutexCreate(0x5bf4123f76e0)
[319045,688670464:03:31:46.368887] NaClSysMutexCreate(0x5bf4123f76e0) = 0
[319045,688670464:03:31:46.368895] Cage 1 Entered NaClSysAccess(0x5bf4123f76e0, /etc/ld.so.preload, 4)
Error in syscall: access - ENOENT: path does not refer to an existing file
[319045,688670464:03:31:46.368908] NaClSysOpen(0x5bf4123f76e0, 0xfffef600, 0x0, 0x0)
[319045,688670464:03:31:46.368911] NaClOpenAclCheck(0x5bf411c0beb0, /lib/glibc/libm.so.990e7c45, 00, 00)
[319045,688670464:03:31:46.368913] NACL_ABI_O_CREAT: no
[319045,688670464:03:31:46.368914] NACL_ABI_O_TRUNC: no
[319045,688670464:03:31:46.368916] NACL_ABI_O_APPEND: no
[319045,688670464:03:31:46.368931] Entered NaClSysLseek(0x5bf4123f76e0, 3, 0xfffef508, 0)
[319045,688670464:03:31:46.368936] Entered NaClSysFstat(0x5bf4123f76e0, 3, 0xfffef570)
[319045,688670464:03:31:46.368938] sizeof(struct nacl_abi_stat) = 104 (0x68)
[319045,688670464:03:31:46.368941] Entered NaClSysMmap(0x11030000,0x70000,0x0,0x22,-1,0xfffef388)
[319045,688670464:03:31:46.368943]  offset = 0x00000000
[319045,688670464:03:31:46.368944] NaClSysMmap: FindSpaceAboveHint: page 0x11030
[319045,688670464:03:31:46.368946] NaClSysMmap: new starting addr: 0x11030000
[319045,688670464:03:31:46.368947] NaClSysMmap: (,,0x65d11030000,0x00070000,0x0,0x32,0x00000000)
[319045,688670464:03:31:46.368951] NaClVmmapUpdate(0x5bf411c0c1d8, 0x11030, 0x70, 0x0, 0x32, 0, 0x0, 0xffffffffffffffff)
[319045,688670464:03:31:46.368953] NaClVmmapAddShmid(0x5bf411c0c1d8, 0x11030, 0x70, 0x0, 0x3, 0x32, 0x0, 0xffffffffffffffff)
[319045,688670464:03:31:46.368956] NaClSysMmap: returning 0x11030000
[319045,688670464:03:31:46.368957] Entered NaClSysMmap(0x01030000,0x50000,0x5,0x12,3,0xfffef388)
[319045,688670464:03:31:46.368959]  offset = 0x00010000
[319045,688670464:03:31:46.368961] NaClSysMmap: returning 0xffffffffffffffea
[319045,688670464:03:31:46.368962] Entered NaClSysMmap(0x00000000,0x50000,0x1,0x2,3,0xfffef388)
[319045,688670464:03:31:46.368964]  offset = 0x00010000
[319045,688670464:03:31:46.368966] NaClSysMmap: FindMapSpace: page 0xfefb0
[319045,688670464:03:31:46.368967] NaClSysMmap: new starting addr: 0xfefb0000
[319045,688670464:03:31:46.368969] NaClSysMmap: (,,0x65dfefb0000,0x00050000,0x1,0x12,0x00010000)
[319045,688670464:03:31:46.368977] NaClVmmapUpdate(0x5bf411c0c1d8, 0xfefb0, 0x50, 0x1, 0x12, 0, 0x0, 0x10000)
[319045,688670464:03:31:46.368980] NaClVmmapAddShmid(0x5bf411c0c1d8, 0xfefb0, 0x50, 0x1, 0x0, 0x12, 0x0, 0x10000)
[319045,688670464:03:31:46.368982] NaClSysMmap: returning 0xfefb0000
[319045,688670464:03:31:46.371449] NaClPerfCounterInterval(NaClTextDyncodeCreate __start__:*DynRegionValidate): 2299 microsecs
[319045,688670464:03:31:46.371702] Entered NaClSysMunmap(0x5bf4123f76e0, 0xfefb0000, 0x50000)
[319045,688670464:03:31:46.371705] MunmapInternal(0x65dfefb0000, 0x50000)
[319045,688670464:03:31:46.371713] NaClVmmapUpdate(0x5bf411c0c1d8, 0xfefb0, 0x50, 0x0, 0x0, 1, 0x0, 0x0)
[319045,688670464:03:31:46.371717] Entered NaClSysMmap(0x11030000,0x40000,0x1,0x812,3,0xfffef3b8)
[319045,688670464:03:31:46.371719]  offset = 0x00060000
[319045,688670464:03:31:46.371720] invalid mmap flags 04022, ignoring extraneous bits
[319045,688670464:03:31:46.371722] NaClSysMmap: (,,0x65d11030000,0x00040000,0x1,0x12,0x00060000)
[319045,688670464:03:31:46.371726] NaClVmmapUpdate(0x5bf411c0c1d8, 0x11030, 0x40, 0x1, 0x12, 0, 0x0, 0x60000)
[319045,688670464:03:31:46.371728] NaClVmmapAddShmid(0x5bf411c0c1d8, 0x11030, 0x40, 0x1, 0x0, 0x12, 0x0, 0x60000)
[319045,688670464:03:31:46.371730] NaClSysMmap: returning 0x11030000
[319045,688670464:03:31:46.371731] Entered NaClSysMmap(0x11070000,0x20000,0x3,0x812,3,0xfffef3b8)
[319045,688670464:03:31:46.371733]  offset = 0x00090000
[319045,688670464:03:31:46.371734] invalid mmap flags 04022, ignoring extraneous bits
[319045,688670464:03:31:46.371735] NaClSysMmap: (,,0x65d11070000,0x00020000,0x3,0x12,0x00090000)
[319045,688670464:03:31:46.371743] NaClVmmapUpdate(0x5bf411c0c1d8, 0x11070, 0x20, 0x3, 0x12, 0, 0x0, 0x90000)
[319045,688670464:03:31:46.371746] NaClVmmapAddShmid(0x5bf411c0c1d8, 0x11070, 0x20, 0x3, 0x0, 0x12, 0x0, 0x90000)
[319045,688670464:03:31:46.371747] NaClSysMmap: returning 0x11070000
[319045,688670464:03:31:46.371748] Entered NaClSysMmap(0x11090000,0x2c,0x3,0x32,-1,0xfffef3b8)
[319045,688670464:03:31:46.371750]  offset = 0x00000000
[319045,688670464:03:31:46.371751] NaClSysMmap: rounded length to 0x10000
[319045,688670464:03:31:46.371752] NaClSysMmap: (,,0x65d11090000,0x00010000,0x3,0x32,0x00000000)
[319045,688670464:03:31:46.371755] NaClVmmapUpdate(0x5bf411c0c1d8, 0x11090, 0x10, 0x3, 0x32, 0, 0x0, 0xffffffffffffffff)
[319045,688670464:03:31:46.371757] NaClVmmapAddShmid(0x5bf411c0c1d8, 0x11090, 0x10, 0x3, 0x3, 0x32, 0x0, 0xffffffffffffffff)
[319045,688670464:03:31:46.371759] NaClSysMmap: returning 0x11090000
[319045,688670464:03:31:46.371768] Cage 1 Entered NaClSysClose(0x5bf4123f76e0, 3)
[319045,688670464:03:31:46.371779] NaClSysOpen(0x5bf4123f76e0, 0xfffef5d0, 0x0, 0x0)
[319045,688670464:03:31:46.371782] NaClOpenAclCheck(0x5bf411c0beb0, /lib/glibc/libpthread.so.990e7c45, 00, 00)
[319045,688670464:03:31:46.371783] NACL_ABI_O_CREAT: no
[319045,688670464:03:31:46.371784] NACL_ABI_O_TRUNC: no
[319045,688670464:03:31:46.371786] NACL_ABI_O_APPEND: no
[319045,688670464:03:31:46.371797] Entered NaClSysLseek(0x5bf4123f76e0, 3, 0xfffef4d8, 0)
[319045,688670464:03:31:46.371802] Entered NaClSysFstat(0x5bf4123f76e0, 3, 0xfffef550)
[319045,688670464:03:31:46.371803] sizeof(struct nacl_abi_stat) = 104 (0x68)
[319045,688670464:03:31:46.371806] Entered NaClSysMmap(0x110a0000,0x40000,0x0,0x22,-1,0xfffef368)
[319045,688670464:03:31:46.371807]  offset = 0x00000000
[319045,688670464:03:31:46.371809] NaClSysMmap: FindSpaceAboveHint: page 0x110a0
[319045,688670464:03:31:46.371810] NaClSysMmap: new starting addr: 0x110a0000
[319045,688670464:03:31:46.371811] NaClSysMmap: (,,0x65d110a0000,0x00040000,0x0,0x32,0x00000000)
[319045,688670464:03:31:46.371815] NaClVmmapUpdate(0x5bf411c0c1d8, 0x110a0, 0x40, 0x0, 0x32, 0, 0x0, 0xffffffffffffffff)
[319045,688670464:03:31:46.371817] NaClVmmapAddShmid(0x5bf411c0c1d8, 0x110a0, 0x40, 0x0, 0x3, 0x32, 0x0, 0xffffffffffffffff)
[319045,688670464:03:31:46.371819] NaClSysMmap: returning 0x110a0000
[319045,688670464:03:31:46.371820] Entered NaClSysMmap(0x010a0000,0x20000,0x5,0x12,3,0xfffef368)
[319045,688670464:03:31:46.371822]  offset = 0x00010000
[319045,688670464:03:31:46.371823] NaClSysMmap: returning 0xffffffffffffffea
[319045,688670464:03:31:46.371824] Entered NaClSysMmap(0x00000000,0x20000,0x1,0x2,3,0xfffef368)
[319045,688670464:03:31:46.371825]  offset = 0x00010000
[319045,688670464:03:31:46.371827] NaClSysMmap: FindMapSpace: page 0xfefe0
[319045,688670464:03:31:46.371828] NaClSysMmap: new starting addr: 0xfefe0000
[319045,688670464:03:31:46.371829] NaClSysMmap: (,,0x65dfefe0000,0x00020000,0x1,0x12,0x00010000)
[319045,688670464:03:31:46.371834] NaClVmmapUpdate(0x5bf411c0c1d8, 0xfefe0, 0x20, 0x1, 0x12, 0, 0x0, 0x10000)
[319045,688670464:03:31:46.371836] NaClVmmapAddShmid(0x5bf411c0c1d8, 0xfefe0, 0x20, 0x1, 0x0, 0x12, 0x0, 0x10000)
[319045,688670464:03:31:46.371838] NaClSysMmap: returning 0xfefe0000
[319045,688670464:03:31:46.372846] NaClPerfCounterInterval(NaClTextDyncodeCreate __start__:*DynRegionValidate): 986 microsecs
[319045,688670464:03:31:46.372954] Entered NaClSysMunmap(0x5bf4123f76e0, 0xfefe0000, 0x20000)
[319045,688670464:03:31:46.372957] MunmapInternal(0x65dfefe0000, 0x20000)
[319045,688670464:03:31:46.372964] NaClVmmapUpdate(0x5bf411c0c1d8, 0xfefe0, 0x20, 0x0, 0x0, 1, 0x0, 0x0)
[319045,688670464:03:31:46.372967] Entered NaClSysMmap(0x110a0000,0x10000,0x1,0x812,3,0xfffef398)
[319045,688670464:03:31:46.372969]  offset = 0x00030000
[319045,688670464:03:31:46.372970] invalid mmap flags 04022, ignoring extraneous bits
[319045,688670464:03:31:46.372971] NaClSysMmap: (,,0x65d110a0000,0x00010000,0x1,0x12,0x00030000)
[319045,688670464:03:31:46.372974] NaClVmmapUpdate(0x5bf411c0c1d8, 0x110a0, 0x10, 0x1, 0x12, 0, 0x0, 0x30000)
[319045,688670464:03:31:46.372977] NaClVmmapAddShmid(0x5bf411c0c1d8, 0x110a0, 0x10, 0x1, 0x0, 0x12, 0x0, 0x30000)
[319045,688670464:03:31:46.372978] NaClSysMmap: returning 0x110a0000
[319045,688670464:03:31:46.372980] Entered NaClSysMmap(0x110b0000,0x20000,0x3,0x812,3,0xfffef398)
[319045,688670464:03:31:46.372981]  offset = 0x00030000
[319045,688670464:03:31:46.372982] invalid mmap flags 04022, ignoring extraneous bits
[319045,688670464:03:31:46.372984] NaClSysMmap: (,,0x65d110b0000,0x00020000,0x3,0x12,0x00030000)
[319045,688670464:03:31:46.372987] NaClVmmapUpdate(0x5bf411c0c1d8, 0x110b0, 0x20, 0x3, 0x12, 0, 0x0, 0x30000)
[319045,688670464:03:31:46.372989] NaClVmmapAddShmid(0x5bf411c0c1d8, 0x110b0, 0x20, 0x3, 0x0, 0x12, 0x0, 0x30000)
[319045,688670464:03:31:46.372991] NaClSysMmap: returning 0x110b0000
[319045,688670464:03:31:46.372993] Entered NaClSysMmap(0x110d0000,0x20d0,0x3,0x32,-1,0xfffef398)
[319045,688670464:03:31:46.372994]  offset = 0x00000000
[319045,688670464:03:31:46.372995] NaClSysMmap: rounded length to 0x10000
[319045,688670464:03:31:46.372997] NaClSysMmap: (,,0x65d110d0000,0x00010000,0x3,0x32,0x00000000)
[319045,688670464:03:31:46.372999] NaClVmmapUpdate(0x5bf411c0c1d8, 0x110d0, 0x10, 0x3, 0x32, 0, 0x0, 0xffffffffffffffff)
[319045,688670464:03:31:46.373001] NaClVmmapAddShmid(0x5bf411c0c1d8, 0x110d0, 0x10, 0x3, 0x3, 0x32, 0x0, 0xffffffffffffffff)
[319045,688670464:03:31:46.373004] NaClSysMmap: returning 0x110d0000
[319045,688670464:03:31:46.373012] Cage 1 Entered NaClSysClose(0x5bf4123f76e0, 3)
[319045,688670464:03:31:46.373017] NaClSysOpen(0x5bf4123f76e0, 0xfffef5c0, 0x0, 0x0)
[319045,688670464:03:31:46.373019] NaClOpenAclCheck(0x5bf411c0beb0, /lib/glibc/libgcc_s.so.1, 00, 00)
[319045,688670464:03:31:46.373021] NACL_ABI_O_CREAT: no
[319045,688670464:03:31:46.373022] NACL_ABI_O_TRUNC: no
[319045,688670464:03:31:46.373023] NACL_ABI_O_APPEND: no
[319045,688670464:03:31:46.373032] Entered NaClSysLseek(0x5bf4123f76e0, 3, 0xfffef4c8, 0)
[319045,688670464:03:31:46.373036] Entered NaClSysFstat(0x5bf4123f76e0, 3, 0xfffef530)
[319045,688670464:03:31:46.373037] sizeof(struct nacl_abi_stat) = 104 (0x68)
[319045,688670464:03:31:46.373039] Entered NaClSysMmap(0x110e0000,0x30000,0x0,0x22,-1,0xfffef348)
[319045,688670464:03:31:46.373040]  offset = 0x00000000
[319045,688670464:03:31:46.373042] NaClSysMmap: FindSpaceAboveHint: page 0x110e0
[319045,688670464:03:31:46.373043] NaClSysMmap: new starting addr: 0x110e0000
[319045,688670464:03:31:46.373044] NaClSysMmap: (,,0x65d110e0000,0x00030000,0x0,0x32,0x00000000)
[319045,688670464:03:31:46.373049] NaClVmmapUpdate(0x5bf411c0c1d8, 0x110e0, 0x30, 0x0, 0x32, 0, 0x0, 0xffffffffffffffff)
[319045,688670464:03:31:46.373051] NaClVmmapAddShmid(0x5bf411c0c1d8, 0x110e0, 0x30, 0x0, 0x3, 0x32, 0x0, 0xffffffffffffffff)
[319045,688670464:03:31:46.373053] NaClSysMmap: returning 0x110e0000
[319045,688670464:03:31:46.373055] Entered NaClSysMmap(0x010e0000,0x10000,0x5,0x12,3,0xfffef348)
[319045,688670464:03:31:46.373057]  offset = 0x00010000
[319045,688670464:03:31:46.373058] NaClSysMmap: returning 0xffffffffffffffea
[319045,688670464:03:31:46.373060] Entered NaClSysMmap(0x00000000,0x10000,0x1,0x2,3,0xfffef348)
[319045,688670464:03:31:46.373061]  offset = 0x00010000
[319045,688670464:03:31:46.373063] NaClSysMmap: FindMapSpace: page 0xfeff0
[319045,688670464:03:31:46.373064] NaClSysMmap: new starting addr: 0xfeff0000
[319045,688670464:03:31:46.373066] NaClSysMmap: (,,0x65dfeff0000,0x00010000,0x1,0x12,0x00010000)
[319045,688670464:03:31:46.373071] NaClVmmapUpdate(0x5bf411c0c1d8, 0xfeff0, 0x10, 0x1, 0x12, 0, 0x0, 0x10000)
[319045,688670464:03:31:46.373073] NaClVmmapAddShmid(0x5bf411c0c1d8, 0xfeff0, 0x10, 0x1, 0x0, 0x12, 0x0, 0x10000)
[319045,688670464:03:31:46.373075] NaClSysMmap: returning 0xfeff0000
[319045,688670464:03:31:46.373617] NaClPerfCounterInterval(NaClTextDyncodeCreate __start__:*DynRegionValidate): 529 microsecs
[319045,688670464:03:31:46.373671] Entered NaClSysMunmap(0x5bf4123f76e0, 0xfeff0000, 0x10000)
[319045,688670464:03:31:46.373674] MunmapInternal(0x65dfeff0000, 0x10000)
[319045,688670464:03:31:46.373679] NaClVmmapUpdate(0x5bf411c0c1d8, 0xfeff0, 0x10, 0x0, 0x0, 1, 0x0, 0x0)
[319045,688670464:03:31:46.373681] Entered NaClSysMmap(0x110e0000,0x10000,0x1,0x812,3,0xfffef378)
[319045,688670464:03:31:46.373683]  offset = 0x00020000
[319045,688670464:03:31:46.373684] invalid mmap flags 04022, ignoring extraneous bits
[319045,688670464:03:31:46.373686] NaClSysMmap: (,,0x65d110e0000,0x00010000,0x1,0x12,0x00020000)
[319045,688670464:03:31:46.373690] NaClVmmapUpdate(0x5bf411c0c1d8, 0x110e0, 0x10, 0x1, 0x12, 0, 0x0, 0x20000)
[319045,688670464:03:31:46.373692] NaClVmmapAddShmid(0x5bf411c0c1d8, 0x110e0, 0x10, 0x1, 0x0, 0x12, 0x0, 0x20000)
[319045,688670464:03:31:46.373694] NaClSysMmap: returning 0x110e0000
[319045,688670464:03:31:46.373695] Entered NaClSysMmap(0x110f0000,0x10000,0x3,0x812,3,0xfffef378)
[319045,688670464:03:31:46.373696]  offset = 0x00020000
[319045,688670464:03:31:46.373697] invalid mmap flags 04022, ignoring extraneous bits
[319045,688670464:03:31:46.373699] NaClSysMmap: (,,0x65d110f0000,0x00010000,0x3,0x12,0x00020000)
[319045,688670464:03:31:46.373702] NaClVmmapUpdate(0x5bf411c0c1d8, 0x110f0, 0x10, 0x3, 0x12, 0, 0x0, 0x20000)
[319045,688670464:03:31:46.373705] NaClVmmapAddShmid(0x5bf411c0c1d8, 0x110f0, 0x10, 0x3, 0x0, 0x12, 0x0, 0x20000)
[319045,688670464:03:31:46.373706] NaClSysMmap: returning 0x110f0000
[319045,688670464:03:31:46.373708] Entered NaClSysMmap(0x11100000,0xd4,0x3,0x32,-1,0xfffef378)
[319045,688670464:03:31:46.373710]  offset = 0x00000000
[319045,688670464:03:31:46.373711] NaClSysMmap: rounded length to 0x10000
[319045,688670464:03:31:46.373712] NaClSysMmap: (,,0x65d11100000,0x00010000,0x3,0x32,0x00000000)
[319045,688670464:03:31:46.373715] NaClVmmapUpdate(0x5bf411c0c1d8, 0x11100, 0x10, 0x3, 0x32, 0, 0x0, 0xffffffffffffffff)
[319045,688670464:03:31:46.373717] NaClVmmapAddShmid(0x5bf411c0c1d8, 0x11100, 0x10, 0x3, 0x3, 0x32, 0x0, 0xffffffffffffffff)
[319045,688670464:03:31:46.373719] NaClSysMmap: returning 0x11100000
[319045,688670464:03:31:46.373727] Cage 1 Entered NaClSysClose(0x5bf4123f76e0, 3)
[319045,688670464:03:31:46.373732] NaClSysOpen(0x5bf4123f76e0, 0xfffef5a0, 0x0, 0x0)
[319045,688670464:03:31:46.373734] NaClOpenAclCheck(0x5bf411c0beb0, /lib/glibc/libc.so.990e7c45, 00, 00)
[319045,688670464:03:31:46.373736] NACL_ABI_O_CREAT: no
[319045,688670464:03:31:46.373737] NACL_ABI_O_TRUNC: no
[319045,688670464:03:31:46.373738] NACL_ABI_O_APPEND: no
[319045,688670464:03:31:46.373747] Entered NaClSysLseek(0x5bf4123f76e0, 3, 0xfffef4a8, 0)
[319045,688670464:03:31:46.373750] Entered NaClSysFstat(0x5bf4123f76e0, 3, 0xfffef510)
[319045,688670464:03:31:46.373752] sizeof(struct nacl_abi_stat) = 104 (0x68)
[319045,688670464:03:31:46.373755] Entered NaClSysMmap(0x11110000,0x90000,0x0,0x22,-1,0xfffef328)
[319045,688670464:03:31:46.373756]  offset = 0x00000000
[319045,688670464:03:31:46.373758] NaClSysMmap: FindSpaceAboveHint: page 0x11110
[319045,688670464:03:31:46.373759] NaClSysMmap: new starting addr: 0x11110000
[319045,688670464:03:31:46.373760] NaClSysMmap: (,,0x65d11110000,0x00090000,0x0,0x32,0x00000000)
[319045,688670464:03:31:46.373764] NaClVmmapUpdate(0x5bf411c0c1d8, 0x11110, 0x90, 0x0, 0x32, 0, 0x0, 0xffffffffffffffff)
[319045,688670464:03:31:46.373767] NaClVmmapAddShmid(0x5bf411c0c1d8, 0x11110, 0x90, 0x0, 0x3, 0x32, 0x0, 0xffffffffffffffff)
[319045,688670464:03:31:46.373768] NaClSysMmap: returning 0x11110000
[319045,688670464:03:31:46.373769] Entered NaClSysMmap(0x01110000,0x1b0000,0x5,0x12,3,0xfffef328)
[319045,688670464:03:31:46.373771]  offset = 0x00010000
[319045,688670464:03:31:46.373772] NaClSysMmap: returning 0xffffffffffffffea
[319045,688670464:03:31:46.373773] Entered NaClSysMmap(0x00000000,0x1b0000,0x1,0x2,3,0xfffef328)
[319045,688670464:03:31:46.373775]  offset = 0x00010000
[319045,688670464:03:31:46.373776] NaClSysMmap: FindMapSpace: page 0xfee50
[319045,688670464:03:31:46.373777] NaClSysMmap: new starting addr: 0xfee50000
[319045,688670464:03:31:46.373779] NaClSysMmap: (,,0x65dfee50000,0x001b0000,0x1,0x12,0x00010000)
[319045,688670464:03:31:46.373787] NaClVmmapUpdate(0x5bf411c0c1d8, 0xfee50, 0x1b0, 0x1, 0x12, 0, 0x0, 0x10000)
[319045,688670464:03:31:46.373789] NaClVmmapAddShmid(0x5bf411c0c1d8, 0xfee50, 0x1b0, 0x1, 0x0, 0x12, 0x0, 0x10000)
[319045,688670464:03:31:46.373792] NaClSysMmap: returning 0xfee50000
[319045,688670464:03:31:46.389577] NaClPerfCounterInterval(NaClTextDyncodeCreate __start__:*DynRegionValidate): 14787 microsecs
[319045,688670464:03:31:46.390929] Entered NaClSysMunmap(0x5bf4123f76e0, 0xfee50000, 0x1b0000)
[319045,688670464:03:31:46.390935] MunmapInternal(0x65dfee50000, 0x1b0000)
[319045,688670464:03:31:46.390999] NaClVmmapUpdate(0x5bf411c0c1d8, 0xfee50, 0x1b0, 0x0, 0x0, 1, 0x0, 0x0)
[319045,688670464:03:31:46.391004] Entered NaClSysMmap(0x11110000,0x60000,0x1,0x812,3,0xfffef358)
[319045,688670464:03:31:46.391006]  offset = 0x001c0000
[319045,688670464:03:31:46.391007] invalid mmap flags 04022, ignoring extraneous bits
[319045,688670464:03:31:46.391009] NaClSysMmap: (,,0x65d11110000,0x00060000,0x1,0x12,0x001c0000)
[319045,688670464:03:31:46.391017] NaClVmmapUpdate(0x5bf411c0c1d8, 0x11110, 0x60, 0x1, 0x12, 0, 0x0, 0x1c0000)
[319045,688670464:03:31:46.391019] NaClVmmapAddShmid(0x5bf411c0c1d8, 0x11110, 0x60, 0x1, 0x0, 0x12, 0x0, 0x1c0000)
[319045,688670464:03:31:46.391021] NaClSysMmap: returning 0x11110000
[319045,688670464:03:31:46.391023] Entered NaClSysMmap(0x11170000,0x20000,0x3,0x812,3,0xfffef358)
[319045,688670464:03:31:46.391025]  offset = 0x00210000
[319045,688670464:03:31:46.391026] invalid mmap flags 04022, ignoring extraneous bits
[319045,688670464:03:31:46.391027] NaClSysMmap: (,,0x65d11170000,0x00020000,0x3,0x12,0x00210000)
[319045,688670464:03:31:46.391032] NaClVmmapUpdate(0x5bf411c0c1d8, 0x11170, 0x20, 0x3, 0x12, 0, 0x0, 0x210000)
[319045,688670464:03:31:46.391035] NaClVmmapAddShmid(0x5bf411c0c1d8, 0x11170, 0x20, 0x3, 0x0, 0x12, 0x0, 0x210000)
[319045,688670464:03:31:46.391037] NaClSysMmap: returning 0x11170000
[319045,688670464:03:31:46.391038] Entered NaClSysMmap(0x11190000,0x2790,0x3,0x32,-1,0xfffef358)
[319045,688670464:03:31:46.391040]  offset = 0x00000000
[319045,688670464:03:31:46.391041] NaClSysMmap: rounded length to 0x10000
[319045,688670464:03:31:46.391042] NaClSysMmap: (,,0x65d11190000,0x00010000,0x3,0x32,0x00000000)
[319045,688670464:03:31:46.391047] NaClVmmapUpdate(0x5bf411c0c1d8, 0x11190, 0x10, 0x3, 0x32, 0, 0x0, 0xffffffffffffffff)
[319045,688670464:03:31:46.391049] NaClVmmapAddShmid(0x5bf411c0c1d8, 0x11190, 0x10, 0x3, 0x3, 0x32, 0x0, 0xffffffffffffffff)
[319045,688670464:03:31:46.391051] NaClSysMmap: returning 0x11190000
[319045,688670464:03:31:46.391061] Cage 1 Entered NaClSysClose(0x5bf4123f76e0, 3)
[319045,688670464:03:31:46.391085] Entered NaClSysTlsInit(0x5bf4123f76e0, 0x10043100)
[319045,688670464:03:31:46.391207] Entered NaClSysMutexLock(0x5bf4123f76e0, 0)
[319045,688670464:03:31:46.391210] Entered NaClSysMutexUnlock(0x5bf4123f76e0, 0)")[319045,688670464:03:31:46.862444] Entered NaClSysBrk(new_break 0x00000000)
[319045,688670464:03:31:46.862454] sys_new_break 0xffffffffffffffff
[319045,688670464:03:31:46.862456] NaClSysBrk: returning 0x10050000
[319045,688670464:03:31:46.862458] Entered NaClSysBrk(new_break 0x10080000)
[319045,688670464:03:31:46.862459] sys_new_break 0x65d10080000
[319045,688670464:03:31:46.862524] NaClSysBrk: returning 0x10080000
[319045,688670464:03:31:46.862525] Entered NaClSysBrk(new_break 0x00000000)
[319045,688670464:03:31:46.862527] sys_new_break 0xffffffffffffffff
[319045,688670464:03:31:46.862528] NaClSysBrk: returning 0x10080000
[319045,688670464:03:31:46.862534] [NaClSysFork] NaCl fork starts!
[319045,688670464:03:31:46.862538] [Thread Context] cage id           = 1 
[319045,688670464:03:31:46.862539] [Thread Context] sysret            = 0x10080000 
[319045,688670464:03:31:46.862540] [Thread Context] prog_ctr (%rip)  = 0x65d00020bc0 
[319045,688670464:03:31:46.862542] [Thread Context] new_prog_ctr      = 0x65d011ff5e0 
[319045,688670464:03:31:46.862543] [Thread Context] trusted_stack_ptr = 0x7ca6290c3ce0 
[319045,688670464:03:31:46.862544] [Thread Context] registers:
	%tls_idx (0x1), %tls_value1 (0x10043100), %tls_value2 (0),
	%rax (0), %rbx (0x1), %rcx (0), %rdx (0),
	%rbp (0x65dfffeff50), %rsi (0), %rdi (0), %rsp (0x65dfffefd30),
	%r8 (0), %r9 (0), %r10 (0), %r11 (0),
	%r12 (0xfffefe50), %r13 (0x1e8480), %r14 (0), %r15 (0x65d00000000),
	%fcw (0x37f), %sys_fcw (0x37f), %mxcsr (0x1fa0), %sys_mxcsr (0x1fa0),
[319045,688670464:03:31:46.862621] Entered NaClChildNapCtor()
[319045,688670464:03:31:46.862644] NaClNameServiceCreateDescEntry: entering SecureRandom, 2 (0x2)
[319045,688670464:03:31:46.862657] [nap 1] new child count: 1
[319045,688670464:03:31:46.862658] fork_num = 1, cage_id = 2
[319045,688670464:03:31:46.862660] NaClHostDescOpen(0x5bf411c0d8d0, runnable-ld.so, 0x0, 0x1b6)
[319045,688670464:03:31:46.862662] NaClHostDescOpen: invoking POSIX open(runnable-ld.so,0x0,0600)
[319045,688670464:03:31:46.862671] NaClHostDescOpen: got descriptor 11
[319045,688670464:03:31:46.862674] NaClHostDescCtor: success.
[319045,688670464:03:31:46.862683] =================================================
[319045,688670464:03:31:46.862686] Elf header
[319045,688670464:03:31:46.862687] ==================================================
[319045,688670464:03:31:46.862688] e_ident+1 = ELF
[319045,688670464:03:31:46.862689] e_type = 0x2
[319045,688670464:03:31:46.862690] e_machine = 0x3e
[319045,688670464:03:31:46.862691] e_version = 0x1
[319045,688670464:03:31:46.862692] e_entry = 0x20bc0
[319045,688670464:03:31:46.862693] e_phoff = 0x40
[319045,688670464:03:31:46.862695] e_shoff = 0x9b06d8
[319045,688670464:03:31:46.862696] e_flags = 0x200000
[319045,688670464:03:31:46.862697] e_ehsize = 0x34
[319045,688670464:03:31:46.862698] e_phentsize = 0x20
[319045,688670464:03:31:46.862699] e_phnum = 0x3
[319045,688670464:03:31:46.862700] e_shentsize = 0x40
[319045,688670464:03:31:46.862701] e_shnum = 0x26
[319045,688670464:03:31:46.862702] e_shstrndx = 0x23
[319045,688670464:03:31:46.862703] sizeof(Elf32_Ehdr) = 0x34
[319045,688670464:03:31:46.862705] =================================================
[319045,688670464:03:31:46.862706] Elf Program headers
[319045,688670464:03:31:46.862707] ==================================================
[319045,688670464:03:31:46.862708] p_type: 1
[319045,688670464:03:31:46.862709] p_offset: 10000
[319045,688670464:03:31:46.862710] p_vaddr: 20000
[319045,688670464:03:31:46.862711] p_paddr: 20000
[319045,688670464:03:31:46.862712] p_filesz: 30000
[319045,688670464:03:31:46.862713] p_memsz: 30000
[319045,688670464:03:31:46.862714] p_flags: 5
[319045,688670464:03:31:46.862715]  (PF_R  PF_X)
[319045,688670464:03:31:46.862717] p_align: 10000
[319045,688670464:03:31:46.862718] 
[319045,688670464:03:31:46.862718] p_type: 1
[319045,688670464:03:31:46.862719] p_offset: 40000
[319045,688670464:03:31:46.862720] p_vaddr: 10020000
[319045,688670464:03:31:46.862721] p_paddr: 10020000
[319045,688670464:03:31:46.862722] p_filesz: a370
[319045,688670464:03:31:46.862723] p_memsz: a370
[319045,688670464:03:31:46.862724] p_flags: 4
[319045,688670464:03:31:46.862725]  (PF_R  )
[319045,688670464:03:31:46.862726] p_align: 10000
[319045,688670464:03:31:46.862727] 
[319045,688670464:03:31:46.862728] p_type: 1
[319045,688670464:03:31:46.862729] p_offset: 4f8a0
[319045,688670464:03:31:46.862730] p_vaddr: 1003f8a0
[319045,688670464:03:31:46.862731] p_paddr: 1003f8a0
[319045,688670464:03:31:46.862732] p_filesz: e70
[319045,688670464:03:31:46.862733] p_memsz: 1170
[319045,688670464:03:31:46.862734] p_flags: 6
[319045,688670464:03:31:46.862735]  (PF_R PF_W )
[319045,688670464:03:31:46.862736] p_align: 10000
[319045,688670464:03:31:46.862737] 
[319045,688670464:03:31:46.862739] Looking at segment 0, type 0x1, p_flags 0x5
[319045,688670464:03:31:46.862741] Matched nacl_phdr_check_data[1]
[319045,688670464:03:31:46.862742] Looking at segment 1, type 0x1, p_flags 0x4
[319045,688670464:03:31:46.862743] Matched nacl_phdr_check_data[2]
[319045,688670464:03:31:46.862744] Looking at segment 2, type 0x1, p_flags 0x6
[319045,688670464:03:31:46.862746] Matched nacl_phdr_check_data[3]
[319045,688670464:03:31:46.862747] NaClApp addr space layout:
[319045,688670464:03:31:46.862748] nap->static_text_end    = 0x0000000000050000
[319045,688670464:03:31:46.862749] nap->dynamic_text_start = 0x0000000000000000
[319045,688670464:03:31:46.862751] nap->dynamic_text_end   = 0x0000000000000000
[319045,688670464:03:31:46.862752] nap->rodata_start       = 0x0000000010020000
[319045,688670464:03:31:46.862753] nap->data_start         = 0x000000001003f8a0
[319045,688670464:03:31:46.862754] nap->data_end           = 0x0000000010040a10
[319045,688670464:03:31:46.862755] nap->break_addr         = 0x0000000010080000
[319045,688670464:03:31:46.862756] nap->initial_entry_pt   = 0x0000000000020bc0
[319045,688670464:03:31:46.862757] nap->user_entry_pt      = 0x0000000000000000
[319045,688670464:03:31:46.862758] nap->bundle_size        = 0x20
[319045,688670464:03:31:46.862759] Allocating address space
[319045,688670464:03:31:46.862761] NaClPerfCounterInterval(NaClAppLoadFile __start__:PreAllocAddrSpace): 83 microsecs
[319045,688670464:03:31:46.862762] NaClAllocAddrSpace: calling NaClAllocateSpace(*,0x0000000100000000)
[319045,688670464:03:31:46.862775] Native Client module will be loaded at base address 0x00006a1900000000
[319045,688670464:03:31:46.862777] madvising 0x6a1910050000, 0xeefb0000, MADV_DONTNEED
[319045,688670464:03:31:46.862780] mprotecting 0x6a1910050000, 0xeefb0000, PROT_NONE
[319045,688670464:03:31:46.862781] NaClPerfCounterInterval(NaClAppLoadFile PreAllocAddrSpace:*AllocAddrSpace): 21 microsecs
[319045,688670464:03:31:46.862783] Loading into memory
[319045,688670464:03:31:46.862786] loading segment 0
[319045,688670464:03:31:46.862849] loading segment 1
[319045,688670464:03:31:46.862865] loading segment 2
[319045,688670464:03:31:46.862884] Replacing gap between static text and (ro)data with shareable memory
[319045,688670464:03:31:46.862916] NaClPerfCounterInterval(NaClAppLoadFile *AllocAddrSpace:*MakeDynText): 135 microsecs
[319045,688670464:03:31:46.862919] Validating image
[319045,688670464:03:31:46.864694] NaClPerfCounterInterval(NaClAppLoadFile *MakeDynText:*ValidateImg): 1778 microsecs
[319045,688670464:03:31:46.864697] Initializing arch switcher
[319045,688670464:03:31:46.864699] Installing trampoline
[319045,688670464:03:31:46.864700] Entered NaClMakeDispatchAddrs
[319045,688670464:03:31:46.864702] NaClPageAllocRandomized: 0xc4d1229a
[319045,688670464:03:31:46.864703] NaClPageAllocRandomized: hint 0x44d1229a0000
[319045,688670464:03:31:46.864706] NaClMakeDispatchAddrs: got addr 0x44d1229a0000
[319045,688670464:03:31:46.864732] num_syscalls = 2047 (0x7ff)
[319045,688670464:03:31:46.864867] Installing springboard
[319045,688670464:03:31:46.864869] Applying memory protection
[319045,688670464:03:31:46.864870] Protecting guard pages for 0x6a1900000000
[319045,688670464:03:31:46.864871] NaClVmmapUpdate(0x7ca6240678f8, 0x0, 0x10, 0x0, 0x2, 0, 0x0, 0x0)
[319045,688670464:03:31:46.864873] NaClVmmapAddShmid(0x7ca6240678f8, 0x0, 0x10, 0x0, 0x0, 0x2, 0x0, 0x0)
[319045,688670464:03:31:46.864875] Trampoline/text region start 0x6a1900010000, size 0x00040000, end 0x6a1900050000
[319045,688670464:03:31:46.864878] NaClVmmapUpdate(0x7ca6240678f8, 0x10, 0x40, 0x5, 0x2, 0, 0x0, 0x0)
[319045,688670464:03:31:46.864880] NaClVmmapAddShmid(0x7ca6240678f8, 0x10, 0x40, 0x5, 0x5, 0x2, 0x0, 0x0)
[319045,688670464:03:31:46.864882] shm txt region start 0x6a1900050000, size 0x0ffd0000, end 0x6a1910020000
[319045,688670464:03:31:46.864883] NaClVmmapUpdate(0x7ca6240678f8, 0x50, 0xffd0, 0x0, 0x2, 0, 0x7ca624067e20, 0x0)
[319045,688670464:03:31:46.864885] NaClVmmapAddShmid(0x7ca6240678f8, 0x50, 0xffd0, 0x0, 0x0, 0x2, 0x7ca624067e20, 0x0)
[319045,688670464:03:31:46.864887] RO data region start 0x6a1910020000, size 0x00010000, end 0x6a1910030000
[319045,688670464:03:31:46.864891] NaClVmmapUpdate(0x7ca6240678f8, 0x10020, 0x10, 0x1, 0x2, 0, 0x0, 0x0)
[319045,688670464:03:31:46.864892] NaClVmmapAddShmid(0x7ca6240678f8, 0x10020, 0x10, 0x1, 0x1, 0x2, 0x0, 0x0)
[319045,688670464:03:31:46.864894] RW data region start 0x6a1910030000, size 0x00020000, end 0x6a1910050000
[319045,688670464:03:31:46.864895] NaClVmmapUpdate(0x7ca6240678f8, 0x10030, 0x20, 0x3, 0x2, 0, 0x0, 0x0)
[319045,688670464:03:31:46.864896] NaClVmmapAddShmid(0x7ca6240678f8, 0x10030, 0x20, 0x3, 0x3, 0x2, 0x0, 0x0)
[319045,688670464:03:31:46.864898] RW stack region start 0x6a19ff000000, size 0x01000000, end 0x6a1a00000000
[319045,688670464:03:31:46.864905] NaClVmmapUpdate(0x7ca6240678f8, 0xff000, 0x1000, 0x3, 0x2, 0, 0x0, 0x0)
[319045,688670464:03:31:46.864907] NaClVmmapAddShmid(0x7ca6240678f8, 0xff000, 0x1000, 0x3, 0x3, 0x2, 0x0, 0x0)
[319045,688670464:03:31:46.864909] NaClAppLoadFile done; [319045,688670464:03:31:46.864910] NaClApp addr space layout:
[319045,688670464:03:31:46.864911] nap->static_text_end    = 0x0000000000050000
[319045,688670464:03:31:46.864912] nap->dynamic_text_start = 0x0000000000050000
[319045,688670464:03:31:46.864913] nap->dynamic_text_end   = 0x0000000010020000
[319045,688670464:03:31:46.864914] nap->rodata_start       = 0x0000000010020000
[319045,688670464:03:31:46.864915] nap->data_start         = 0x000000001003f8a0
[319045,688670464:03:31:46.864916] nap->data_end           = 0x0000000010040a10
[319045,688670464:03:31:46.864917] nap->break_addr         = 0x0000000010080000
[319045,688670464:03:31:46.864918] nap->initial_entry_pt   = 0x0000000000020bc0
[319045,688670464:03:31:46.864919] nap->user_entry_pt      = 0x0000000000000000
[319045,688670464:03:31:46.864920] nap->bundle_size        = 0x20
[319045,688670464:03:31:46.864921] NaClPerfCounterInterval(NaClAppLoadFile __start__:EndLoadFile): 2244 microsecs
[319045,688670464:03:31:46.864925] Loading blob file runnable-ld.so
[319045,688670464:03:31:46.864926] Enabling Fixed-Feature CPU Mode
[319045,688670464:03:31:46.864936] cage_id [nap_parent: 1] [nap_child: 2]
[319045,688670464:03:31:46.864937] NaClApp addr space layout:
[319045,688670464:03:31:46.864938] NaClApp cage id: 1 
[319045,688670464:03:31:46.864939] nap->mem_start          = 0x0000065d00000000
[319045,688670464:03:31:46.864940] nap->static_text_end    = 0x0000000000050000
[319045,688670464:03:31:46.864941] nap->dynamic_text_start = 0x0000000000050000
[319045,688670464:03:31:46.864942] nap->dynamic_text_end   = 0x0000000010020000
[319045,688670464:03:31:46.864943] nap->rodata_start       = 0x0000000010020000
[319045,688670464:03:31:46.864944] nap->data_start         = 0x000000001003f8a0
[319045,688670464:03:31:46.864945] nap->data_end           = 0x0000000010040a10
[319045,688670464:03:31:46.864946] nap->break_addr         = 0x0000000010080000
[319045,688670464:03:31:46.864948] nap->initial_entry_pt   = 0x0000000000020bc0
[319045,688670464:03:31:46.864949] nap->user_entry_pt      = 0x0000000000000000
[319045,688670464:03:31:46.864950] nap->bundle_size        = 0x20
[319045,688670464:03:31:46.864951] NaClApp addr space layout:
[319045,688670464:03:31:46.864952] NaClApp cage id: 2 
[319045,688670464:03:31:46.864956] nap->mem_start          = 0x00006a1900000000
[319045,688670464:03:31:46.864957] nap->static_text_end    = 0x0000000000050000
[319045,688670464:03:31:46.864958] nap->dynamic_text_start = 0x0000000000050000
[319045,688670464:03:31:46.864959] nap->dynamic_text_end   = 0x0000000010020000
[319045,688670464:03:31:46.864960] nap->rodata_start       = 0x0000000010020000
[319045,688670464:03:31:46.864961] nap->data_start         = 0x000000001003f8a0
[319045,688670464:03:31:46.864962] nap->data_end           = 0x0000000010040a10
[319045,688670464:03:31:46.864963] nap->break_addr         = 0x0000000010080000
[319045,688670464:03:31:46.864964] nap->initial_entry_pt   = 0x0000000000020bc0
[319045,688670464:03:31:46.864965] nap->user_entry_pt      = 0x0000000000000000
[319045,688670464:03:31:46.864966] nap->bundle_size        = 0x20
[319045,688670464:03:31:46.864972] dyncode [parent: 0x65d00050000] [child: 0x6a1900050000]
[319045,688670464:03:31:46.864974] cage_id [nap_parent: 1] [nap_child: 2]
[319045,688670464:03:31:46.864975] NaClApp addr space layout:
[319045,688670464:03:31:46.864976] NaClApp cage id: 1 
[319045,688670464:03:31:46.864977] nap->mem_start          = 0x0000065d00000000
[319045,688670464:03:31:46.864978] nap->static_text_end    = 0x0000000000050000
[319045,688670464:03:31:46.864979] nap->dynamic_text_start = 0x0000000000050000
[319045,688670464:03:31:46.864980] nap->dynamic_text_end   = 0x0000000010020000
[319045,688670464:03:31:46.864981] nap->rodata_start       = 0x0000000010020000
[319045,688670464:03:31:46.864982] nap->data_start         = 0x000000001003f8a0
[319045,688670464:03:31:46.864983] nap->data_end           = 0x0000000010040a10
[319045,688670464:03:31:46.864984] nap->break_addr         = 0x0000000010080000
[319045,688670464:03:31:46.864985] nap->initial_entry_pt   = 0x0000000000020bc0
[319045,688670464:03:31:46.864986] nap->user_entry_pt      = 0x0000000000000000
[319045,688670464:03:31:46.864987] nap->bundle_size        = 0x20
[319045,688670464:03:31:46.864988] NaClApp addr space layout:
[319045,688670464:03:31:46.864989] NaClApp cage id: 2 
[319045,688670464:03:31:46.864990] nap->mem_start          = 0x00006a1900000000
[319045,688670464:03:31:46.864991] nap->static_text_end    = 0x0000000000050000
[319045,688670464:03:31:46.864992] nap->dynamic_text_start = 0x0000000000050000
[319045,688670464:03:31:46.864993] nap->dynamic_text_end   = 0x0000000010020000
[319045,688670464:03:31:46.864994] nap->rodata_start       = 0x0000000010020000
[319045,688670464:03:31:46.864995] nap->data_start         = 0x000000001003f8a0
[319045,688670464:03:31:46.864996] nap->data_end           = 0x0000000010040a10
[319045,688670464:03:31:46.864997] nap->break_addr         = 0x0000000010080000
[319045,688670464:03:31:46.864998] nap->initial_entry_pt   = 0x0000000000020bc0
[319045,688670464:03:31:46.864999] nap->user_entry_pt      = 0x0000000000000000
[319045,688670464:03:31:46.865000] nap->bundle_size        = 0x20
[319045,688670464:03:31:46.865001] NaClVmmapUpdate(0x7ca6240678f8, 0x1000, 0x10, 0x5, 0x2, 0, 0x7ca624067e20, 0xfb0000)
[319045,688670464:03:31:46.865003] NaClVmmapAddShmid(0x7ca6240678f8, 0x1010, 0xf010, 0x0, 0x0, 0x2, 0x7ca624067e20, 0xfc0000)
[319045,688670464:03:31:46.865005] NaClVmmapAddShmid(0x7ca6240678f8, 0x1000, 0x10, 0x5, 0x5, 0x2, 0x7ca624067e20, 0xfb0000)
[319045,688670464:03:31:46.865009] copying dynamic code from (0x6a1901000000) to (0x65d01000000)
[319045,688670464:03:31:46.865045] NaClVmmapUpdate(0x7ca6240678f8, 0x1030, 0x50, 0x5, 0x2, 0, 0x7ca624067e20, 0xfe0000)
[319045,688670464:03:31:46.865048] NaClVmmapAddShmid(0x7ca6240678f8, 0x1080, 0xefa0, 0x0, 0x0, 0x2, 0x7ca624067e20, 0x1030000)
[319045,688670464:03:31:46.865049] NaClVmmapAddShmid(0x7ca6240678f8, 0x1030, 0x50, 0x5, 0x5, 0x2, 0x7ca624067e20, 0xfe0000)
[319045,688670464:03:31:46.865055] copying dynamic code from (0x6a1901030000) to (0x65d01030000)
[319045,688670464:03:31:46.865175] NaClVmmapUpdate(0x7ca6240678f8, 0x10a0, 0x20, 0x5, 0x2, 0, 0x7ca624067e20, 0x1050000)
[319045,688670464:03:31:46.865178] NaClVmmapAddShmid(0x7ca6240678f8, 0x10c0, 0xef60, 0x0, 0x0, 0x2, 0x7ca624067e20, 0x1070000)
[319045,688670464:03:31:46.865180] NaClVmmapAddShmid(0x7ca6240678f8, 0x10a0, 0x20, 0x5, 0x5, 0x2, 0x7ca624067e20, 0x1050000)
[319045,688670464:03:31:46.865183] copying dynamic code from (0x6a19010a0000) to (0x65d010a0000)
[319045,688670464:03:31:46.865231] NaClVmmapUpdate(0x7ca6240678f8, 0x10e0, 0x10, 0x5, 0x2, 0, 0x7ca624067e20, 0x1090000)
[319045,688670464:03:31:46.865233] NaClVmmapAddShmid(0x7ca6240678f8, 0x10f0, 0xef30, 0x0, 0x0, 0x2, 0x7ca624067e20, 0x10a0000)
[319045,688670464:03:31:46.865235] NaClVmmapAddShmid(0x7ca6240678f8, 0x10e0, 0x10, 0x5, 0x5, 0x2, 0x7ca624067e20, 0x1090000)
[319045,688670464:03:31:46.865237] copying dynamic code from (0x6a19010e0000) to (0x65d010e0000)
[319045,688670464:03:31:46.865262] NaClVmmapUpdate(0x7ca6240678f8, 0x1110, 0x1b0, 0x5, 0x2, 0, 0x7ca624067e20, 0x10c0000)
[319045,688670464:03:31:46.865264] NaClVmmapAddShmid(0x7ca6240678f8, 0x12c0, 0xed60, 0x0, 0x0, 0x2, 0x7ca624067e20, 0x1270000)
[319045,688670464:03:31:46.865266] NaClVmmapAddShmid(0x7ca6240678f8, 0x1110, 0x1b0, 0x5, 0x5, 0x2, 0x7ca624067e20, 0x10c0000)
[319045,688670464:03:31:46.865269] copying dynamic code from (0x6a1901110000) to (0x65d01110000)
[319045,688670464:03:31:46.865991] copying 16 page(s) at 0 [0x10000] from (0x65d00000000) to (0x6a1900000000)
[319045,688670464:03:31:46.865996] copying 64 page(s) at 16 [0x40000] from (0x65d00010000) to (0x6a1900010000)
[319045,688670464:03:31:46.866005] copying 65488 page(s) at 80 [0xffd0000] from (0x65d00050000) to (0x6a1900050000)
[319045,688670464:03:31:46.866007] copying 16 page(s) at 65568 [0x10000] from (0x65d10020000) to (0x6a1910020000)
[319045,688670464:03:31:46.866014] copying 80 page(s) at 65584 [0x50000] from (0x65d10030000) to (0x6a1910030000)
[319045,688670464:03:31:46.866017] copying 16 page(s) at 69632 [0x10000] from (0x65d11000000) to (0x6a1911000000)
[319045,688670464:03:31:46.866021] copying 16 page(s) at 69648 [0x10000] from (0x65d11010000) to (0x6a1911010000)
[319045,688670464:03:31:46.866023] copying 16 page(s) at 69664 [0x10000] from (0x65d11020000) to (0x6a1911020000)
[319045,688670464:03:31:46.866025] copying 64 page(s) at 69680 [0x40000] from (0x65d11030000) to (0x6a1911030000)
[319045,688670464:03:31:46.866027] copying 32 page(s) at 69744 [0x20000] from (0x65d11070000) to (0x6a1911070000)
[319045,688670464:03:31:46.866030] copying 16 page(s) at 69776 [0x10000] from (0x65d11090000) to (0x6a1911090000)
[319045,688670464:03:31:46.866032] copying 16 page(s) at 69792 [0x10000] from (0x65d110a0000) to (0x6a19110a0000)
[319045,688670464:03:31:46.866034] copying 32 page(s) at 69808 [0x20000] from (0x65d110b0000) to (0x6a19110b0000)
[319045,688670464:03:31:46.866036] copying 16 page(s) at 69840 [0x10000] from (0x65d110d0000) to (0x6a19110d0000)
[319045,688670464:03:31:46.866038] copying 16 page(s) at 69856 [0x10000] from (0x65d110e0000) to (0x6a19110e0000)
[319045,688670464:03:31:46.866040] copying 16 page(s) at 69872 [0x10000] from (0x65d110f0000) to (0x6a19110f0000)
[319045,688670464:03:31:46.866042] copying 16 page(s) at 69888 [0x10000] from (0x65d11100000) to (0x6a1911100000)
[319045,688670464:03:31:46.866044] copying 96 page(s) at 69904 [0x60000] from (0x65d11110000) to (0x6a1911110000)
[319045,688670464:03:31:46.866046] copying 32 page(s) at 70000 [0x20000] from (0x65d11170000) to (0x6a1911170000)
[319045,688670464:03:31:46.866048] copying 16 page(s) at 70032 [0x10000] from (0x65d11190000) to (0x6a1911190000)
[319045,688670464:03:31:46.866050] copying 4096 page(s) at 1044480 [0x1000000] from (0x65dff000000) to (0x6a19ff000000)
[319045,688670464:03:31:46.866803] NaClVmmapUpdate(0x7ca6240678f8, 0x0, 0x10, 0x0, 0x2, 0, 0x0, 0x0)
[319045,688670464:03:31:46.866808] NaClVmmapAddShmid(0x7ca6240678f8, 0x0, 0x10, 0x0, 0x0, 0x2, 0x0, 0x0)
[319045,688670464:03:31:46.866810] NaClVmmapUpdate(0x7ca6240678f8, 0x10, 0x40, 0x5, 0x2, 0, 0x0, 0x0)
[319045,688670464:03:31:46.866812] NaClVmmapAddShmid(0x7ca6240678f8, 0x10, 0x40, 0x5, 0x5, 0x2, 0x0, 0x0)
[319045,688670464:03:31:46.866815] NaClVmmapUpdate(0x7ca6240678f8, 0x50, 0xffd0, 0x0, 0x2, 0, 0x5bf4123f6410, 0x0)
[319045,688670464:03:31:46.866818] NaClVmmapAddShmid(0x7ca6240678f8, 0x50, 0xffd0, 0x0, 0x0, 0x2, 0x5bf4123f6410, 0x0)
[319045,688670464:03:31:46.866820] NaClVmmapUpdate(0x7ca6240678f8, 0x10020, 0x10, 0x1, 0x2, 0, 0x0, 0x0)
[319045,688670464:03:31:46.866822] NaClVmmapAddShmid(0x7ca6240678f8, 0x10020, 0x10, 0x1, 0x1, 0x2, 0x0, 0x0)
[319045,688670464:03:31:46.866830] NaClVmmapUpdate(0x7ca6240678f8, 0x10030, 0x50, 0x3, 0x2, 0, 0x0, 0x0)
[319045,688670464:03:31:46.866832] NaClVmmapAddShmid(0x7ca6240678f8, 0x10030, 0x50, 0x3, 0x3, 0x2, 0x0, 0x0)
[319045,688670464:03:31:46.866834] NaClVmmapUpdate(0x7ca6240678f8, 0x11000, 0x10, 0x1, 0x12, 0, 0x0, 0x20000)
[319045,688670464:03:31:46.866835] NaClVmmapAddShmid(0x7ca6240678f8, 0x11000, 0x10, 0x1, 0x0, 0x12, 0x0, 0x20000)
[319045,688670464:03:31:46.866842] NaClVmmapUpdate(0x7ca6240678f8, 0x11010, 0x10, 0x3, 0x12, 0, 0x0, 0x20000)
[319045,688670464:03:31:46.866843] NaClVmmapAddShmid(0x7ca6240678f8, 0x11010, 0x10, 0x3, 0x0, 0x12, 0x0, 0x20000)
[319045,688670464:03:31:46.866845] NaClVmmapUpdate(0x7ca6240678f8, 0x11020, 0x10, 0x3, 0x32, 0, 0x0, 0xffffffffffffffff)
[319045,688670464:03:31:46.866846] NaClVmmapAddShmid(0x7ca6240678f8, 0x11020, 0x10, 0x3, 0x3, 0x32, 0x0, 0xffffffffffffffff)
[319045,688670464:03:31:46.866848] NaClVmmapUpdate(0x7ca6240678f8, 0x11030, 0x40, 0x1, 0x12, 0, 0x0, 0x60000)
[319045,688670464:03:31:46.866850] NaClVmmapAddShmid(0x7ca6240678f8, 0x11030, 0x40, 0x1, 0x0, 0x12, 0x0, 0x60000)
[319045,688670464:03:31:46.866854] NaClVmmapUpdate(0x7ca6240678f8, 0x11070, 0x20, 0x3, 0x12, 0, 0x0, 0x90000)
[319045,688670464:03:31:46.866856] NaClVmmapAddShmid(0x7ca6240678f8, 0x11070, 0x20, 0x3, 0x0, 0x12, 0x0, 0x90000)
[319045,688670464:03:31:46.866858] NaClVmmapUpdate(0x7ca6240678f8, 0x11090, 0x10, 0x3, 0x32, 0, 0x0, 0xffffffffffffffff)
[319045,688670464:03:31:46.866859] NaClVmmapAddShmid(0x7ca6240678f8, 0x11090, 0x10, 0x3, 0x3, 0x32, 0x0, 0xffffffffffffffff)
[319045,688670464:03:31:46.866861] NaClVmmapUpdate(0x7ca6240678f8, 0x110a0, 0x10, 0x1, 0x12, 0, 0x0, 0x30000)
[319045,688670464:03:31:46.866862] NaClVmmapAddShmid(0x7ca6240678f8, 0x110a0, 0x10, 0x1, 0x0, 0x12, 0x0, 0x30000)
[319045,688670464:03:31:46.866867] NaClVmmapUpdate(0x7ca6240678f8, 0x110b0, 0x20, 0x3, 0x12, 0, 0x0, 0x30000)
[319045,688670464:03:31:46.866868] NaClVmmapAddShmid(0x7ca6240678f8, 0x110b0, 0x20, 0x3, 0x0, 0x12, 0x0, 0x30000)
[319045,688670464:03:31:46.866870] NaClVmmapUpdate(0x7ca6240678f8, 0x110d0, 0x10, 0x3, 0x32, 0, 0x0, 0xffffffffffffffff)
[319045,688670464:03:31:46.866872] NaClVmmapAddShmid(0x7ca6240678f8, 0x110d0, 0x10, 0x3, 0x3, 0x32, 0x0, 0xffffffffffffffff)
[319045,688670464:03:31:46.866873] NaClVmmapUpdate(0x7ca6240678f8, 0x110e0, 0x10, 0x1, 0x12, 0, 0x0, 0x20000)
[319045,688670464:03:31:46.866875] NaClVmmapAddShmid(0x7ca6240678f8, 0x110e0, 0x10, 0x1, 0x0, 0x12, 0x0, 0x20000)
[319045,688670464:03:31:46.866879] NaClVmmapUpdate(0x7ca6240678f8, 0x110f0, 0x10, 0x3, 0x12, 0, 0x0, 0x20000)
[319045,688670464:03:31:46.866881] NaClVmmapAddShmid(0x7ca6240678f8, 0x110f0, 0x10, 0x3, 0x0, 0x12, 0x0, 0x20000)
[319045,688670464:03:31:46.866883] NaClVmmapUpdate(0x7ca6240678f8, 0x11100, 0x10, 0x3, 0x32, 0, 0x0, 0xffffffffffffffff)
[319045,688670464:03:31:46.866885] NaClVmmapAddShmid(0x7ca6240678f8, 0x11100, 0x10, 0x3, 0x3, 0x32, 0x0, 0xffffffffffffffff)
[319045,688670464:03:31:46.866886] NaClVmmapUpdate(0x7ca6240678f8, 0x11110, 0x60, 0x1, 0x12, 0, 0x0, 0x1c0000)
[319045,688670464:03:31:46.866888] NaClVmmapAddShmid(0x7ca6240678f8, 0x11110, 0x60, 0x1, 0x0, 0x12, 0x0, 0x1c0000)
[319045,688670464:03:31:46.866895] NaClVmmapUpdate(0x7ca6240678f8, 0x11170, 0x20, 0x3, 0x12, 0, 0x0, 0x210000)
[319045,688670464:03:31:46.866897] NaClVmmapAddShmid(0x7ca6240678f8, 0x11170, 0x20, 0x3, 0x0, 0x12, 0x0, 0x210000)
[319045,688670464:03:31:46.866898] NaClVmmapUpdate(0x7ca6240678f8, 0x11190, 0x10, 0x3, 0x32, 0, 0x0, 0xffffffffffffffff)
[319045,688670464:03:31:46.866900] NaClVmmapAddShmid(0x7ca6240678f8, 0x11190, 0x10, 0x3, 0x3, 0x32, 0x0, 0xffffffffffffffff)
[319045,688670464:03:31:46.866902] NaClVmmapUpdate(0x7ca6240678f8, 0xff000, 0x1000, 0x3, 0x2, 0, 0x0, 0x0)
[319045,688670464:03:31:46.866904] NaClVmmapAddShmid(0x7ca6240678f8, 0xff000, 0x1000, 0x3, 0x3, 0x2, 0x0, 0x0)
[319045,688670464:03:31:46.866905] copied page tables from (0x5bf411c0beb0) to (0x7ca6240675d0)
[319045,688670464:03:31:46.866906] nap_parent_parent address space after copy:
[319045,688670464:03:31:46.866908] NaClApp addr space layout:
[319045,688670464:03:31:46.866909] NaClApp cage id: 1 
[319045,688670464:03:31:46.866910] nap->mem_start          = 0x0000065d00000000
[319045,688670464:03:31:46.866911] nap->static_text_end    = 0x0000000000050000
[319045,688670464:03:31:46.866912] nap->dynamic_text_start = 0x0000000000050000
[319045,688670464:03:31:46.866913] nap->dynamic_text_end   = 0x0000000010020000
[319045,688670464:03:31:46.866914] nap->rodata_start       = 0x0000000010020000
[319045,688670464:03:31:46.866916] nap->data_start         = 0x000000001003f8a0
[319045,688670464:03:31:46.866917] nap->data_end           = 0x0000000010040a10
[319045,688670464:03:31:46.866918] nap->break_addr         = 0x0000000010080000
[319045,688670464:03:31:46.866919] nap->initial_entry_pt   = 0x0000000000020bc0
[319045,688670464:03:31:46.866920] nap->user_entry_pt      = 0x0000000000000000
[319045,688670464:03:31:46.866921] nap->bundle_size        = 0x20
[319045,688670464:03:31:46.866922] nap_child address space after copy:
[319045,688670464:03:31:46.866923] NaClApp addr space layout:
[319045,688670464:03:31:46.866924] NaClApp cage id: 2 
[319045,688670464:03:31:46.866925] nap->mem_start          = 0x00006a1900000000
[319045,688670464:03:31:46.866926] nap->static_text_end    = 0x0000000000050000
[319045,688670464:03:31:46.866927] nap->dynamic_text_start = 0x0000000000050000
[319045,688670464:03:31:46.866928] nap->dynamic_text_end   = 0x0000000010020000
[319045,688670464:03:31:46.866930] nap->rodata_start       = 0x0000000010020000
[319045,688670464:03:31:46.866931] nap->data_start         = 0x000000001003f8a0
[319045,688670464:03:31:46.866932] nap->data_end           = 0x0000000010040a10
[319045,688670464:03:31:46.866933] nap->break_addr         = 0x0000000010080000
[319045,688670464:03:31:46.866934] nap->initial_entry_pt   = 0x0000000000020bc0
[319045,688670464:03:31:46.866936] nap->user_entry_pt      = 0x0000000000000000
[319045,688670464:03:31:46.866937] nap->bundle_size        = 0x20
[319045,688670464:03:31:46.866938] NaClVmmapUpdate(0x7ca6240678f8, 0x0, 0x10, 0x0, 0x2, 0, 0x0, 0x0)
[319045,688670464:03:31:46.866940] NaClVmmapAddShmid(0x7ca6240678f8, 0x0, 0x10, 0x0, 0x0, 0x2, 0x0, 0x0)
[319045,688670464:03:31:46.866942] Trampoline/text region start 0x6a1900010000, size 0x00040000, end 0x6a1900050000
[319045,688670464:03:31:46.866949] NaClVmmapUpdate(0x7ca6240678f8, 0x10, 0x40, 0x3, 0x22, 0, 0x0, 0x0)
[319045,688670464:03:31:46.866952] NaClVmmapAddShmid(0x7ca6240678f8, 0x10, 0x40, 0x3, 0x3, 0x22, 0x0, 0x0)
[319045,688670464:03:31:46.866966] NaClVmmapCheckExistingMapping(0x7ca6240678f8, 0x10, 0x40, 0x3)
[319045,688670464:03:31:46.866969] NaClVmmapChangeProt(0x7ca6240678f8, 0x10, 0x40, 0x3)
[319045,688670464:03:31:46.866970] NaClVmmapCheckExistingMapping(0x5bf411c0c1d8, 0x10, 0x40, 0x3)
[319045,688670464:03:31:46.866983] Initializing arch switcher
[319045,688670464:03:31:46.866985] Installing trampoline
[319045,688670464:03:31:46.866986] Entered NaClMakeDispatchAddrs
[319045,688670464:03:31:46.866987] NaClPageAllocRandomized: 0xd2540f72
[319045,688670464:03:31:46.866989] NaClPageAllocRandomized: hint 0x52540f720000
[319045,688670464:03:31:46.866992] NaClMakeDispatchAddrs: got addr 0x52540f720000
[319045,688670464:03:31:46.867018] num_syscalls = 2047 (0x7ff)
[319045,688670464:03:31:46.867132] Installing springboard
[319045,688670464:03:31:46.867201] Applying memory protection
[319045,688670464:03:31:46.867202] Protecting guard pages for 0x6a1900000000
[319045,688670464:03:31:46.867204] NaClVmmapUpdate(0x7ca6240678f8, 0x0, 0x10, 0x0, 0x2, 0, 0x0, 0x0)
[319045,688670464:03:31:46.867205] NaClVmmapAddShmid(0x7ca6240678f8, 0x0, 0x10, 0x0, 0x0, 0x2, 0x0, 0x0)
[319045,688670464:03:31:46.867206] Trampoline/text region start 0x6a1900010000, size 0x00040000, end 0x6a1900050000
[319045,688670464:03:31:46.867209] NaClVmmapUpdate(0x7ca6240678f8, 0x10, 0x40, 0x5, 0x2, 0, 0x0, 0x0)
[319045,688670464:03:31:46.867211] NaClVmmapAddShmid(0x7ca6240678f8, 0x10, 0x40, 0x5, 0x5, 0x2, 0x0, 0x0)
[319045,688670464:03:31:46.867213] shm txt region start 0x6a1900050000, size 0x0ffd0000, end 0x6a1910020000
[319045,688670464:03:31:46.867214] NaClVmmapUpdate(0x7ca6240678f8, 0x50, 0xffd0, 0x0, 0x2, 0, 0x7ca624067e20, 0x0)
[319045,688670464:03:31:46.867216] NaClVmmapAddShmid(0x7ca6240678f8, 0x50, 0xffd0, 0x0, 0x0, 0x2, 0x7ca624067e20, 0x0)
[319045,688670464:03:31:46.867217] RO data region start 0x6a1910020000, size 0x00010000, end 0x6a1910030000
[319045,688670464:03:31:46.867219] NaClVmmapUpdate(0x7ca6240678f8, 0x10020, 0x10, 0x1, 0x2, 0, 0x0, 0x0)
[319045,688670464:03:31:46.867221] NaClVmmapAddShmid(0x7ca6240678f8, 0x10020, 0x10, 0x1, 0x1, 0x2, 0x0, 0x0)
[319045,688670464:03:31:46.867222] RW data region start 0x6a1910030000, size 0x00020000, end 0x6a1910050000
[319045,688670464:03:31:46.867224] NaClVmmapUpdate(0x7ca6240678f8, 0x10030, 0x20, 0x3, 0x2, 0, 0x0, 0x0)
[319045,688670464:03:31:46.867225] NaClVmmapAddShmid(0x7ca6240678f8, 0x10030, 0x20, 0x3, 0x3, 0x2, 0x0, 0x0)
[319045,688670464:03:31:46.867226] RW stack region start 0x6a19ff000000, size 0x01000000, end 0x6a1a00000000
[319045,688670464:03:31:46.867228] NaClVmmapUpdate(0x7ca6240678f8, 0xff000, 0x1000, 0x3, 0x2, 0, 0x0, 0x0)
[319045,688670464:03:31:46.867230] NaClVmmapAddShmid(0x7ca6240678f8, 0xff000, 0x1000, 0x3, 0x3, 0x2, 0x0, 0x0)
[319045,688670464:03:31:46.867231] NaClVmmapCheckExistingMapping(0x7ca6240678f8, 0x10, 0x40, 0x5)
[319045,688670464:03:31:46.867233] NaClVmmapChangeProt(0x7ca6240678f8, 0x10, 0x40, 0x5)
[319045,688670464:03:31:46.867234] NaClVmmapCheckExistingMapping(0x5bf411c0c1d8, 0x10, 0x40, 0x5)
[319045,688670464:03:31:46.867235] NaClVmmapChangeProt(0x5bf411c0c1d8, 0x10, 0x40, 0x5)
[319045,688670464:03:31:46.867238] child cage_id: [2], parent cage id: [1]
[319045,688670464:03:31:46.867240] Thread context of child before copy
[319045,688670464:03:31:46.867241] [Thread Context] cage id           = 2 
[319045,688670464:03:31:46.867242] [Thread Context] sysret            = 0xffffffffffffffea 
[319045,688670464:03:31:46.867243] [Thread Context] prog_ctr (%rip)  = 0x6a1900020bc0 
[319045,688670464:03:31:46.867244] [Thread Context] new_prog_ctr      = (nil) 
[319045,688670464:03:31:46.867245] [Thread Context] trusted_stack_ptr = (nil) 
[319045,688670464:03:31:46.867247] [Thread Context] registers:
	%tls_idx (0x2), %tls_value1 (0x10043100), %tls_value2 (0),
	%rax (0), %rbx (0), %rcx (0), %rdx (0),
	%rbp (0x6a19ffff0000), %rsi (0), %rdi (0), %rsp (0x6a19ffff0000),
	%r8 (0), %r9 (0), %r10 (0), %r11 (0),
	%r12 (0), %r13 (0), %r14 (0), %r15 (0x6a1900000000),
	%fcw (0x37f), %sys_fcw (0x37f), %mxcsr (0x1f80), %sys_mxcsr (0x1fa0),
[319045,688670464:03:31:46.867250] Thread context of child after copy
[319045,688670464:03:31:46.867251] [Thread Context] cage id           = 2 
[319045,688670464:03:31:46.867252] [Thread Context] sysret            = 0x10080000 
[319045,688670464:03:31:46.867253] [Thread Context] prog_ctr (%rip)  = 0x65d00020bc0 
[319045,688670464:03:31:46.867254] [Thread Context] new_prog_ctr      = 0x65d011ff5e0 
[319045,688670464:03:31:46.867255] [Thread Context] trusted_stack_ptr = 0x7ca6290c3ce0 
[319045,688670464:03:31:46.867256] [Thread Context] registers:
	%tls_idx (0x1), %tls_value1 (0x10043100), %tls_value2 (0),
	%rax (0), %rbx (0x1), %rcx (0), %rdx (0),
	%rbp (0x65dfffeff50), %rsi (0), %rdi (0), %rsp (0x65dfffefd30),
	%r8 (0), %r9 (0), %r10 (0), %r11 (0),
	%r12 (0xfffefe50), %r13 (0x1e8480), %r14 (0), %r15 (0x65d00000000),
	%fcw (0x37f), %sys_fcw (0x37f), %mxcsr (0x1fa0), %sys_mxcsr (0x1fa0),
[319045,688670464:03:31:46.867260] child_stack[0]:
[319045,688670464:03:31:46.867261] [Memory] Memory addr:                   0x6a19ffff0000
[319045,688670464:03:31:46.867262] [Memory] Memory content (byte-swapped): 0x0000000000000000
[319045,688670464:03:31:46.867263] [Memory] Memory content (raw):          0x0000000000000000
[319045,688670464:03:31:46.867264] parent_stack[0]:
[319045,688670464:03:31:46.867265] [Memory] Memory addr:                   0x65dffff0000
[319045,688670464:03:31:46.867266] [Memory] Memory content (byte-swapped): 0x0000000000000000
[319045,688670464:03:31:46.867267] [Memory] Memory content (raw):          0x0000000000000000
[319045,688670464:03:31:46.867268] child_stack[1]:
[319045,688670464:03:31:46.867269] [Memory] Memory addr:                   0x6a19ffff0008
[319045,688670464:03:31:46.867270] [Memory] Memory content (byte-swapped): 0x0000000000000000
[319045,688670464:03:31:46.867271] [Memory] Memory content (raw):          0x0000000000000000
[319045,688670464:03:31:46.867272] parent_stack[1]:
[319045,688670464:03:31:46.867273] [Memory] Memory addr:                   0x65dffff0008
[319045,688670464:03:31:46.867274] [Memory] Memory content (byte-swapped): 0x0000000000000000
[319045,688670464:03:31:46.867275] [Memory] Memory content (raw):          0x0000000000000000
[319045,688670464:03:31:46.867276] child_stack[2]:
[319045,688670464:03:31:46.867277] [Memory] Memory addr:                   0x6a19ffff0010
[319045,688670464:03:31:46.867278] [Memory] Memory content (byte-swapped): 0x0000000000000000
[319045,688670464:03:31:46.867279] [Memory] Memory content (raw):          0x0000000000000000
[319045,688670464:03:31:46.867280] parent_stack[2]:
[319045,688670464:03:31:46.867281] [Memory] Memory addr:                   0x65dffff0010
[319045,688670464:03:31:46.867282] [Memory] Memory content (byte-swapped): 0x0000000000000000
[319045,688670464:03:31:46.867283] [Memory] Memory content (raw):          0x0000000000000000
[319045,688670464:03:31:46.867284] child_stack[3]:
[319045,688670464:03:31:46.867285] [Memory] Memory addr:                   0x6a19ffff0018
[319045,688670464:03:31:46.867286] [Memory] Memory content (byte-swapped): 0x0000000000000000
[319045,688670464:03:31:46.867287] [Memory] Memory content (raw):          0x0000000000000000
[319045,688670464:03:31:46.867298] parent_stack[3]:
[319045,688670464:03:31:46.867300] [Memory] Memory addr:                   0x65dffff0018
[319045,688670464:03:31:46.867301] [Memory] Memory content (byte-swapped): 0x0000000000000000
[319045,688670464:03:31:46.867302] [Memory] Memory content (raw):          0x0000000000000000
[319045,688670464:03:31:46.867303] child_stack[4]:
[319045,688670464:03:31:46.867304] [Memory] Memory addr:                   0x6a19ffff0020
[319045,688670464:03:31:46.867305] [Memory] Memory content (byte-swapped): 0x0000000000000000
[319045,688670464:03:31:46.867306] [Memory] Memory content (raw):          0x0000000000000000
[319045,688670464:03:31:46.867307] parent_stack[4]:
[319045,688670464:03:31:46.867308] [Memory] Memory addr:                   0x65dffff0020
[319045,688670464:03:31:46.867309] [Memory] Memory content (byte-swapped): 0x0000000000000000
[319045,688670464:03:31:46.867310] [Memory] Memory content (raw):          0x0000000000000000
[319045,688670464:03:31:46.867311] child_stack[5]:
[319045,688670464:03:31:46.867312] [Memory] Memory addr:                   0x6a19ffff0028
[319045,688670464:03:31:46.867313] [Memory] Memory content (byte-swapped): 0x0000000000000000
[319045,688670464:03:31:46.867314] [Memory] Memory content (raw):          0x0000000000000000
[319045,688670464:03:31:46.867315] parent_stack[5]:
[319045,688670464:03:31:46.867315] [Memory] Memory addr:                   0x65dffff0028
[319045,688670464:03:31:46.867317] [Memory] Memory content (byte-swapped): 0x0000000000000000
[319045,688670464:03:31:46.867317] [Memory] Memory content (raw):          0x0000000000000000
[319045,688670464:03:31:46.867318] child_stack[6]:
[319045,688670464:03:31:46.867319] [Memory] Memory addr:                   0x6a19ffff0030
[319045,688670464:03:31:46.867320] [Memory] Memory content (byte-swapped): 0x0000000000000000
[319045,688670464:03:31:46.867321] [Memory] Memory content (raw):          0x0000000000000000
[319045,688670464:03:31:46.867322] parent_stack[6]:
[319045,688670464:03:31:46.867323] [Memory] Memory addr:                   0x65dffff0030
[319045,688670464:03:31:46.867324] [Memory] Memory content (byte-swapped): 0x0000000000000000
[319045,688670464:03:31:46.867325] [Memory] Memory content (raw):          0x0000000000000000
[319045,688670464:03:31:46.867326] child_stack[7]:
[319045,688670464:03:31:46.867327] [Memory] Memory addr:                   0x6a19ffff0038
[319045,688670464:03:31:46.867328] [Memory] Memory content (byte-swapped): 0x0000000000000000
[319045,688670464:03:31:46.867329] [Memory] Memory content (raw):          0x0000000000000000
[319045,688670464:03:31:46.867330] parent_stack[7]:
[319045,688670464:03:31:46.867331] [Memory] Memory addr:                   0x65dffff0038
[319045,688670464:03:31:46.867332] [Memory] Memory content (byte-swapped): 0x0000000000000000
[319045,688670464:03:31:46.867333] [Memory] Memory content (raw):          0x0000000000000000
[319045,688670464:03:31:46.867334] child_stack[8]:
[319045,688670464:03:31:46.867335] [Memory] Memory addr:                   0x6a19ffff0040
[319045,688670464:03:31:46.867336] [Memory] Memory content (byte-swapped): 0x0000000000000000
[319045,688670464:03:31:46.867337] [Memory] Memory content (raw):          0x0000000000000000
[319045,688670464:03:31:46.867338] parent_stack[8]:
[319045,688670464:03:31:46.867339] [Memory] Memory addr:                   0x65dffff0040
[319045,688670464:03:31:46.867340] [Memory] Memory content (byte-swapped): 0x0000000000000000
[319045,688670464:03:31:46.867341] [Memory] Memory content (raw):          0x0000000000000000
[319045,688670464:03:31:46.867342] child_stack[9]:
[319045,688670464:03:31:46.867343] [Memory] Memory addr:                   0x6a19ffff0048
[319045,688670464:03:31:46.867344] [Memory] Memory content (byte-swapped): 0x0000000000000000
[319045,688670464:03:31:46.867345] [Memory] Memory content (raw):          0x0000000000000000
[319045,688670464:03:31:46.867346] parent_stack[9]:
[319045,688670464:03:31:46.867347] [Memory] Memory addr:                   0x65dffff0048
[319045,688670464:03:31:46.867348] [Memory] Memory content (byte-swapped): 0x0000000000000000
[319045,688670464:03:31:46.867349] [Memory] Memory content (raw):          0x0000000000000000
[319045,688670464:03:31:46.867350] child_stack[10]:
[319045,688670464:03:31:46.867351] [Memory] Memory addr:                   0x6a19ffff0050
[319045,688670464:03:31:46.867352] [Memory] Memory content (byte-swapped): 0x0000000000000000
[319045,688670464:03:31:46.867353] [Memory] Memory content (raw):          0x0000000000000000
[319045,688670464:03:31:46.867354] parent_stack[10]:
[319045,688670464:03:31:46.867355] [Memory] Memory addr:                   0x65dffff0050
[319045,688670464:03:31:46.867356] [Memory] Memory content (byte-swapped): 0x0000000000000000
[319045,688670464:03:31:46.867357] [Memory] Memory content (raw):          0x0000000000000000
[319045,688670464:03:31:46.867359] child_stack[11]:
[319045,688670464:03:31:46.867359] [Memory] Memory addr:                   0x6a19ffff0058
[319045,688670464:03:31:46.867361] [Memory] Memory content (byte-swapped): 0x0000000000000000
[319045,688670464:03:31:46.867362] [Memory] Memory content (raw):          0x0000000000000000
[319045,688670464:03:31:46.867363] parent_stack[11]:
[319045,688670464:03:31:46.867364] [Memory] Memory addr:                   0x65dffff0058
[319045,688670464:03:31:46.867365] [Memory] Memory content (byte-swapped): 0x0000000000000000
[319045,688670464:03:31:46.867366] [Memory] Memory content (raw):          0x0000000000000000
[319045,688670464:03:31:46.867367] child_stack[12]:
[319045,688670464:03:31:46.867368] [Memory] Memory addr:                   0x6a19ffff0060
[319045,688670464:03:31:46.867369] [Memory] Memory content (byte-swapped): 0x0000000000000000
[319045,688670464:03:31:46.867370] [Memory] Memory content (raw):          0x0000000000000000
[319045,688670464:03:31:46.867371] parent_stack[12]:
[319045,688670464:03:31:46.867372] [Memory] Memory addr:                   0x65dffff0060
[319045,688670464:03:31:46.867373] [Memory] Memory content (byte-swapped): 0x0000000000000000
[319045,688670464:03:31:46.867375] [Memory] Memory content (raw):          0x0000000000000000
[319045,688670464:03:31:46.867376] child_stack[13]:
[319045,688670464:03:31:46.867377] [Memory] Memory addr:                   0x6a19ffff0068
[319045,688670464:03:31:46.867378] [Memory] Memory content (byte-swapped): 0x0000000000000000
[319045,688670464:03:31:46.867379] [Memory] Memory content (raw):          0x0000000000000000
[319045,688670464:03:31:46.867380] parent_stack[13]:
[319045,688670464:03:31:46.867381] [Memory] Memory addr:                   0x65dffff0068
[319045,688670464:03:31:46.867382] [Memory] Memory content (byte-swapped): 0x0000000000000000
[319045,688670464:03:31:46.867383] [Memory] Memory content (raw):          0x0000000000000000
[319045,688670464:03:31:46.867384] child_stack[14]:
[319045,688670464:03:31:46.867385] [Memory] Memory addr:                   0x6a19ffff0070
[319045,688670464:03:31:46.867386] [Memory] Memory content (byte-swapped): 0x0000000000000000
[319045,688670464:03:31:46.867387] [Memory] Memory content (raw):          0x0000000000000000
[319045,688670464:03:31:46.867388] parent_stack[14]:
[319045,688670464:03:31:46.867389] [Memory] Memory addr:                   0x65dffff0070
[319045,688670464:03:31:46.867390] [Memory] Memory content (byte-swapped): 0x0000000000000000
[319045,688670464:03:31:46.867391] [Memory] Memory content (raw):          0x0000000000000000
[319045,688670464:03:31:46.867392] child_stack[15]:
[319045,688670464:03:31:46.867393] [Memory] Memory addr:                   0x6a19ffff0078
[319045,688670464:03:31:46.867394] [Memory] Memory content (byte-swapped): 0x0000000000000000
[319045,688670464:03:31:46.867395] [Memory] Memory content (raw):          0x0000000000000000
[319045,688670464:03:31:46.867397] parent_stack[15]:
[319045,688670464:03:31:46.867397] [Memory] Memory addr:                   0x65dffff0078
[319045,688670464:03:31:46.867398] [Memory] Memory content (byte-swapped): 0x0000000000000000
[319045,688670464:03:31:46.867400] [Memory] Memory content (raw):          0x0000000000000000
[319045,688670464:03:31:46.867401] child_rsp[0]:
[319045,688670464:03:31:46.867402] [Memory] Memory addr:                   0x6a19fffefd30
[319045,688670464:03:31:46.867403] [Memory] Memory content (byte-swapped): 0x0000000000000001
[319045,688670464:03:31:46.867404] [Memory] Memory content (raw):          0x0000000000000001
[319045,688670464:03:31:46.867406] parent_rsp[0]:
[319045,688670464:03:31:46.867407] [Memory] Memory addr:                   0x65dfffefd30
[319045,688670464:03:31:46.867408] [Memory] Memory content (byte-swapped): 0x0000000000000001
[319045,688670464:03:31:46.867409] [Memory] Memory content (raw):          0x0000000000000001
[319045,688670464:03:31:46.867410] child_rsp[1]:
[319045,688670464:03:31:46.867411] [Memory] Memory addr:                   0x6a19fffefd38
[319045,688670464:03:31:46.867412] [Memory] Memory content (byte-swapped): 0x0000065d01007900
[319045,688670464:03:31:46.867413] [Memory] Memory content (raw):          0x0000065d01007900
[319045,688670464:03:31:46.867414] parent_rsp[1]:
[319045,688670464:03:31:46.867415] [Memory] Memory addr:                   0x65dfffefd38
[319045,688670464:03:31:46.867416] [Memory] Memory content (byte-swapped): 0x0000065d01007900
[319045,688670464:03:31:46.867417] [Memory] Memory content (raw):          0x0000065d01007900
[319045,688670464:03:31:46.867419] child_rsp[2]:
[319045,688670464:03:31:46.867420] [Memory] Memory addr:                   0x6a19fffefd40
[319045,688670464:03:31:46.867421] [Memory] Memory content (byte-swapped): 0x0000000000000000
[319045,688670464:03:31:46.867422] [Memory] Memory content (raw):          0x0000000000000000
[319045,688670464:03:31:46.867423] parent_rsp[2]:
[319045,688670464:03:31:46.867424] [Memory] Memory addr:                   0x65dfffefd40
[319045,688670464:03:31:46.867425] [Memory] Memory content (byte-swapped): 0x0000000000000000
[319045,688670464:03:31:46.867426] [Memory] Memory content (raw):          0x0000000000000000
[319045,688670464:03:31:46.867427] child_rsp[3]:
[319045,688670464:03:31:46.867429] [Memory] Memory addr:                   0x6a19fffefd48
[319045,688670464:03:31:46.867430] [Memory] Memory content (byte-swapped): 0x0000000000000000
[319045,688670464:03:31:46.867431] [Memory] Memory content (raw):          0x0000000000000000
[319045,688670464:03:31:46.867432] parent_rsp[3]:
[319045,688670464:03:31:46.867433] [Memory] Memory addr:                   0x65dfffefd48
[319045,688670464:03:31:46.867434] [Memory] Memory content (byte-swapped): 0x0000000000000000
[319045,688670464:03:31:46.867435] [Memory] Memory content (raw):          0x0000000000000000
[319045,688670464:03:31:46.867436] child_rsp[4]:
[319045,688670464:03:31:46.867437] [Memory] Memory addr:                   0x6a19fffefd50
[319045,688670464:03:31:46.867438] [Memory] Memory content (byte-swapped): 0x0000000000000000
[319045,688670464:03:31:46.867439] [Memory] Memory content (raw):          0x0000000000000000
[319045,688670464:03:31:46.867440] parent_rsp[4]:
[319045,688670464:03:31:46.867441] [Memory] Memory addr:                   0x65dfffefd50
[319045,688670464:03:31:46.867442] [Memory] Memory content (byte-swapped): 0x0000000000000000
[319045,688670464:03:31:46.867443] [Memory] Memory content (raw):          0x0000000000000000
[319045,688670464:03:31:46.867444] child_rsp[5]:
[319045,688670464:03:31:46.867445] [Memory] Memory addr:                   0x6a19fffefd58
[319045,688670464:03:31:46.867446] [Memory] Memory content (byte-swapped): 0x0000000000000000
[319045,688670464:03:31:46.867448] [Memory] Memory content (raw):          0x0000000000000000
[319045,688670464:03:31:46.867449] parent_rsp[5]:
[319045,688670464:03:31:46.867450] [Memory] Memory addr:                   0x65dfffefd58
[319045,688670464:03:31:46.867451] [Memory] Memory content (byte-swapped): 0x0000000000000000
[319045,688670464:03:31:46.867452] [Memory] Memory content (raw):          0x0000000000000000
[319045,688670464:03:31:46.867453] child_rsp[6]:
[319045,688670464:03:31:46.867454] [Memory] Memory addr:                   0x6a19fffefd60
[319045,688670464:03:31:46.867455] [Memory] Memory content (byte-swapped): 0x0000000000000000
[319045,688670464:03:31:46.867456] [Memory] Memory content (raw):          0x0000000000000000
[319045,688670464:03:31:46.867457] parent_rsp[6]:
[319045,688670464:03:31:46.867458] [Memory] Memory addr:                   0x65dfffefd60
[319045,688670464:03:31:46.867459] [Memory] Memory content (byte-swapped): 0x0000000000000000
[319045,688670464:03:31:46.867460] [Memory] Memory content (raw):          0x0000000000000000
[319045,688670464:03:31:46.867461] child_rsp[7]:
[319045,688670464:03:31:46.867462] [Memory] Memory addr:                   0x6a19fffefd68
[319045,688670464:03:31:46.867463] [Memory] Memory content (byte-swapped): 0x0000000000000000
[319045,688670464:03:31:46.867464] [Memory] Memory content (raw):          0x0000000000000000
[319045,688670464:03:31:46.867465] parent_rsp[7]:
[319045,688670464:03:31:46.867466] [Memory] Memory addr:                   0x65dfffefd68
[319045,688670464:03:31:46.867467] [Memory] Memory content (byte-swapped): 0x0000000000000000
[319045,688670464:03:31:46.867468] [Memory] Memory content (raw):          0x0000000000000000
[319045,688670464:03:31:46.867469] child_rsp[8]:
[319045,688670464:03:31:46.867470] [Memory] Memory addr:                   0x6a19fffefd70
[319045,688670464:03:31:46.867471] [Memory] Memory content (byte-swapped): 0x0000000000000000
[319045,688670464:03:31:46.867472] [Memory] Memory content (raw):          0x0000000000000000
[319045,688670464:03:31:46.867473] parent_rsp[8]:
[319045,688670464:03:31:46.867474] [Memory] Memory addr:                   0x65dfffefd70
[319045,688670464:03:31:46.867475] [Memory] Memory content (byte-swapped): 0x0000000000000000
[319045,688670464:03:31:46.867477] [Memory] Memory content (raw):          0x0000000000000000
[319045,688670464:03:31:46.867478] child_rsp[9]:
[319045,688670464:03:31:46.867479] [Memory] Memory addr:                   0x6a19fffefd78
[319045,688670464:03:31:46.867480] [Memory] Memory content (byte-swapped): 0x0000000000000000
[319045,688670464:03:31:46.867481] [Memory] Memory content (raw):          0x0000000000000000
[319045,688670464:03:31:46.867482] parent_rsp[9]:
[319045,688670464:03:31:46.867483] [Memory] Memory addr:                   0x65dfffefd78
[319045,688670464:03:31:46.867484] [Memory] Memory content (byte-swapped): 0x0000000000000000
[319045,688670464:03:31:46.867486] [Memory] Memory content (raw):          0x0000000000000000
[319045,688670464:03:31:46.867487] child_rsp[10]:
[319045,688670464:03:31:46.867488] [Memory] Memory addr:                   0x6a19fffefd80
[319045,688670464:03:31:46.867489] [Memory] Memory content (byte-swapped): 0x0000000000000000
[319045,688670464:03:31:46.867490] [Memory] Memory content (raw):          0x0000000000000000
[319045,688670464:03:31:46.867491] parent_rsp[10]:
[319045,688670464:03:31:46.867492] [Memory] Memory addr:                   0x65dfffefd80
[319045,688670464:03:31:46.867493] [Memory] Memory content (byte-swapped): 0x0000000000000000
[319045,688670464:03:31:46.867495] [Memory] Memory content (raw):          0x0000000000000000
[319045,688670464:03:31:46.867496] child_rsp[11]:
[319045,688670464:03:31:46.867497] [Memory] Memory addr:                   0x6a19fffefd88
[319045,688670464:03:31:46.867499] [Memory] Memory content (byte-swapped): 0x0000000000000000
[319045,688670464:03:31:46.867500] [Memory] Memory content (raw):          0x0000000000000000
[319045,688670464:03:31:46.867501] parent_rsp[11]:
[319045,688670464:03:31:46.867502] [Memory] Memory addr:                   0x65dfffefd88
[319045,688670464:03:31:46.867503] [Memory] Memory content (byte-swapped): 0x0000000000000000
[319045,688670464:03:31:46.867504] [Memory] Memory content (raw):          0x0000000000000000
[319045,688670464:03:31:46.867505] child_rsp[12]:
[319045,688670464:03:31:46.867506] [Memory] Memory addr:                   0x6a19fffefd90
[319045,688670464:03:31:46.867507] [Memory] Memory content (byte-swapped): 0x00000000010014a0
[319045,688670464:03:31:46.867509] [Memory] Memory content (raw):          0x00000000010014a0
[319045,688670464:03:31:46.867510] parent_rsp[12]:
[319045,688670464:03:31:46.867511] [Memory] Memory addr:                   0x65dfffefd90
[319045,688670464:03:31:46.867512] [Memory] Memory content (byte-swapped): 0x00000000010014a0
[319045,688670464:03:31:46.867513] [Memory] Memory content (raw):          0x00000000010014a0
[319045,688670464:03:31:46.867514] child_rsp[13]:
[319045,688670464:03:31:46.867515] [Memory] Memory addr:                   0x6a19fffefd98
[319045,688670464:03:31:46.867516] [Memory] Memory content (byte-swapped): 0x00000000010012e0
[319045,688670464:03:31:46.867517] [Memory] Memory content (raw):          0x00000000010012e0
[319045,688670464:03:31:46.867518] parent_rsp[13]:
[319045,688670464:03:31:46.867519] [Memory] Memory addr:                   0x65dfffefd98
[319045,688670464:03:31:46.867521] [Memory] Memory content (byte-swapped): 0x00000000010012e0
[319045,688670464:03:31:46.867522] [Memory] Memory content (raw):          0x00000000010012e0
[319045,688670464:03:31:46.867523] child_rsp[14]:
[319045,688670464:03:31:46.867524] [Memory] Memory addr:                   0x6a19fffefda0
[319045,688670464:03:31:46.867525] [Memory] Memory content (byte-swapped): 0x0000000001001400
[319045,688670464:03:31:46.867526] [Memory] Memory content (raw):          0x0000000001001400
[319045,688670464:03:31:46.867527] parent_rsp[14]:
[319045,688670464:03:31:46.867528] [Memory] Memory addr:                   0x65dfffefda0
[319045,688670464:03:31:46.867529] [Memory] Memory content (byte-swapped): 0x0000000001001400
[319045,688670464:03:31:46.867530] [Memory] Memory content (raw):          0x0000000001001400
[319045,688670464:03:31:46.867531] child_rsp[15]:
[319045,688670464:03:31:46.867532] [Memory] Memory addr:                   0x6a19fffefda8
[319045,688670464:03:31:46.867533] [Memory] Memory content (byte-swapped): 0x0000000000000000
[319045,688670464:03:31:46.867535] [Memory] Memory content (raw):          0x0000000000000000
[319045,688670464:03:31:46.867536] parent_rsp[15]:
[319045,688670464:03:31:46.867537] [Memory] Memory addr:                   0x65dfffefda8
[319045,688670464:03:31:46.867538] [Memory] Memory content (byte-swapped): 0x0000000000000000
[319045,688670464:03:31:46.867539] [Memory] Memory content (raw):          0x0000000000000000
[319045,688670464:03:31:46.867577] [fork_num = 1, child = 2, parent = 1]
[319045,689804416:03:31:46.867584]  wakeup, nap->running 1, nap->exit_status -1
[319045,688670464:03:31:46.867627] Cage 1 Entered NaClSysClose(0x5bf4123f76e0, 4)
[319045,688670464:03:31:46.867633] Cage 1 Entered NaClSysClose(0x5bf4123f76e0, 5)
[319045,688670464:03:31:46.867635] Cage 1 Entered NaClSysClose(0x5bf4123f76e0, 7)
[319045,688670464:03:31:46.867637] Cage 1 Entered NaClSysClose(0x5bf4123f76e0, 9)
[319045,688670464:03:31:46.867642] Cage 1 Entered NaClSysSelect(0x5bf4123f76e0, 4, 0xfffefca0, 0x00000000, 0xfffefc20, 0xfffefc10)
[319045,688600832:03:31:46.867676] NaClAppForkThreadLauncher: entered
[319045,688600832:03:31:46.867783]      natp  = 0x00007ca62406f5f0
[319045,688600832:03:31:46.867791]  prog_ctr  = 0x00006a1900020bc0
[319045,688600832:03:31:46.867797] stack_ptr  = 0x00006a19fffefd30
[319045,688600832:03:31:46.867806] NaClStartThreadInApp: secure stack:   0x7ca6290b2d20
[319045,688600832:03:31:46.867811] NaClStartThreadInApp: adjusted stack: 0x7ca6290b2d20
[319045,688600832:03:31:46.867817] NaClStackThreadInApp: user stack: 0x6a19fffefd30
[319045,688600832:03:31:46.867821] NaClStartThreadInApp: switching to untrusted code
[319045,688600832:03:31:46.867827] [NaClAppThreadLauncher] Nap 2 is ready to launch! child registers: 
[319045,688600832:03:31:46.867833] [Thread Context] cage id           = 2 
[319045,688600832:03:31:46.867839] [Thread Context] sysret            = (nil) 
[319045,688600832:03:31:46.867845] [Thread Context] prog_ctr (%rip)  = 0x6a1900020bc0 
[319045,688600832:03:31:46.867855] [Thread Context] new_prog_ctr      = 0x6a19011ff5e0 
[319045,688600832:03:31:46.867861] [Thread Context] trusted_stack_ptr = 0x7ca6290b2d20 
[319045,688600832:03:31:46.867867] [Thread Context] registers:
	%tls_idx (0x2), %tls_value1 (0x10043100), %tls_value2 (0),
	%rax (0), %rbx (0x1), %rcx (0), %rdx (0),
	%rbp (0x6a19fffeff50), %rsi (0), %rdi (0), %rsp (0x6a19fffefd30),
	%r8 (0), %r9 (0), %r10 (0), %r11 (0),
	%r12 (0xfffefe50), %r13 (0x1e8480), %r14 (0), %r15 (0x6a1900000000),
	%fcw (0x37f), %sys_fcw (0x37f), %mxcsr (0x1fa0), %sys_mxcsr (0x1fa0),
[319045,688600832:03:31:46.867886] [NaClAppThreadPrintInfo] cage id = 2, prog_ctr = 0x6a1900020bc0, new_prog_ctr = 0x6a19011ff5e0, sysret = 0
[319045,688600832:03:31:46.867924] Cage 2 Entered NaClSysClose(0x7ca62406f5f0, 3)
[319045,688600832:03:31:46.867937] Cage 2 Entered NaClSysClose(0x7ca62406f5f0, 6)
[319045,688600832:03:31:46.867945] Cage 2 Entered NaClSysClose(0x7ca62406f5f0, 8)
[319045,688600832:03:31:46.867953] Cage 2 Entered NaClSysClose(0x7ca62406f5f0, 10)
[319045,688600832:03:31:46.867991] [NaClSysFork] NaCl fork starts!
[319045,688600832:03:31:46.867998] [Thread Context] cage id           = 2 
[319045,688600832:03:31:46.868004] [Thread Context] sysret            = (nil) 
[319045,688600832:03:31:46.868010] [Thread Context] prog_ctr (%rip)  = 0x6a1900020bc0 
[319045,688600832:03:31:46.868016] [Thread Context] new_prog_ctr      = 0x6a19011ff5e0 
[319045,688600832:03:31:46.868022] [Thread Context] trusted_stack_ptr = 0x7ca6290b2d20 
[319045,688600832:03:31:46.868028] [Thread Context] registers:
	%tls_idx (0x2), %tls_value1 (0x10043100), %tls_value2 (0),
	%rax (0), %rbx (0xfffefe50), %rcx (0), %rdx (0),
	%rbp (0x6a19fffeff50), %rsi (0), %rdi (0), %rsp (0x6a19fffefcc0),
	%r8 (0), %r9 (0), %r10 (0), %r11 (0),
	%r12 (0xfffefe50), %r13 (0x6a19010014a0), %r14 (0), %r15 (0x6a1900000000),
	%fcw (0x37f), %sys_fcw (0x37f), %mxcsr (0x1fa0), %sys_mxcsr (0x1fa0),
[319045,688600832:03:31:46.868542] Entered NaClChildNapCtor()
[319045,688600832:03:31:46.868617] NaClNameServiceCreateDescEntry: entering SecureRandom, 2 (0x2)
[319045,688600832:03:31:46.868631] [nap 2] new child count: 1
[319045,688600832:03:31:46.868638] fork_num = 2, cage_id = 3
[319045,688600832:03:31:46.868645] NaClHostDescOpen(0x7ca61c036130, runnable-ld.so, 0x0, 0x1b6)
[319045,688600832:03:31:46.868654] NaClHostDescOpen: invoking POSIX open(runnable-ld.so,0x0,0600)
[319045,688600832:03:31:46.868684] NaClHostDescOpen: got descriptor 14
[319045,688600832:03:31:46.868696] NaClHostDescCtor: success.
[319045,688600832:03:31:46.868723] =================================================
[319045,688600832:03:31:46.868734] Elf header
[319045,688600832:03:31:46.868740] ==================================================
[319045,688600832:03:31:46.868745] e_ident+1 = ELF
[319045,688600832:03:31:46.868752] e_type = 0x2
[319045,688600832:03:31:46.868758] e_machine = 0x3e
[319045,688600832:03:31:46.868764] e_version = 0x1
[319045,688600832:03:31:46.868770] e_entry = 0x20bc0
[319045,688600832:03:31:46.868775] e_phoff = 0x40
[319045,688600832:03:31:46.868781] e_shoff = 0x9b06d8
[319045,688600832:03:31:46.868787] e_flags = 0x200000
[319045,688600832:03:31:46.868792] e_ehsize = 0x34
[319045,688600832:03:31:46.868797] e_phentsize = 0x20
[319045,688600832:03:31:46.868803] e_phnum = 0x3
[319045,688600832:03:31:46.868808] e_shentsize = 0x40
[319045,688600832:03:31:46.868814] e_shnum = 0x26
[319045,688600832:03:31:46.868819] e_shstrndx = 0x23
[319045,688600832:03:31:46.868824] sizeof(Elf32_Ehdr) = 0x34
[319045,688600832:03:31:46.868834] =================================================
[319045,688600832:03:31:46.868840] Elf Program headers
[319045,688600832:03:31:46.868845] ==================================================
[319045,688600832:03:31:46.868851] p_type: 1
[319045,688600832:03:31:46.868857] p_offset: 10000
[319045,688600832:03:31:46.868863] p_vaddr: 20000
[319045,688600832:03:31:46.868869] p_paddr: 20000
[319045,688600832:03:31:46.868876] p_filesz: 30000
[319045,688600832:03:31:46.868881] p_memsz: 30000
[319045,688600832:03:31:46.868887] p_flags: 5
[319045,688600832:03:31:46.868892]  (PF_R  PF_X)
[319045,688600832:03:31:46.868899] p_align: 10000
[319045,688600832:03:31:46.868904] 
[319045,688600832:03:31:46.868910] p_type: 1
[319045,688600832:03:31:46.868915] p_offset: 40000
[319045,688600832:03:31:46.868921] p_vaddr: 10020000
[319045,688600832:03:31:46.868926] p_paddr: 10020000
[319045,688600832:03:31:46.868932] p_filesz: a370
[319045,688600832:03:31:46.868937] p_memsz: a370
[319045,688600832:03:31:46.868943] p_flags: 4
[319045,688600832:03:31:46.868948]  (PF_R  )
[319045,688600832:03:31:46.868954] p_align: 10000
[319045,688600832:03:31:46.868959] 
[319045,688600832:03:31:46.868964] p_type: 1
[319045,688600832:03:31:46.868970] p_offset: 4f8a0
[319045,688600832:03:31:46.868975] p_vaddr: 1003f8a0
[319045,688600832:03:31:46.868981] p_paddr: 1003f8a0
[319045,688600832:03:31:46.868986] p_filesz: e70
[319045,688600832:03:31:46.868991] p_memsz: 1170
[319045,688600832:03:31:46.868997] p_flags: 6
[319045,688600832:03:31:46.869002]  (PF_R PF_W )
[319045,688600832:03:31:46.869008] p_align: 10000
[319045,688600832:03:31:46.869013] 
[319045,688600832:03:31:46.869026] Looking at segment 0, type 0x1, p_flags 0x5
[319045,688600832:03:31:46.869034] Matched nacl_phdr_check_data[1]
[319045,688600832:03:31:46.869041] Looking at segment 1, type 0x1, p_flags 0x4
[319045,688600832:03:31:46.869047] Matched nacl_phdr_check_data[2]
[319045,688600832:03:31:46.869053] Looking at segment 2, type 0x1, p_flags 0x6
[319045,688600832:03:31:46.869059] Matched nacl_phdr_check_data[3]
[319045,688600832:03:31:46.869066] NaClApp addr space layout:
[319045,688600832:03:31:46.869072] nap->static_text_end    = 0x0000000000050000
[319045,688600832:03:31:46.869081] nap->dynamic_text_start = 0x0000000000000000
[319045,688600832:03:31:46.869087] nap->dynamic_text_end   = 0x0000000000000000
[319045,688600832:03:31:46.869093] nap->rodata_start       = 0x0000000010020000
[319045,688600832:03:31:46.869099] nap->data_start         = 0x000000001003f8a0
[319045,688600832:03:31:46.869105] nap->data_end           = 0x0000000010040a10
[319045,688600832:03:31:46.869111] nap->break_addr         = 0x0000000010080000
[319045,688600832:03:31:46.869117] nap->initial_entry_pt   = 0x0000000000020bc0
[319045,688600832:03:31:46.869122] nap->user_entry_pt      = 0x0000000000000000
[319045,688600832:03:31:46.869128] nap->bundle_size        = 0x20
[319045,688600832:03:31:46.869134] Allocating address space
[319045,688600832:03:31:46.869141] NaClPerfCounterInterval(NaClAppLoadFile __start__:PreAllocAddrSpace): 435 microsecs
[319045,688600832:03:31:46.869149] NaClAllocAddrSpace: calling NaClAllocateSpace(*,0x0000000100000000)
[319045,688600832:03:31:46.869215] Native Client module will be loaded at base address 0x000067b600000000
[319045,688600832:03:31:46.869224] madvising 0x67b610050000, 0xeefb0000, MADV_DONTNEED
[319045,688600832:03:31:46.869235] mprotecting 0x67b610050000, 0xeefb0000, PROT_NONE
[319045,688600832:03:31:46.869244] NaClPerfCounterInterval(NaClAppLoadFile PreAllocAddrSpace:*AllocAddrSpace): 103 microsecs
[319045,688600832:03:31:46.869251] Loading into memory
[319045,688600832:03:31:46.869265] loading segment 0
[319045,688600832:03:31:46.869505] loading segment 1
[319045,688600832:03:31:46.869558] loading segment 2
[319045,688600832:03:31:46.869641] Replacing gap between static text and (ro)data with shareable memory
[319045,688600832:03:31:46.869734] NaClPerfCounterInterval(NaClAppLoadFile *AllocAddrSpace:*MakeDynText): 490 microsecs
[319045,688600832:03:31:46.869743] Validating image
[319045,688600832:03:31:46.871905] NaClPerfCounterInterval(NaClAppLoadFile *MakeDynText:*ValidateImg): 2171 microsecs
[319045,688600832:03:31:46.871909] Initializing arch switcher
[319045,688600832:03:31:46.871910] Installing trampoline
[319045,688600832:03:31:46.871911] Entered NaClMakeDispatchAddrs
[319045,688600832:03:31:46.871913] NaClPageAllocRandomized: 0xac6262a1
[319045,688600832:03:31:46.871914] NaClPageAllocRandomized: hint 0x2c6262a10000
[319045,688600832:03:31:46.871918] NaClMakeDispatchAddrs: got addr 0x2c6262a10000
[319045,688600832:03:31:46.871948] num_syscalls = 2047 (0x7ff)
[319045,688600832:03:31:46.872080] Installing springboard
[319045,688600832:03:31:46.872082] Applying memory protection
[319045,688600832:03:31:46.872083] Protecting guard pages for 0x67b600000000
[319045,688600832:03:31:46.872084] NaClVmmapUpdate(0x7ca61c035c28, 0x0, 0x10, 0x0, 0x2, 0, 0x0, 0x0)
[319045,688600832:03:31:46.872087] NaClVmmapAddShmid(0x7ca61c035c28, 0x0, 0x10, 0x0, 0x0, 0x2, 0x0, 0x0)
[319045,688600832:03:31:46.872089] Trampoline/text region start 0x67b600010000, size 0x00040000, end 0x67b600050000
[319045,688600832:03:31:46.872093] NaClVmmapUpdate(0x7ca61c035c28, 0x10, 0x40, 0x5, 0x2, 0, 0x0, 0x0)
[319045,688600832:03:31:46.872096] NaClVmmapAddShmid(0x7ca61c035c28, 0x10, 0x40, 0x5, 0x5, 0x2, 0x0, 0x0)
[319045,688600832:03:31:46.872098] shm txt region start 0x67b600050000, size 0x0ffd0000, end 0x67b610020000
[319045,688600832:03:31:46.872099] NaClVmmapUpdate(0x7ca61c035c28, 0x50, 0xffd0, 0x0, 0x2, 0, 0x7ca61c0361b0, 0x0)
[319045,688600832:03:31:46.872101] NaClVmmapAddShmid(0x7ca61c035c28, 0x50, 0xffd0, 0x0, 0x0, 0x2, 0x7ca61c0361b0, 0x0)
[319045,688600832:03:31:46.872103] RO data region start 0x67b610020000, size 0x00010000, end 0x67b610030000
[319045,688600832:03:31:46.872108] NaClVmmapUpdate(0x7ca61c035c28, 0x10020, 0x10, 0x1, 0x2, 0, 0x0, 0x0)
[319045,688600832:03:31:46.872110] NaClVmmapAddShmid(0x7ca61c035c28, 0x10020, 0x10, 0x1, 0x1, 0x2, 0x0, 0x0)
[319045,688600832:03:31:46.872111] RW data region start 0x67b610030000, size 0x00020000, end 0x67b610050000
[319045,688600832:03:31:46.872113] NaClVmmapUpdate(0x7ca61c035c28, 0x10030, 0x20, 0x3, 0x2, 0, 0x0, 0x0)
[319045,688600832:03:31:46.872115] NaClVmmapAddShmid(0x7ca61c035c28, 0x10030, 0x20, 0x3, 0x3, 0x2, 0x0, 0x0)
[319045,688600832:03:31:46.872116] RW stack region start 0x67b6ff000000, size 0x01000000, end 0x67b700000000
[319045,688600832:03:31:46.872123] NaClVmmapUpdate(0x7ca61c035c28, 0xff000, 0x1000, 0x3, 0x2, 0, 0x0, 0x0)
[319045,688600832:03:31:46.872124] NaClVmmapAddShmid(0x7ca61c035c28, 0xff000, 0x1000, 0x3, 0x3, 0x2, 0x0, 0x0)
[319045,688600832:03:31:46.872126] NaClAppLoadFile done; [319045,688600832:03:31:46.872127] NaClApp addr space layout:
[319045,688600832:03:31:46.872128] nap->static_text_end    = 0x0000000000050000
[319045,688600832:03:31:46.872130] nap->dynamic_text_start = 0x0000000000050000
[319045,688600832:03:31:46.872131] nap->dynamic_text_end   = 0x0000000010020000
[319045,688600832:03:31:46.872133] nap->rodata_start       = 0x0000000010020000
[319045,688600832:03:31:46.872134] nap->data_start         = 0x000000001003f8a0
[319045,688600832:03:31:46.872135] nap->data_end           = 0x0000000010040a10
[319045,688600832:03:31:46.872136] nap->break_addr         = 0x0000000010080000
[319045,688600832:03:31:46.872137] nap->initial_entry_pt   = 0x0000000000020bc0
[319045,688600832:03:31:46.872138] nap->user_entry_pt      = 0x0000000000000000
[319045,688600832:03:31:46.872139] nap->bundle_size        = 0x20
[319045,688600832:03:31:46.872140] NaClPerfCounterInterval(NaClAppLoadFile __start__:EndLoadFile): 3435 microsecs
[319045,688600832:03:31:46.872145] Loading blob file runnable-ld.so
[319045,688600832:03:31:46.872146] Enabling Fixed-Feature CPU Mode
[319045,688600832:03:31:46.872156] cage_id [nap_parent: 2] [nap_child: 3]
[319045,688600832:03:31:46.872158] NaClApp addr space layout:
[319045,688600832:03:31:46.872159] NaClApp cage id: 2 
[319045,688600832:03:31:46.872160] nap->mem_start          = 0x00006a1900000000
[319045,688600832:03:31:46.872161] nap->static_text_end    = 0x0000000000050000
[319045,688600832:03:31:46.872162] nap->dynamic_text_start = 0x0000000000050000
[319045,688600832:03:31:46.872163] nap->dynamic_text_end   = 0x0000000010020000
[319045,688600832:03:31:46.872164] nap->rodata_start       = 0x0000000010020000
[319045,688600832:03:31:46.872165] nap->data_start         = 0x000000001003f8a0
[319045,688600832:03:31:46.872166] nap->data_end           = 0x0000000010040a10
[319045,688600832:03:31:46.872168] nap->break_addr         = 0x0000000010080000
[319045,688600832:03:31:46.872169] nap->initial_entry_pt   = 0x0000000000020bc0
[319045,688600832:03:31:46.872170] nap->user_entry_pt      = 0x0000000000000000
[319045,688600832:03:31:46.872171] nap->bundle_size        = 0x20
[319045,688600832:03:31:46.872172] NaClApp addr space layout:
[319045,688600832:03:31:46.872173] NaClApp cage id: 3 
[319045,688600832:03:31:46.872174] nap->mem_start          = 0x000067b600000000
[319045,688600832:03:31:46.872175] nap->static_text_end    = 0x0000000000050000
[319045,688600832:03:31:46.872177] nap->dynamic_text_start = 0x0000000000050000
[319045,688600832:03:31:46.872178] nap->dynamic_text_end   = 0x0000000010020000
[319045,688600832:03:31:46.872179] nap->rodata_start       = 0x0000000010020000
[319045,688600832:03:31:46.872180] nap->data_start         = 0x000000001003f8a0
[319045,688600832:03:31:46.872181] nap->data_end           = 0x0000000010040a10
[319045,688600832:03:31:46.872182] nap->break_addr         = 0x0000000010080000
[319045,688600832:03:31:46.872183] nap->initial_entry_pt   = 0x0000000000020bc0
[319045,688600832:03:31:46.872184] nap->user_entry_pt      = 0x0000000000000000
[319045,688600832:03:31:46.872185] nap->bundle_size        = 0x20
[319045,688600832:03:31:46.872210] dyncode [parent: 0x6a1900050000] [child: 0x67b600050000]
[319045,688600832:03:31:46.872214] cage_id [nap_parent: 2] [nap_child: 3]
[319045,688600832:03:31:46.872215] NaClApp addr space layout:
[319045,688600832:03:31:46.872216] NaClApp cage id: 2 
[319045,688600832:03:31:46.872217] nap->mem_start          = 0x00006a1900000000
[319045,688600832:03:31:46.872218] nap->static_text_end    = 0x0000000000050000
[319045,688600832:03:31:46.872219] nap->dynamic_text_start = 0x0000000000050000
[319045,688600832:03:31:46.872220] nap->dynamic_text_end   = 0x0000000010020000
[319045,688600832:03:31:46.872221] nap->rodata_start       = 0x0000000010020000
[319045,688600832:03:31:46.872222] nap->data_start         = 0x000000001003f8a0
[319045,688600832:03:31:46.872223] nap->data_end           = 0x0000000010040a10
[319045,688600832:03:31:46.872224] nap->break_addr         = 0x0000000010080000
[319045,688600832:03:31:46.872225] nap->initial_entry_pt   = 0x0000000000020bc0
[319045,688600832:03:31:46.872226] nap->user_entry_pt      = 0x0000000000000000
[319045,688600832:03:31:46.872227] nap->bundle_size        = 0x20
[319045,688600832:03:31:46.872228] NaClApp addr space layout:
[319045,688600832:03:31:46.872229] NaClApp cage id: 3 
[319045,688600832:03:31:46.872230] nap->mem_start          = 0x000067b600000000
[319045,688600832:03:31:46.872232] nap->static_text_end    = 0x0000000000050000
[319045,688600832:03:31:46.872233] nap->dynamic_text_start = 0x0000000000050000
[319045,688600832:03:31:46.872234] nap->dynamic_text_end   = 0x0000000010020000
[319045,688600832:03:31:46.872235] nap->rodata_start       = 0x0000000010020000
[319045,688600832:03:31:46.872236] nap->data_start         = 0x000000001003f8a0
[319045,688600832:03:31:46.872237] nap->data_end           = 0x0000000010040a10
[319045,688600832:03:31:46.872238] nap->break_addr         = 0x0000000010080000
[319045,688600832:03:31:46.872239] nap->initial_entry_pt   = 0x0000000000020bc0
[319045,688600832:03:31:46.872240] nap->user_entry_pt      = 0x0000000000000000
[319045,688600832:03:31:46.872241] nap->bundle_size        = 0x20
[319045,688600832:03:31:46.872242] NaClVmmapUpdate(0x7ca61c035c28, 0x1000, 0x10, 0x5, 0x2, 0, 0x7ca61c0361b0, 0xfb0000)
[319045,688600832:03:31:46.872244] NaClVmmapAddShmid(0x7ca61c035c28, 0x1010, 0xf010, 0x0, 0x0, 0x2, 0x7ca61c0361b0, 0xfc0000)
[319045,688600832:03:31:46.872246] NaClVmmapAddShmid(0x7ca61c035c28, 0x1000, 0x10, 0x5, 0x5, 0x2, 0x7ca61c0361b0, 0xfb0000)
[319045,688600832:03:31:46.872250] copying dynamic code from (0x67b601000000) to (0x6a1901000000)
[319045,688600832:03:31:46.872285] NaClVmmapUpdate(0x7ca61c035c28, 0x1030, 0x50, 0x5, 0x2, 0, 0x7ca61c0361b0, 0xfe0000)
[319045,688600832:03:31:46.872288] NaClVmmapAddShmid(0x7ca61c035c28, 0x1080, 0xefa0, 0x0, 0x0, 0x2, 0x7ca61c0361b0, 0x1030000)
[319045,688600832:03:31:46.872292] NaClVmmapAddShmid(0x7ca61c035c28, 0x1030, 0x50, 0x5, 0x5, 0x2, 0x7ca61c0361b0, 0xfe0000)
[319045,688600832:03:31:46.872298] copying dynamic code from (0x67b601030000) to (0x6a1901030000)
[319045,688600832:03:31:46.872418] NaClVmmapUpdate(0x7ca61c035c28, 0x10a0, 0x20, 0x5, 0x2, 0, 0x7ca61c0361b0, 0x1050000)
[319045,688600832:03:31:46.872421] NaClVmmapAddShmid(0x7ca61c035c28, 0x10c0, 0xef60, 0x0, 0x0, 0x2, 0x7ca61c0361b0, 0x1070000)
[319045,688600832:03:31:46.872423] NaClVmmapAddShmid(0x7ca61c035c28, 0x10a0, 0x20, 0x5, 0x5, 0x2, 0x7ca61c0361b0, 0x1050000)
[319045,688600832:03:31:46.872426] copying dynamic code from (0x67b6010a0000) to (0x6a19010a0000)
[319045,688600832:03:31:46.872513] NaClVmmapUpdate(0x7ca61c035c28, 0x10e0, 0x10, 0x5, 0x2, 0, 0x7ca61c0361b0, 0x1090000)
[319045,688600832:03:31:46.872516] NaClVmmapAddShmid(0x7ca61c035c28, 0x10f0, 0xef30, 0x0, 0x0, 0x2, 0x7ca61c0361b0, 0x10a0000)
[319045,688600832:03:31:46.872518] NaClVmmapAddShmid(0x7ca61c035c28, 0x10e0, 0x10, 0x5, 0x5, 0x2, 0x7ca61c0361b0, 0x1090000)
[319045,688600832:03:31:46.872521] copying dynamic code from (0x67b6010e0000) to (0x6a19010e0000)
[319045,688600832:03:31:46.872549] NaClVmmapUpdate(0x7ca61c035c28, 0x1110, 0x1b0, 0x5, 0x2, 0, 0x7ca61c0361b0, 0x10c0000)
[319045,688600832:03:31:46.872551] NaClVmmapAddShmid(0x7ca61c035c28, 0x12c0, 0xed60, 0x0, 0x0, 0x2, 0x7ca61c0361b0, 0x1270000)
[319045,688600832:03:31:46.872553] NaClVmmapAddShmid(0x7ca61c035c28, 0x1110, 0x1b0, 0x5, 0x5, 0x2, 0x7ca61c0361b0, 0x10c0000)
[319045,688600832:03:31:46.872559] copying dynamic code from (0x67b601110000) to (0x6a1901110000)
[319045,688600832:03:31:46.873277] copying 16 page(s) at 0 [0x10000] from (0x6a1900000000) to (0x67b600000000)
[319045,688600832:03:31:46.873282] copying 64 page(s) at 16 [0x40000] from (0x6a1900010000) to (0x67b600010000)
[319045,688600832:03:31:46.873297] copying 65488 page(s) at 80 [0xffd0000] from (0x6a1900050000) to (0x67b600050000)
[319045,688600832:03:31:46.873300] copying 16 page(s) at 65568 [0x10000] from (0x6a1910020000) to (0x67b610020000)
[319045,688600832:03:31:46.873310] copying 32 page(s) at 65584 [0x20000] from (0x6a1910030000) to (0x67b610030000)
[319045,688600832:03:31:46.873313] copying 48 page(s) at 65616 [0x30000] from (0x6a1910050000) to (0x67b610050000)
[319045,688600832:03:31:46.873315] copying 16 page(s) at 69632 [0x10000] from (0x6a1911000000) to (0x67b611000000)
[319045,688600832:03:31:46.873320] copying 16 page(s) at 69648 [0x10000] from (0x6a1911010000) to (0x67b611010000)
[319045,688600832:03:31:46.873323] copying 16 page(s) at 69664 [0x10000] from (0x6a1911020000) to (0x67b611020000)
[319045,688600832:03:31:46.873325] copying 64 page(s) at 69680 [0x40000] from (0x6a1911030000) to (0x67b611030000)
[319045,688600832:03:31:46.873327] copying 32 page(s) at 69744 [0x20000] from (0x6a1911070000) to (0x67b611070000)
[319045,688600832:03:31:46.873330] copying 16 page(s) at 69776 [0x10000] from (0x6a1911090000) to (0x67b611090000)
[319045,688600832:03:31:46.873332] copying 16 page(s) at 69792 [0x10000] from (0x6a19110a0000) to (0x67b6110a0000)
[319045,688600832:03:31:46.873334] copying 32 page(s) at 69808 [0x20000] from (0x6a19110b0000) to (0x67b6110b0000)
[319045,688600832:03:31:46.873337] copying 16 page(s) at 69840 [0x10000] from (0x6a19110d0000) to (0x67b6110d0000)
[319045,688600832:03:31:46.873339] copying 16 page(s) at 69856 [0x10000] from (0x6a19110e0000) to (0x67b6110e0000)
[319045,688600832:03:31:46.873341] copying 16 page(s) at 69872 [0x10000] from (0x6a19110f0000) to (0x67b6110f0000)
[319045,688600832:03:31:46.873343] copying 16 page(s) at 69888 [0x10000] from (0x6a1911100000) to (0x67b611100000)
[319045,688600832:03:31:46.873345] copying 96 page(s) at 69904 [0x60000] from (0x6a1911110000) to (0x67b611110000)
[319045,688600832:03:31:46.873348] copying 32 page(s) at 70000 [0x20000] from (0x6a1911170000) to (0x67b611170000)
[319045,688600832:03:31:46.873350] copying 16 page(s) at 70032 [0x10000] from (0x6a1911190000) to (0x67b611190000)
[319045,688600832:03:31:46.873352] copying 4096 page(s) at 1044480 [0x1000000] from (0x6a19ff000000) to (0x67b6ff000000)
[319045,688600832:03:31:46.874171] NaClVmmapUpdate(0x7ca61c035c28, 0x0, 0x10, 0x0, 0x2, 0, 0x0, 0x0)
[319045,688600832:03:31:46.874177] NaClVmmapAddShmid(0x7ca61c035c28, 0x0, 0x10, 0x0, 0x0, 0x2, 0x0, 0x0)
[319045,688600832:03:31:46.874179] NaClVmmapUpdate(0x7ca61c035c28, 0x10, 0x40, 0x5, 0x2, 0, 0x0, 0x0)
[319045,688600832:03:31:46.874182] NaClVmmapAddShmid(0x7ca61c035c28, 0x10, 0x40, 0x5, 0x5, 0x2, 0x0, 0x0)
[319045,688600832:03:31:46.874187] NaClVmmapUpdate(0x7ca61c035c28, 0x50, 0xffd0, 0x0, 0x2, 0, 0x7ca624067e20, 0x0)
[319045,688600832:03:31:46.874190] NaClVmmapAddShmid(0x7ca61c035c28, 0x50, 0xffd0, 0x0, 0x0, 0x2, 0x7ca624067e20, 0x0)
[319045,688600832:03:31:46.874193] NaClVmmapUpdate(0x7ca61c035c28, 0x10020, 0x10, 0x1, 0x2, 0, 0x0, 0x0)
[319045,688600832:03:31:46.874195] NaClVmmapAddShmid(0x7ca61c035c28, 0x10020, 0x10, 0x1, 0x1, 0x2, 0x0, 0x0)
[319045,688600832:03:31:46.874201] NaClVmmapUpdate(0x7ca61c035c28, 0x10030, 0x20, 0x3, 0x2, 0, 0x0, 0x0)
[319045,688600832:03:31:46.874203] NaClVmmapAddShmid(0x7ca61c035c28, 0x10030, 0x20, 0x3, 0x3, 0x2, 0x0, 0x0)
[319045,688600832:03:31:46.874206] NaClVmmapUpdate(0x7ca61c035c28, 0x10050, 0x30, 0x3, 0x2, 0, 0x0, 0x20000)
[319045,688600832:03:31:46.874207] NaClVmmapAddShmid(0x7ca61c035c28, 0x10050, 0x30, 0x3, 0x3, 0x2, 0x0, 0x20000)
[319045,688600832:03:31:46.874209] NaClVmmapUpdate(0x7ca61c035c28, 0x11000, 0x10, 0x1, 0x12, 0, 0x0, 0x20000)
[319045,688600832:03:31:46.874211] NaClVmmapAddShmid(0x7ca61c035c28, 0x11000, 0x10, 0x1, 0x0, 0x12, 0x0, 0x20000)
[319045,688600832:03:31:46.874217] NaClVmmapUpdate(0x7ca61c035c28, 0x11010, 0x10, 0x3, 0x12, 0, 0x0, 0x20000)
[319045,688600832:03:31:46.874219] NaClVmmapAddShmid(0x7ca61c035c28, 0x11010, 0x10, 0x3, 0x0, 0x12, 0x0, 0x20000)
[319045,688600832:03:31:46.874221] NaClVmmapUpdate(0x7ca61c035c28, 0x11020, 0x10, 0x3, 0x32, 0, 0x0, 0xffffffffffffffff)
[319045,688600832:03:31:46.874223] NaClVmmapAddShmid(0x7ca61c035c28, 0x11020, 0x10, 0x3, 0x3, 0x32, 0x0, 0xffffffffffffffff)
[319045,688600832:03:31:46.874225] NaClVmmapUpdate(0x7ca61c035c28, 0x11030, 0x40, 0x1, 0x12, 0, 0x0, 0x60000)
[319045,688600832:03:31:46.874227] NaClVmmapAddShmid(0x7ca61c035c28, 0x11030, 0x40, 0x1, 0x0, 0x12, 0x0, 0x60000)
[319045,688600832:03:31:46.874233] NaClVmmapUpdate(0x7ca61c035c28, 0x11070, 0x20, 0x3, 0x12, 0, 0x0, 0x90000)
[319045,688600832:03:31:46.874235] NaClVmmapAddShmid(0x7ca61c035c28, 0x11070, 0x20, 0x3, 0x0, 0x12, 0x0, 0x90000)
[319045,688600832:03:31:46.874238] NaClVmmapUpdate(0x7ca61c035c28, 0x11090, 0x10, 0x3, 0x32, 0, 0x0, 0xffffffffffffffff)
[319045,688600832:03:31:46.874240] NaClVmmapAddShmid(0x7ca61c035c28, 0x11090, 0x10, 0x3, 0x3, 0x32, 0x0, 0xffffffffffffffff)
[319045,688600832:03:31:46.874242] NaClVmmapUpdate(0x7ca61c035c28, 0x110a0, 0x10, 0x1, 0x12, 0, 0x0, 0x30000)
[319045,688600832:03:31:46.874243] NaClVmmapAddShmid(0x7ca61c035c28, 0x110a0, 0x10, 0x1, 0x0, 0x12, 0x0, 0x30000)
[319045,688600832:03:31:46.874252] NaClVmmapUpdate(0x7ca61c035c28, 0x110b0, 0x20, 0x3, 0x12, 0, 0x0, 0x30000)
[319045,688600832:03:31:46.874254] NaClVmmapAddShmid(0x7ca61c035c28, 0x110b0, 0x20, 0x3, 0x0, 0x12, 0x0, 0x30000)
[319045,688600832:03:31:46.874257] NaClVmmapUpdate(0x7ca61c035c28, 0x110d0, 0x10, 0x3, 0x32, 0, 0x0, 0xffffffffffffffff)
[319045,688600832:03:31:46.874259] NaClVmmapAddShmid(0x7ca61c035c28, 0x110d0, 0x10, 0x3, 0x3, 0x32, 0x0, 0xffffffffffffffff)
[319045,688600832:03:31:46.874260] NaClVmmapUpdate(0x7ca61c035c28, 0x110e0, 0x10, 0x1, 0x12, 0, 0x0, 0x20000)
[319045,688600832:03:31:46.874262] NaClVmmapAddShmid(0x7ca61c035c28, 0x110e0, 0x10, 0x1, 0x0, 0x12, 0x0, 0x20000)
[319045,688600832:03:31:46.874271] NaClVmmapUpdate(0x7ca61c035c28, 0x110f0, 0x10, 0x3, 0x12, 0, 0x0, 0x20000)
[319045,688600832:03:31:46.874274] NaClVmmapAddShmid(0x7ca61c035c28, 0x110f0, 0x10, 0x3, 0x0, 0x12, 0x0, 0x20000)
[319045,688600832:03:31:46.874276] NaClVmmapUpdate(0x7ca61c035c28, 0x11100, 0x10, 0x3, 0x32, 0, 0x0, 0xffffffffffffffff)
[319045,688600832:03:31:46.874278] NaClVmmapAddShmid(0x7ca61c035c28, 0x11100, 0x10, 0x3, 0x3, 0x32, 0x0, 0xffffffffffffffff)
[319045,688600832:03:31:46.874280] NaClVmmapUpdate(0x7ca61c035c28, 0x11110, 0x60, 0x1, 0x12, 0, 0x0, 0x1c0000)
[319045,688600832:03:31:46.874282] NaClVmmapAddShmid(0x7ca61c035c28, 0x11110, 0x60, 0x1, 0x0, 0x12, 0x0, 0x1c0000)
[319045,688600832:03:31:46.874288] NaClVmmapUpdate(0x7ca61c035c28, 0x11170, 0x20, 0x3, 0x12, 0, 0x0, 0x210000)
[319045,688600832:03:31:46.874294] NaClVmmapAddShmid(0x7ca61c035c28, 0x11170, 0x20, 0x3, 0x0, 0x12, 0x0, 0x210000)
[319045,688600832:03:31:46.874297] NaClVmmapUpdate(0x7ca61c035c28, 0x11190, 0x10, 0x3, 0x32, 0, 0x0, 0xffffffffffffffff)
[319045,688600832:03:31:46.874299] NaClVmmapAddShmid(0x7ca61c035c28, 0x11190, 0x10, 0x3, 0x3, 0x32, 0x0, 0xffffffffffffffff)
[319045,688600832:03:31:46.874301] NaClVmmapUpdate(0x7ca61c035c28, 0xff000, 0x1000, 0x3, 0x2, 0, 0x0, 0x0)
[319045,688600832:03:31:46.874303] NaClVmmapAddShmid(0x7ca61c035c28, 0xff000, 0x1000, 0x3, 0x3, 0x2, 0x0, 0x0)
[319045,688600832:03:31:46.874305] copied page tables from (0x7ca6240675d0) to (0x7ca61c035900)
[319045,688600832:03:31:46.874307] nap_parent_parent address space after copy:
[319045,688600832:03:31:46.874309] NaClApp addr space layout:
[319045,688600832:03:31:46.874310] NaClApp cage id: 2 
[319045,688600832:03:31:46.874311] nap->mem_start          = 0x00006a1900000000
[319045,688600832:03:31:46.874313] nap->static_text_end    = 0x0000000000050000
[319045,688600832:03:31:46.874314] nap->dynamic_text_start = 0x0000000000050000
[319045,688600832:03:31:46.874315] nap->dynamic_text_end   = 0x0000000010020000
[319045,688600832:03:31:46.874317] nap->rodata_start       = 0x0000000010020000
[319045,688600832:03:31:46.874318] nap->data_start         = 0x000000001003f8a0
[319045,688600832:03:31:46.874319] nap->data_end           = 0x0000000010040a10
[319045,688600832:03:31:46.874320] nap->break_addr         = 0x0000000010080000
[319045,688600832:03:31:46.874322] nap->initial_entry_pt   = 0x0000000000020bc0
[319045,688600832:03:31:46.874323] nap->user_entry_pt      = 0x0000000000000000
[319045,688600832:03:31:46.874324] nap->bundle_size        = 0x20
[319045,688600832:03:31:46.874325] nap_child address space after copy:
[319045,688600832:03:31:46.874326] NaClApp addr space layout:
[319045,688600832:03:31:46.874327] NaClApp cage id: 3 
[319045,688600832:03:31:46.874329] nap->mem_start          = 0x000067b600000000
[319045,688600832:03:31:46.874330] nap->static_text_end    = 0x0000000000050000
[319045,688600832:03:31:46.874331] nap->dynamic_text_start = 0x0000000000050000
[319045,688600832:03:31:46.874332] nap->dynamic_text_end   = 0x0000000010020000
[319045,688600832:03:31:46.874333] nap->rodata_start       = 0x0000000010020000
[319045,688600832:03:31:46.874335] nap->data_start         = 0x000000001003f8a0
[319045,688600832:03:31:46.874336] nap->data_end           = 0x0000000010040a10
[319045,688600832:03:31:46.874337] nap->break_addr         = 0x0000000010080000
[319045,688600832:03:31:46.874338] nap->initial_entry_pt   = 0x0000000000020bc0
[319045,688600832:03:31:46.874340] nap->user_entry_pt      = 0x0000000000000000
[319045,688600832:03:31:46.874341] nap->bundle_size        = 0x20
[319045,688600832:03:31:46.874342] NaClVmmapUpdate(0x7ca61c035c28, 0x0, 0x10, 0x0, 0x2, 0, 0x0, 0x0)
[319045,688600832:03:31:46.874345] NaClVmmapAddShmid(0x7ca61c035c28, 0x0, 0x10, 0x0, 0x0, 0x2, 0x0, 0x0)
[319045,688600832:03:31:46.874346] Trampoline/text region start 0x67b600010000, size 0x00040000, end 0x67b600050000
[319045,688600832:03:31:46.874356] NaClVmmapUpdate(0x7ca61c035c28, 0x10, 0x40, 0x3, 0x22, 0, 0x0, 0x0)
[319045,688600832:03:31:46.874359] NaClVmmapAddShmid(0x7ca61c035c28, 0x10, 0x40, 0x3, 0x3, 0x22, 0x0, 0x0)
[319045,688600832:03:31:46.874376] NaClVmmapCheckExistingMapping(0x7ca61c035c28, 0x10, 0x40, 0x3)
[319045,688600832:03:31:46.874379] NaClVmmapChangeProt(0x7ca61c035c28, 0x10, 0x40, 0x3)
[319045,688600832:03:31:46.874381] NaClVmmapCheckExistingMapping(0x7ca6240678f8, 0x10, 0x40, 0x3)
[319045,688600832:03:31:46.874393] Initializing arch switcher
[319045,688600832:03:31:46.874395] Installing trampoline
[319045,688600832:03:31:46.874396] Entered NaClMakeDispatchAddrs
[319045,688600832:03:31:46.874398] NaClPageAllocRandomized: 0xb2f901c0
[319045,688600832:03:31:46.874399] NaClPageAllocRandomized: hint 0x32f901c00000
[319045,688600832:03:31:46.874404] NaClMakeDispatchAddrs: got addr 0x32f901c00000
[319045,688600832:03:31:46.874433] num_syscalls = 2047 (0x7ff)
[319045,688600832:03:31:46.874574] Installing springboard
[319045,688600832:03:31:46.874643] Applying memory protection
[319045,688600832:03:31:46.874646] Protecting guard pages for 0x67b600000000
[319045,688600832:03:31:46.874648] NaClVmmapUpdate(0x7ca61c035c28, 0x0, 0x10, 0x0, 0x2, 0, 0x0, 0x0)
[319045,688600832:03:31:46.874649] NaClVmmapAddShmid(0x7ca61c035c28, 0x0, 0x10, 0x0, 0x0, 0x2, 0x0, 0x0)
[319045,688600832:03:31:46.874651] Trampoline/text region start 0x67b600010000, size 0x00040000, end 0x67b600050000
[319045,688600832:03:31:46.874655] NaClVmmapUpdate(0x7ca61c035c28, 0x10, 0x40, 0x5, 0x2, 0, 0x0, 0x0)
[319045,688600832:03:31:46.874658] NaClVmmapAddShmid(0x7ca61c035c28, 0x10, 0x40, 0x5, 0x5, 0x2, 0x0, 0x0)
[319045,688600832:03:31:46.874659] shm txt region start 0x67b600050000, size 0x0ffd0000, end 0x67b610020000
[319045,688600832:03:31:46.874661] NaClVmmapUpdate(0x7ca61c035c28, 0x50, 0xffd0, 0x0, 0x2, 0, 0x7ca61c0361b0, 0x0)
[319045,688600832:03:31:46.874663] NaClVmmapAddShmid(0x7ca61c035c28, 0x50, 0xffd0, 0x0, 0x0, 0x2, 0x7ca61c0361b0, 0x0)
[319045,688600832:03:31:46.874665] RO data region start 0x67b610020000, size 0x00010000, end 0x67b610030000
[319045,688600832:03:31:46.874667] NaClVmmapUpdate(0x7ca61c035c28, 0x10020, 0x10, 0x1, 0x2, 0, 0x0, 0x0)
[319045,688600832:03:31:46.874669] NaClVmmapAddShmid(0x7ca61c035c28, 0x10020, 0x10, 0x1, 0x1, 0x2, 0x0, 0x0)
[319045,688600832:03:31:46.874671] RW data region start 0x67b610030000, size 0x00020000, end 0x67b610050000
[319045,688600832:03:31:46.874673] NaClVmmapUpdate(0x7ca61c035c28, 0x10030, 0x20, 0x3, 0x2, 0, 0x0, 0x0)
[319045,688600832:03:31:46.874675] NaClVmmapAddShmid(0x7ca61c035c28, 0x10030, 0x20, 0x3, 0x3, 0x2, 0x0, 0x0)
[319045,688600832:03:31:46.874677] RW stack region start 0x67b6ff000000, size 0x01000000, end 0x67b700000000
[319045,688600832:03:31:46.874678] NaClVmmapUpdate(0x7ca61c035c28, 0xff000, 0x1000, 0x3, 0x2, 0, 0x0, 0x0)
[319045,688600832:03:31:46.874680] NaClVmmapAddShmid(0x7ca61c035c28, 0xff000, 0x1000, 0x3, 0x3, 0x2, 0x0, 0x0)
[319045,688600832:03:31:46.874682] NaClVmmapCheckExistingMapping(0x7ca61c035c28, 0x10, 0x40, 0x5)
[319045,688600832:03:31:46.874684] NaClVmmapChangeProt(0x7ca61c035c28, 0x10, 0x40, 0x5)
[319045,688600832:03:31:46.874685] NaClVmmapCheckExistingMapping(0x7ca6240678f8, 0x10, 0x40, 0x5)
[319045,688600832:03:31:46.874687] NaClVmmapChangeProt(0x7ca6240678f8, 0x10, 0x40, 0x5)
[319045,688600832:03:31:46.874691] child cage_id: [3], parent cage id: [2]
[319045,688600832:03:31:46.874693] Thread context of child before copy
[319045,688600832:03:31:46.874694] [Thread Context] cage id           = 3 
[319045,688600832:03:31:46.874696] [Thread Context] sysret            = 0xffffffffffffffea 
[319045,688600832:03:31:46.874697] [Thread Context] prog_ctr (%rip)  = 0x67b600020bc0 
[319045,688600832:03:31:46.874699] [Thread Context] new_prog_ctr      = (nil) 
[319045,688600832:03:31:46.874700] [Thread Context] trusted_stack_ptr = (nil) 
[319045,688600832:03:31:46.874701] [Thread Context] registers:
	%tls_idx (0x3), %tls_value1 (0x10043100), %tls_value2 (0),
	%rax (0), %rbx (0), %rcx (0), %rdx (0),
	%rbp (0x67b6ffff0000), %rsi (0), %rdi (0), %rsp (0x67b6ffff0000),
	%r8 (0), %r9 (0), %r10 (0), %r11 (0),
	%r12 (0), %r13 (0), %r14 (0), %r15 (0x67b600000000),
	%fcw (0x37f), %sys_fcw (0x37f), %mxcsr (0x1f80), %sys_mxcsr (0x1fa0),
[319045,688600832:03:31:46.874705] Thread context of child after copy
[319045,688600832:03:31:46.874707] [Thread Context] cage id           = 3 
[319045,688600832:03:31:46.874708] [Thread Context] sysret            = (nil) 
[319045,688600832:03:31:46.874709] [Thread Context] prog_ctr (%rip)  = 0x6a1900020bc0 
[319045,688600832:03:31:46.874710] [Thread Context] new_prog_ctr      = 0x6a19011ff5e0 
[319045,688600832:03:31:46.874712] [Thread Context] trusted_stack_ptr = 0x7ca6290b2d20 
[319045,688600832:03:31:46.874713] [Thread Context] registers:
	%tls_idx (0x2), %tls_value1 (0x10043100), %tls_value2 (0),
	%rax (0), %rbx (0xfffefe50), %rcx (0), %rdx (0),
	%rbp (0x6a19fffeff50), %rsi (0), %rdi (0), %rsp (0x6a19fffefcc0),
	%r8 (0), %r9 (0), %r10 (0), %r11 (0),
	%r12 (0xfffefe50), %r13 (0x6a19010014a0), %r14 (0), %r15 (0x6a1900000000),
	%fcw (0x37f), %sys_fcw (0x37f), %mxcsr (0x1fa0), %sys_mxcsr (0x1fa0),
[319045,688600832:03:31:46.874716] child_stack[0]:
[319045,688600832:03:31:46.874718] [Memory] Memory addr:                   0x67b6ffff0000
[319045,688600832:03:31:46.874719] [Memory] Memory content (byte-swapped): 0x0000000000000000
[319045,688600832:03:31:46.874720] [Memory] Memory content (raw):          0x0000000000000000
[319045,688600832:03:31:46.874722] parent_stack[0]:
[319045,688600832:03:31:46.874723] [Memory] Memory addr:                   0x6a19ffff0000
[319045,688600832:03:31:46.874724] [Memory] Memory content (byte-swapped): 0x0000000000000000
[319045,688600832:03:31:46.874726] [Memory] Memory content (raw):          0x0000000000000000
[319045,688600832:03:31:46.874727] child_stack[1]:
[319045,688600832:03:31:46.874728] [Memory] Memory addr:                   0x67b6ffff0008
[319045,688600832:03:31:46.874729] [Memory] Memory content (byte-swapped): 0x0000000000000000
[319045,688600832:03:31:46.874730] [Memory] Memory content (raw):          0x0000000000000000
[319045,688600832:03:31:46.874732] parent_stack[1]:
[319045,688600832:03:31:46.874733] [Memory] Memory addr:                   0x6a19ffff0008
[319045,688600832:03:31:46.874734] [Memory] Memory content (byte-swapped): 0x0000000000000000
[319045,688600832:03:31:46.874735] [Memory] Memory content (raw):          0x0000000000000000
[319045,688600832:03:31:46.874736] child_stack[2]:
[319045,688600832:03:31:46.874738] [Memory] Memory addr:                   0x67b6ffff0010
[319045,688600832:03:31:46.874739] [Memory] Memory content (byte-swapped): 0x0000000000000000
[319045,688600832:03:31:46.874740] [Memory] Memory content (raw):          0x0000000000000000
[319045,688600832:03:31:46.874741] parent_stack[2]:
[319045,688600832:03:31:46.874742] [Memory] Memory addr:                   0x6a19ffff0010
[319045,688600832:03:31:46.874743] [Memory] Memory content (byte-swapped): 0x0000000000000000
[319045,688600832:03:31:46.874746] [Memory] Memory content (raw):          0x0000000000000000
[319045,688600832:03:31:46.874747] child_stack[3]:
[319045,688600832:03:31:46.874748] [Memory] Memory addr:                   0x67b6ffff0018
[319045,688600832:03:31:46.874749] [Memory] Memory content (byte-swapped): 0x0000000000000000
[319045,688600832:03:31:46.874750] [Memory] Memory content (raw):          0x0000000000000000
[319045,688600832:03:31:46.874751] parent_stack[3]:
[319045,688600832:03:31:46.874752] [Memory] Memory addr:                   0x6a19ffff0018
[319045,688600832:03:31:46.874753] [Memory] Memory content (byte-swapped): 0x0000000000000000
[319045,688600832:03:31:46.874754] [Memory] Memory content (raw):          0x0000000000000000
[319045,688600832:03:31:46.874755] child_stack[4]:
[319045,688600832:03:31:46.874756] [Memory] Memory addr:                   0x67b6ffff0020
[319045,688600832:03:31:46.874757] [Memory] Memory content (byte-swapped): 0x0000000000000000
[319045,688600832:03:31:46.874758] [Memory] Memory content (raw):          0x0000000000000000
[319045,688600832:03:31:46.874759] parent_stack[4]:
[319045,688600832:03:31:46.874760] [Memory] Memory addr:                   0x6a19ffff0020
[319045,688600832:03:31:46.874761] [Memory] Memory content (byte-swapped): 0x0000000000000000
[319045,688600832:03:31:46.874762] [Memory] Memory content (raw):          0x0000000000000000
[319045,688600832:03:31:46.874763] child_stack[5]:
[319045,688600832:03:31:46.874764] [Memory] Memory addr:                   0x67b6ffff0028
[319045,688600832:03:31:46.874765] [Memory] Memory content (byte-swapped): 0x0000000000000000
[319045,688600832:03:31:46.874766] [Memory] Memory content (raw):          0x0000000000000000
[319045,688600832:03:31:46.874767] parent_stack[5]:
[319045,688600832:03:31:46.874768] [Memory] Memory addr:                   0x6a19ffff0028
[319045,688600832:03:31:46.874769] [Memory] Memory content (byte-swapped): 0x0000000000000000
[319045,688600832:03:31:46.874770] [Memory] Memory content (raw):          0x0000000000000000
[319045,688600832:03:31:46.874771] child_stack[6]:
[319045,688600832:03:31:46.874772] [Memory] Memory addr:                   0x67b6ffff0030
[319045,688600832:03:31:46.874773] [Memory] Memory content (byte-swapped): 0x0000000000000000
[319045,688600832:03:31:46.874774] [Memory] Memory content (raw):          0x0000000000000000
[319045,688600832:03:31:46.874775] parent_stack[6]:
[319045,688600832:03:31:46.874776] [Memory] Memory addr:                   0x6a19ffff0030
[319045,688600832:03:31:46.874777] [Memory] Memory content (byte-swapped): 0x0000000000000000
[319045,688600832:03:31:46.874779] [Memory] Memory content (raw):          0x0000000000000000
[319045,688600832:03:31:46.874780] child_stack[7]:
[319045,688600832:03:31:46.874781] [Memory] Memory addr:                   0x67b6ffff0038
[319045,688600832:03:31:46.874782] [Memory] Memory content (byte-swapped): 0x0000000000000000
[319045,688600832:03:31:46.874783] [Memory] Memory content (raw):          0x0000000000000000
[319045,688600832:03:31:46.874784] parent_stack[7]:
[319045,688600832:03:31:46.874785] [Memory] Memory addr:                   0x6a19ffff0038
[319045,688600832:03:31:46.874786] [Memory] Memory content (byte-swapped): 0x0000000000000000
[319045,688600832:03:31:46.874787] [Memory] Memory content (raw):          0x0000000000000000
[319045,688600832:03:31:46.874789] child_stack[8]:
[319045,688600832:03:31:46.874790] [Memory] Memory addr:                   0x67b6ffff0040
[319045,688600832:03:31:46.874791] [Memory] Memory content (byte-swapped): 0x0000000000000000
[319045,688600832:03:31:46.874792] [Memory] Memory content (raw):          0x0000000000000000
[319045,688600832:03:31:46.874793] parent_stack[8]:
[319045,688600832:03:31:46.874794] [Memory] Memory addr:                   0x6a19ffff0040
[319045,688600832:03:31:46.874795] [Memory] Memory content (byte-swapped): 0x0000000000000000
[319045,688600832:03:31:46.874796] [Memory] Memory content (raw):          0x0000000000000000
[319045,688600832:03:31:46.874798] child_stack[9]:
[319045,688600832:03:31:46.874799] [Memory] Memory addr:                   0x67b6ffff0048
[319045,688600832:03:31:46.874800] [Memory] Memory content (byte-swapped): 0x0000000000000000
[319045,688600832:03:31:46.874801] [Memory] Memory content (raw):          0x0000000000000000
[319045,688600832:03:31:46.874803] parent_stack[9]:
[319045,688600832:03:31:46.874804] [Memory] Memory addr:                   0x6a19ffff0048
[319045,688600832:03:31:46.874805] [Memory] Memory content (byte-swapped): 0x0000000000000000
[319045,688600832:03:31:46.874806] [Memory] Memory content (raw):          0x0000000000000000
[319045,688600832:03:31:46.874807] child_stack[10]:
[319045,688600832:03:31:46.874808] [Memory] Memory addr:                   0x67b6ffff0050
[319045,688600832:03:31:46.874809] [Memory] Memory content (byte-swapped): 0x0000000000000000
[319045,688600832:03:31:46.874811] [Memory] Memory content (raw):          0x0000000000000000
[319045,688600832:03:31:46.874812] parent_stack[10]:
[319045,688600832:03:31:46.874813] [Memory] Memory addr:                   0x6a19ffff0050
[319045,688600832:03:31:46.874814] [Memory] Memory content (byte-swapped): 0x0000000000000000
[319045,688600832:03:31:46.874815] [Memory] Memory content (raw):          0x0000000000000000
[319045,688600832:03:31:46.874817] child_stack[11]:
[319045,688600832:03:31:46.874818] [Memory] Memory addr:                   0x67b6ffff0058
[319045,688600832:03:31:46.874819] [Memory] Memory content (byte-swapped): 0x0000000000000000
[319045,688600832:03:31:46.874820] [Memory] Memory content (raw):          0x0000000000000000
[319045,688600832:03:31:46.874821] parent_stack[11]:
[319045,688600832:03:31:46.874822] [Memory] Memory addr:                   0x6a19ffff0058
[319045,688600832:03:31:46.874825] [Memory] Memory content (byte-swapped): 0x0000000000000000
[319045,688600832:03:31:46.874826] [Memory] Memory content (raw):          0x0000000000000000
[319045,688600832:03:31:46.874827] child_stack[12]:
[319045,688600832:03:31:46.874828] [Memory] Memory addr:                   0x67b6ffff0060
[319045,688600832:03:31:46.874829] [Memory] Memory content (byte-swapped): 0x0000000000000000
[319045,688600832:03:31:46.874830] [Memory] Memory content (raw):          0x0000000000000000
[319045,688600832:03:31:46.874831] parent_stack[12]:
[319045,688600832:03:31:46.874832] [Memory] Memory addr:                   0x6a19ffff0060
[319045,688600832:03:31:46.874834] [Memory] Memory content (byte-swapped): 0x0000000000000000
[319045,688600832:03:31:46.874835] [Memory] Memory content (raw):          0x0000000000000000
[319045,688600832:03:31:46.874836] child_stack[13]:
[319045,688600832:03:31:46.874837] [Memory] Memory addr:                   0x67b6ffff0068
[319045,688600832:03:31:46.874838] [Memory] Memory content (byte-swapped): 0x0000000000000000
[319045,688600832:03:31:46.874839] [Memory] Memory content (raw):          0x0000000000000000
[319045,688600832:03:31:46.874840] parent_stack[13]:
[319045,688600832:03:31:46.874841] [Memory] Memory addr:                   0x6a19ffff0068
[319045,688600832:03:31:46.874842] [Memory] Memory content (byte-swapped): 0x0000000000000000
[319045,688600832:03:31:46.874843] [Memory] Memory content (raw):          0x0000000000000000
[319045,688600832:03:31:46.874845] child_stack[14]:
[319045,688600832:03:31:46.874846] [Memory] Memory addr:                   0x67b6ffff0070
[319045,688600832:03:31:46.874847] [Memory] Memory content (byte-swapped): 0x0000000000000000
[319045,688600832:03:31:46.874848] [Memory] Memory content (raw):          0x0000000000000000
[319045,688600832:03:31:46.874849] parent_stack[14]:
[319045,688600832:03:31:46.874850] [Memory] Memory addr:                   0x6a19ffff0070
[319045,688600832:03:31:46.874851] [Memory] Memory content (byte-swapped): 0x0000000000000000
[319045,688600832:03:31:46.874852] [Memory] Memory content (raw):          0x0000000000000000
[319045,688600832:03:31:46.874853] child_stack[15]:
[319045,688600832:03:31:46.874854] [Memory] Memory addr:                   0x67b6ffff0078
[319045,688600832:03:31:46.874855] [Memory] Memory content (byte-swapped): 0x0000000000000000
[319045,688600832:03:31:46.874856] [Memory] Memory content (raw):          0x0000000000000000
[319045,688600832:03:31:46.874857] parent_stack[15]:
[319045,688600832:03:31:46.874859] [Memory] Memory addr:                   0x6a19ffff0078
[319045,688600832:03:31:46.874860] [Memory] Memory content (byte-swapped): 0x0000000000000000
[319045,688600832:03:31:46.874861] [Memory] Memory content (raw):          0x0000000000000000
[319045,688600832:03:31:46.874862] child_rsp[0]:
[319045,688600832:03:31:46.874864] [Memory] Memory addr:                   0x67b6fffefcc0
[319045,688600832:03:31:46.874865] [Memory] Memory content (byte-swapped): 0x00000000fffefe50
[319045,688600832:03:31:46.874867] [Memory] Memory content (raw):          0x00000000fffefe50
[319045,688600832:03:31:46.874868] parent_rsp[0]:
[319045,688600832:03:31:46.874869] [Memory] Memory addr:                   0x6a19fffefcc0
[319045,688600832:03:31:46.874871] [Memory] Memory content (byte-swapped): 0x00000000fffefe50
[319045,688600832:03:31:46.874872] [Memory] Memory content (raw):          0x00000000fffefe50
[319045,688600832:03:31:46.874874] child_rsp[1]:
[319045,688600832:03:31:46.874875] [Memory] Memory addr:                   0x67b6fffefcc8
[319045,688600832:03:31:46.874876] [Memory] Memory content (byte-swapped): 0x00006a1901001580
[319045,688600832:03:31:46.874877] [Memory] Memory content (raw):          0x00006a1901001580
[319045,688600832:03:31:46.874879] parent_rsp[1]:
[319045,688600832:03:31:46.874880] [Memory] Memory addr:                   0x6a19fffefcc8
[319045,688600832:03:31:46.874882] [Memory] Memory content (byte-swapped): 0x00006a1901001580
[319045,688600832:03:31:46.874883] [Memory] Memory content (raw):          0x00006a1901001580
[319045,688600832:03:31:46.874884] child_rsp[2]:
[319045,688600832:03:31:46.874885] [Memory] Memory addr:                   0x67b6fffefcd0
[319045,688600832:03:31:46.874886] [Memory] Memory content (byte-swapped): 0x0000000600000003
[319045,688600832:03:31:46.874888] [Memory] Memory content (raw):          0x0000000600000003
[319045,688600832:03:31:46.874889] parent_rsp[2]:
[319045,688600832:03:31:46.874890] [Memory] Memory addr:                   0x6a19fffefcd0
[319045,688600832:03:31:46.874891] [Memory] Memory content (byte-swapped): 0x0000000600000003
[319045,688600832:03:31:46.874893] [Memory] Memory content (raw):          0x0000000600000003
[319045,688600832:03:31:46.874894] child_rsp[3]:
[319045,688600832:03:31:46.874895] [Memory] Memory addr:                   0x67b6fffefcd8
[319045,688600832:03:31:46.874896] [Memory] Memory content (byte-swapped): 0x0000000000000000
[319045,688600832:03:31:46.874898] [Memory] Memory content (raw):          0x0000000000000000
[319045,688600832:03:31:46.874899] parent_rsp[3]:
[319045,688600832:03:31:46.874901] [Memory] Memory addr:                   0x6a19fffefcd8
[319045,688600832:03:31:46.874902] [Memory] Memory content (byte-swapped): 0x0000000000000000
[319045,688600832:03:31:46.874903] [Memory] Memory content (raw):          0x0000000000000000
[319045,688600832:03:31:46.874905] child_rsp[4]:
[319045,688600832:03:31:46.874906] [Memory] Memory addr:                   0x67b6fffefce0
[319045,688600832:03:31:46.874907] [Memory] Memory content (byte-swapped): 0x1000000000000000
[319045,688600832:03:31:46.874908] [Memory] Memory content (raw):          0x1000000000000000
[319045,688600832:03:31:46.874909] parent_rsp[4]:
[319045,688600832:03:31:46.874910] [Memory] Memory addr:                   0x6a19fffefce0
[319045,688600832:03:31:46.874911] [Memory] Memory content (byte-swapped): 0x1000000000000000
[319045,688600832:03:31:46.874913] [Memory] Memory content (raw):          0x1000000000000000
[319045,688600832:03:31:46.874914] child_rsp[5]:
[319045,688600832:03:31:46.874915] [Memory] Memory addr:                   0x67b6fffefce8
[319045,688600832:03:31:46.874916] [Memory] Memory content (byte-swapped): 0x00000000010012e0
[319045,688600832:03:31:46.874917] [Memory] Memory content (raw):          0x00000000010012e0
[319045,688600832:03:31:46.874919] parent_rsp[5]:
[319045,688600832:03:31:46.874920] [Memory] Memory addr:                   0x6a19fffefce8
[319045,688600832:03:31:46.874921] [Memory] Memory content (byte-swapped): 0x00000000010012e0
[319045,688600832:03:31:46.874922] [Memory] Memory content (raw):          0x00000000010012e0
[319045,688600832:03:31:46.874923] child_rsp[6]:
[319045,688600832:03:31:46.874924] [Memory] Memory addr:                   0x67b6fffefcf0
[319045,688600832:03:31:46.874925] [Memory] Memory content (byte-swapped): 0x00000000fffefe50
[319045,688600832:03:31:46.874927] [Memory] Memory content (raw):          0x00000000fffefe50
[319045,688600832:03:31:46.874928] parent_rsp[6]:
[319045,688600832:03:31:46.874929] [Memory] Memory addr:                   0x6a19fffefcf0
[319045,688600832:03:31:46.874930] [Memory] Memory content (byte-swapped): 0x00000000fffefe50
[319045,688600832:03:31:46.874931] [Memory] Memory content (raw):          0x00000000fffefe50
[319045,688600832:03:31:46.874932] child_rsp[7]:
[319045,688600832:03:31:46.874933] [Memory] Memory addr:                   0x67b6fffefcf8
[319045,688600832:03:31:46.874934] [Memory] Memory content (byte-swapped): 0x00006a19010068c0
[319045,688600832:03:31:46.874935] [Memory] Memory content (raw):          0x00006a19010068c0
[319045,688600832:03:31:46.874936] parent_rsp[7]:
[319045,688600832:03:31:46.874937] [Memory] Memory addr:                   0x6a19fffefcf8
[319045,688600832:03:31:46.874938] [Memory] Memory content (byte-swapped): 0x00006a19010068c0
[319045,688600832:03:31:46.874939] [Memory] Memory content (raw):          0x00006a19010068c0
[319045,688600832:03:31:46.874941] child_rsp[8]:
[319045,688600832:03:31:46.874942] [Memory] Memory addr:                   0x67b6fffefd00
[319045,688600832:03:31:46.874943] [Memory] Memory content (byte-swapped): 0x00000000001e8480
[319045,688600832:03:31:46.874944] [Memory] Memory content (raw):          0x00000000001e8480
[319045,688600832:03:31:46.874945] parent_rsp[8]:
[319045,688600832:03:31:46.874946] [Memory] Memory addr:                   0x6a19fffefd00
[319045,688600832:03:31:46.874947] [Memory] Memory content (byte-swapped): 0x00000000001e8480
[319045,688600832:03:31:46.874948] [Memory] Memory content (raw):          0x00000000001e8480
[319045,688600832:03:31:46.874950] child_rsp[9]:
[319045,688600832:03:31:46.874950] [Memory] Memory addr:                   0x67b6fffefd08
[319045,688600832:03:31:46.874952] [Memory] Memory content (byte-swapped): 0x0000000001001400
[319045,688600832:03:31:46.874953] [Memory] Memory content (raw):          0x0000000001001400
[319045,688600832:03:31:46.874954] parent_rsp[9]:
[319045,688600832:03:31:46.874955] [Memory] Memory addr:                   0x6a19fffefd08
[319045,688600832:03:31:46.874956] [Memory] Memory content (byte-swapped): 0x0000000001001400
[319045,688600832:03:31:46.874957] [Memory] Memory content (raw):          0x0000000001001400
[319045,688600832:03:31:46.874958] child_rsp[10]:
[319045,688600832:03:31:46.874959] [Memory] Memory addr:                   0x67b6fffefd10
[319045,688600832:03:31:46.874960] [Memory] Memory content (byte-swapped): 0x0000000000000000
[319045,688600832:03:31:46.874962] [Memory] Memory content (raw):          0x0000000000000000
[319045,688600832:03:31:46.874963] parent_rsp[10]:
[319045,688600832:03:31:46.874964] [Memory] Memory addr:                   0x6a19fffefd10
[319045,688600832:03:31:46.874965] [Memory] Memory content (byte-swapped): 0x0000000000000000
[319045,688600832:03:31:46.874967] [Memory] Memory content (raw):          0x0000000000000000
[319045,688600832:03:31:46.874968] child_rsp[11]:
[319045,688600832:03:31:46.874969] [Memory] Memory addr:                   0x67b6fffefd18
[319045,688600832:03:31:46.874971] [Memory] Memory content (byte-swapped): 0x0000000500000004
[319045,688600832:03:31:46.874972] [Memory] Memory content (raw):          0x0000000500000004
[319045,688600832:03:31:46.874973] parent_rsp[11]:
[319045,688600832:03:31:46.874974] [Memory] Memory addr:                   0x6a19fffefd18
[319045,688600832:03:31:46.874975] [Memory] Memory content (byte-swapped): 0x0000000500000004
[319045,688600832:03:31:46.874977] [Memory] Memory content (raw):          0x0000000500000004
[319045,688600832:03:31:46.874978] child_rsp[12]:
[319045,688600832:03:31:46.874979] [Memory] Memory addr:                   0x67b6fffefd20
[319045,688600832:03:31:46.874980] [Memory] Memory content (byte-swapped): 0x0000000000000001
[319045,688600832:03:31:46.874981] [Memory] Memory content (raw):          0x0000000000000001
[319045,688600832:03:31:46.874983] parent_rsp[12]:
[319045,688600832:03:31:46.874984] [Memory] Memory addr:                   0x6a19fffefd20
[319045,688600832:03:31:46.874985] [Memory] Memory content (byte-swapped): 0x0000000000000001
[319045,688600832:03:31:46.874986] [Memory] Memory content (raw):          0x0000000000000001
[319045,688600832:03:31:46.874987] child_rsp[13]:
[319045,688600832:03:31:46.874988] [Memory] Memory addr:                   0x67b6fffefd28
[319045,688600832:03:31:46.874989] [Memory] Memory content (byte-swapped): 0x00000000fffefe50
[319045,688600832:03:31:46.874991] [Memory] Memory content (raw):          0x00000000fffefe50
[319045,688600832:03:31:46.874992] parent_rsp[13]:
[319045,688600832:03:31:46.874993] [Memory] Memory addr:                   0x6a19fffefd28
[319045,688600832:03:31:46.874994] [Memory] Memory content (byte-swapped): 0x00000000fffefe50
[319045,688600832:03:31:46.874995] [Memory] Memory content (raw):          0x00000000fffefe50
[319045,688600832:03:31:46.874996] child_rsp[14]:
[319045,688600832:03:31:46.874997] [Memory] Memory addr:                   0x67b6fffefd30
[319045,688600832:03:31:46.874998] [Memory] Memory content (byte-swapped): 0x00000000001e8480
[319045,688600832:03:31:46.874999] [Memory] Memory content (raw):          0x00000000001e8480
[319045,688600832:03:31:46.875001] parent_rsp[14]:
[319045,688600832:03:31:46.875002] [Memory] Memory addr:                   0x6a19fffefd30
[319045,688600832:03:31:46.875003] [Memory] Memory content (byte-swapped): 0x00000000001e8480
[319045,688600832:03:31:46.875004] [Memory] Memory content (raw):          0x00000000001e8480
[319045,688600832:03:31:46.875005] child_rsp[15]:
[319045,688600832:03:31:46.875006] [Memory] Memory addr:                   0x67b6fffefd38
[319045,688600832:03:31:46.875007] [Memory] Memory content (byte-swapped): 0x00006a1901007a40
[319045,688600832:03:31:46.875008] [Memory] Memory content (raw):          0x00006a1901007a40
[319045,688600832:03:31:46.875009] parent_rsp[15]:
[319045,688600832:03:31:46.875010] [Memory] Memory addr:                   0x6a19fffefd38
[319045,688600832:03:31:46.875011] [Memory] Memory content (byte-swapped): 0x00006a1901007a40
[319045,688600832:03:31:46.875013] [Memory] Memory content (raw):          0x00006a1901007a40
[319045,688600832:03:31:46.875046] [fork_num = 2, child = 3, parent = 2]
[319045,688600832:03:31:46.875051] Cage 2 Entered NaClSysClose(0x7ca62406f5f0, 6)
[319045,688600832:03:31:46.875060] Entered NaClSysMmap(0x00000000,0x40000,0x3,0x22,-1,0xfffefb68)
[319045,688600832:03:31:46.875063]  offset = 0x00000000
[319045,688600832:03:31:46.875065] NaClSysMmap: FindMapSpace: page 0xfefc0
[319045,688600832:03:31:46.875067] NaClSysMmap: new starting addr: 0xfefc0000
[319045,688600832:03:31:46.875068] NaClSysMmap: (,,0x6a19fefc0000,0x00040000,0x3,0x32,0x00000000)
[319045,688600832:03:31:46.875074] NaClVmmapUpdate(0x7ca6240678f8, 0xfefc0, 0x40, 0x3, 0x32, 0, 0x0, 0xffffffffffffffff)
[319045,688600832:03:31:46.875076] NaClVmmapAddShmid(0x7ca6240678f8, 0xfefc0, 0x40, 0x3, 0x3, 0x32, 0x0, 0xffffffffffffffff)
[319045,688600832:03:31:46.875078] NaClSysMmap: returning 0xfefc0000
[319045,688600832:03:31:46.875091] Cage 2 Entered NaClSysGetppid(0x7ca62406f5f0)
[319045,688600832:03:31:46.875094] NaClSysGetppid: returning 1
[319045,688600832:03:31:46.875096] Cage 2 Entered NaClSysClose(0x7ca62406f5f0, 3)

** Signal 11 from untrusted code: pc=7ca629730f3b
Error in syscall: close - EBADF: invalid file descriptor
Error in syscall: close - EBADF: invalid file descriptor
Error in syscall: close - EBADF: invalid file descriptor
Error in syscall: close - EBADF: invalid file descriptor
Error in syscall: close - EBADF: invalid file descriptor
Error in syscall: close - EBADF: invalid file descriptor
Error in syscall: close - EBADF: invalid file descriptor
Error in syscall: close - EBADF: invalid file descriptor
Error in syscall: close - EBADF: invalid file descriptor
Error in syscall: close - EBADF: invalid file descriptor
Error in syscall: close - EBADF: invalid file descriptor
Error in syscall: close - EBADF: invalid file descriptor
Error in syscall: close - EBADF: invalid file descriptor
Error in syscall: close - EBADF: invalid file descriptor
Error in syscall: close - EBADF: invalid file descriptor
Error in syscall: close - EBADF: invalid file descriptor
Error in syscall: close - EBADF: invalid file descriptor
Error in syscall: close - EBADF: invalid file descriptor
[319045,688514816:03:31:46.875140] NaClAppForkThreadLauncher: entered
Error in syscall: close - EBADF: invalid file descriptor
Error in syscall: close - EBADF: invalid file descriptor
Error in syscall: close - EBADF: invalid file descriptor
Error in syscall: close - EBADF: invalid file descriptor
Error in syscall: close - EBADF: invalid file descriptor
Error in syscall: close - EBADF: invalid file descriptor[319045,688514816:03:31:46.875235]      natp  = 0x00007ca61c03a1a0

Error in syscall: close - EBADF: invalid file descriptor
[319045,688514816:03:31:46.875239]  prog_ctr  = 0x000067b600020bc0
Error in syscall: close - EBADF: invalid file descriptor
Error in syscall: close - EBADF: invalid file descriptor[319045,688514816:03:31:46.875241] stack_ptr  = 0x000067b6fffefcc0

Error in syscall: close - EBADF: invalid file descriptor
Error in syscall: close - EBADF: invalid file descriptor
Error in syscall: close - EBADF: invalid file descriptor
Error in syscall: close - EBADF: invalid file descriptor
[319045,688514816:03:31:46.875247] NaClStartThreadInApp: secure stack:   0x7ca62909dd20
Error in syscall: close - EBADF: invalid file descriptor
Error in syscall: close - EBADF: invalid file descriptor[319045,688514816:03:31:46.875248] NaClStartThreadInApp: adjusted stack: 0x7ca62909dd20

Error in syscall: close - EBADF: invalid file descriptor
[319045,688514816:03:31:46.875250] NaClStackThreadInApp: user stack: 0x67b6fffefcc0
Error in syscall: close - EBADF: invalid file descriptor
[319045,688514816:03:31:46.875253] NaClStartThreadInApp: switching to untrusted code
Error in syscall: close - EBADF: invalid file descriptor
[319045,688514816:03:31:46.875254] [NaClAppThreadLauncher] Nap 3 is ready to launch! child registers: 
[319045,688514816:03:31:46.875256] [Thread Context] cage id           = 3 
Error in syscall: close - EBADF: invalid file descriptor
Error in syscall: close - EBADF: invalid file descriptor
[319045,688514816:03:31:46.875258] [Thread Context] sysret            = (nil) 
Error in syscall: close - EBADF: invalid file descriptor
Error in syscall: close - EBADF: invalid file descriptor[319045,688514816:03:31:46.875261] [Thread Context] prog_ctr (%rip)  = 0x67b600020bc0 

Error in syscall: close - EBADF: invalid file descriptor[319045,688514816:03:31:46.875263] [Thread Context] new_prog_ctr      = 0x67b6011ff5e0 

Error in syscall: close - EBADF: invalid file descriptor
[319045,688514816:03:31:46.875265] [Thread Context] trusted_stack_ptr = 0x7ca62909dd20 
Error in syscall: close - EBADF: invalid file descriptor
Error in syscall: close - EBADF: invalid file descriptor
Error in syscall: close - EBADF: invalid file descriptor
Error in syscall: close - EBADF: invalid file descriptor
Error in syscall: close - EBADF: invalid file descriptor
[319045,688514816:03:31:46.875267] [Thread Context] registers:
	%tls_idx (0x3), %tls_value1 (0x10043100), %tls_value2 (0),
	%rax (0), %rbx (0xfffefe50), %rcx (0), %rdx (0),
	%rbp (0x67b6fffeff50), %rsi (0), %rdi (0), %rsp (0x67b6fffefcc0),
	%r8 (0), %r9 (0), %r10 (0), %r11 (0),
	%r12 (0xfffefe50), %r13 (0x6a19010014a0), %r14 (0), %r15 (0x67b600000000),
	%fcw (0x37f), %sys_fcw (0x37f), %mxcsr (0x1fa0), %sys_mxcsr (0x1fa0),
Error in syscall: close - EBADF: invalid file descriptor
Error in syscall: close - EBADF: invalid file descriptor[319045,688514816:03:31:46.875273] [NaClAppThreadPrintInfo] cage id = 3, prog_ctr = 0x67b600020bc0, new_prog_ctr = 0x67b6011ff5e0, sysret = 0

Error in syscall: close - EBADF: invalid file descriptor
Error in syscall: close - EBADF: invalid file descriptor
Error in syscall: close - EBADF: invalid file descriptor
Error in syscall: close - EBADF: invalid file descriptor
Error in syscall: close - EBADF: invalid file descriptor
Error in syscall: close - EBADF: invalid file descriptor
Error in syscall: close - EBADF: invalid file descriptor
Error in syscall: close - EBADF: invalid file descriptor
Error in syscall: close - EBADF: invalid file descriptor
Error in syscall: close - EBADF: invalid file descriptor
Error in syscall: close - EBADF: invalid file descriptor
Error in syscall: close - EBADF: invalid file descriptor
Error in syscall: close - EBADF: invalid file descriptor
Error in syscall: close - EBADF: invalid file descriptor
Error in syscall: close - EBADF: invalid file descriptor
[319045,688514816:03:31:46.875288] Cage 3 Entered NaClSysClose(0x7ca61c03a1a0, 3)
Error in syscall: close - EBADF: invalid file descriptor
Error in syscall: close - EBADF: invalid file descriptor
Error in syscall: close - EBADF: invalid file descriptor
Error in syscall: close - EBADF: invalid file descriptor
Error in syscall: close - EBADF: invalid file descriptor
Error in syscall: close - EBADF: invalid file descriptor
Error in syscall: close - EBADF: invalid file descriptor
Error in syscall: close - EBADF: invalid file descriptor
Error in syscall: close - EBADF: invalid file descriptor
Error in syscall: close - EBADF: invalid file descriptor
Error in syscall: close - EBADF: invalid file descriptor
Error in syscall: close - EBADF: invalid file descriptor
Error in syscall: close - EBADF: invalid file descriptor
[319045,688514816:03:31:46.875313] Cage 3 Entered NaClSysWrite(0x7ca61c03a1a0, 6, 0x10060000, 65536[0x10000])
Error in syscall: close - EBADF: invalid file descriptor
Error in syscall: close - EBADF: invalid file descriptor
Error in syscall: close - EBADF: invalid file descriptor
Error in syscall: close - EBADF: invalid file descriptor
Error in syscall: close - EBADF: invalid file descriptor
Error in syscall: close - EBADF: invalid file descriptor
Error in syscall: write - EPIPE: broken pipe
Error in syscall: close - EBADF: invalid file descriptor
Error in syscall: close - EBADF: invalid file descriptor
Error in syscall: close - EBADF: invalid file descriptor
Error in syscall: close - EBADF: invalid file descriptor
Error in syscall: close - EBADF: invalid file descriptor
Error in syscall: close - EBADF: invalid file descriptor
Error in syscall: close - EBADF: invalid file descriptor
Error in syscall: close - EBADF: invalid file descriptor
Error in syscall: close - EBADF: invalid file descriptor
Error in syscall: close - EBADF: invalid file descriptor
Error in syscall: close - EBADF: invalid file descriptor
Error in syscall: close - EBADF: invalid file descriptor
Error in syscall: close - EBADF: invalid file descriptor
Error in syscall: close - EBADF: invalid file descriptor
Error in syscall: close - EBADF: invalid file descriptor
Error in syscall: close - EBADF: invalid file descriptor
Error in syscall: close - EBADF: invalid file descriptor
Error in syscall: close - EBADF: invalid file descriptor
** Signal 13 from untrusted code: pc=7ca629730f68

Error in syscall: close - EBADF: invalid file descriptor
Error in syscall: close - EBADF: invalid file descriptor
Error in syscall: close - EBADF: invalid file descriptor
Error in syscall: close - EBADF: invalid file descriptor
Error in syscall: close - EBADF: invalid file descriptor
Error in syscall: close - EBADF: invalid file descriptor
Error in syscall: close - EBADF: invalid file descriptor
Error in syscall: close - EBADF: invalid file descriptor
Error in syscall: close - EBADF: invalid file descriptor
Error in syscall: close - EBADF: invalid file descriptor
Error in syscall: close - EBADF: invalid file descriptor
Error in syscall: close - EBADF: invalid file descriptor
Error in syscall: close - EBADF: invalid file descriptor
Error in syscall: close - EBADF: invalid file descriptor
Error in syscall: close - EBADF: invalid file descriptor
Error in syscall: close - EBADF: invalid file descriptor
Error in syscall: close - EBADF: invalid file descriptor
Error in syscall: close - EBADF: invalid file descriptor
Error in syscall: close - EBADF: invalid file descriptor
Error in syscall: close - EBADF: invalid file descriptor
Error in syscall: close - EBADF: invalid file descriptor
Error in syscall: close - EBADF: invalid file descriptor
Error in syscall: close - EBADF: invalid file descriptor
Error in syscall: close - EBADF: invalid file descriptor
Error in syscall: close - EBADF: invalid file descriptor
Error in syscall: close - EBADF: invalid file descriptor
Error in syscall: close - EBADF: invalid file descriptor
Error in syscall: close - EBADF: invalid file descriptor
Error in syscall: close - EBADF: invalid file descriptor
Error in syscall: close - EBADF: invalid file descriptor
Error in syscall: close - EBADF: invalid file descriptor
Error in syscall: close - EBADF: invalid file descriptor
Error in syscall: close - EBADF: invalid file descriptor
Error in syscall: close - EBADF: invalid file descriptor
Error in syscall: close - EBADF: invalid file descriptor
Error in syscall: close - EBADF: invalid file descriptor
Error in syscall: close - EBADF: invalid file descriptor
Error in syscall: close - EBADF: invalid file descriptor
Error in syscall: close - EBADF: invalid file descriptor
Error in syscall: close - EBADF: invalid file descriptor
Error in syscall: close - EBADF: invalid file descriptor
Error in syscall: close - EBADF: invalid file descriptor
Error in syscall: close - EBADF: invalid file descriptor
Error in syscall: close - EBADF: invalid file descriptor
Error in syscall: close - EBADF: invalid file descriptor
Error in syscall: close - EBADF: invalid file descriptor
Error in syscall: close - EBADF: invalid file descriptor
Error in syscall: close - EBADF: invalid file descriptor
Error in syscall: close - EBADF: invalid file descriptor
Error in syscall: close - EBADF: invalid file descriptor
Error in syscall: close - EBADF: invalid file descriptor
Error in syscall: close - EBADF: invalid file descriptor
Error in syscall: close - EBADF: invalid file descriptor
Error in syscall: close - EBADF: invalid file descriptor
Error in syscall: close - EBADF: invalid file descriptor
Error in syscall: close - EBADF: invalid file descriptor
Error in syscall: close - EBADF: invalid file descriptor
Error in syscall: close - EBADF: invalid file descriptor
Error in syscall: close - EBADF: invalid file descriptor
Error in syscall: close - EBADF: invalid file descriptor
Error in syscall: close - EBADF: invalid file descriptor
Error in syscall: close - EBADF: invalid file descriptor
Error in syscall: close - EBADF: invalid file descriptor
Error in syscall: close - EBADF: invalid file descriptor
Error in syscall: close - EBADF: invalid file descriptor
Error in syscall: close - EBADF: invalid file descriptor
Error in syscall: close - EBADF: invalid file descriptor
Error in syscall: close - EBADF: invalid file descriptor
Error in syscall: close - EBADF: invalid file descriptor
Error in syscall: close - EBADF: invalid file descriptor
Error in syscall: close - EBADF: invalid file descriptor
Error in syscall: close - EBADF: invalid file descriptor
Error in syscall: close - EBADF: invalid file descriptor
Error in syscall: close - EBADF: invalid file descriptor
Error in syscall: close - EBADF: invalid file descriptor
Error in syscall: close - EBADF: invalid file descriptor
Error in syscall: close - EBADF: invalid file descriptor
Error in syscall: close - EBADF: invalid file descriptor
Error in syscall: close - EBADF: invalid file descriptor
Error in syscall: close - EBADF: invalid file descriptor
Error in syscall: close - EBADF: invalid file descriptor
Error in syscall: close - EBADF: invalid file descriptor
Error in syscall: close - EBADF: invalid file descriptor
Error in syscall: close - EBADF: invalid file descriptor
Error in syscall: close - EBADF: invalid file descriptor
Error in syscall: close - EBADF: invalid file descriptor
Error in syscall: close - EBADF: invalid file descriptor
Error in syscall: close - EBADF: invalid file descriptor
Error in syscall: close - EBADF: invalid file descriptor
Error in syscall: close - EBADF: invalid file descriptor
Error in syscall: close - EBADF: invalid file descriptor
Error in syscall: close - EBADF: invalid file descriptor
Error in syscall: close - EBADF: invalid file descriptor
Error in syscall: close - EBADF: invalid file descriptor
Error in syscall: close - EBADF: invalid file descriptor
Error in syscall: close - EBADF: invalid file descriptor
Error in syscall: close - EBADF: invalid file descriptor
Error in syscall: close - EBADF: invalid file descriptor
Error in syscall: close - EBADF: invalid file descriptor
Error in syscall: close - EBADF: invalid file descriptor
Error in syscall: close - EBADF: invalid file descriptor
Error in syscall: close - EBADF: invalid file descriptor
Error in syscall: close - EBADF: invalid file descriptor
Error in syscall: close - EBADF: invalid file descriptor
Error in syscall: close - EBADF: invalid file descriptor
Error in syscall: close - EBADF: invalid file descriptor
Error in syscall: close - EBADF: invalid file descriptor
Error in syscall: close - EBADF: invalid file descriptor
Error in syscall: close - EBADF: invalid file descriptor
Error in syscall: close - EBADF: invalid file descriptor
Error in syscall: close - EBADF: invalid file descriptor
Error in syscall: close - EBADF: invalid file descriptor
Error in syscall: close - EBADF: invalid file descriptor
Error in syscall: close - EBADF: invalid file descriptor
Error in syscall: close - EBADF: invalid file descriptor
Error in syscall: close - EBADF: invalid file descriptor
Error in syscall: close - EBADF: invalid file descriptor
Error in syscall: close - EBADF: invalid file descriptor
Error in syscall: close - EBADF: invalid file descriptor
Error in syscall: close - EBADF: invalid file descriptor
Error in syscall: close - EBADF: invalid file descriptor
Error in syscall: close - EBADF: invalid file descriptor
Error in syscall: close - EBADF: invalid file descriptor
Error in syscall: close - EBADF: invalid file descriptor
Error in syscall: close - EBADF: invalid file descriptor
Error in syscall: close - EBADF: invalid file descriptor
Error in syscall: close - EBADF: invalid file descriptor
Error in syscall: close - EBADF: invalid file descriptor
Error in syscall: close - EBADF: invalid file descriptor
Error in syscall: close - EBADF: invalid file descriptor
Error in syscall: close - EBADF: invalid file descriptor
Error in syscall: close - EBADF: invalid file descriptor
Error in syscall: close - EBADF: invalid file descriptor
Error in syscall: close - EBADF: invalid file descriptor
Error in syscall: close - EBADF: invalid file descriptor
Error in syscall: close - EBADF: invalid file descriptor
Error in syscall: close - EBADF: invalid file descriptor
Error in syscall: close - EBADF: invalid file descriptor
Error in syscall: close - EBADF: invalid file descriptor
Error in syscall: close - EBADF: invalid file descriptor
Error in syscall: close - EBADF: invalid file descriptor
Error in syscall: close - EBADF: invalid file descriptor
Error in syscall: close - EBADF: invalid file descriptor
Error in syscall: close - EBADF: invalid file descriptor
Error in syscall: close - EBADF: invalid file descriptor
Error in syscall: close - EBADF: invalid file descriptor
Error in syscall: close - EBADF: invalid file descriptor
Error in syscall: close - EBADF: invalid file descriptor
Error in syscall: close - EBADF: invalid file descriptor
Error in syscall: close - EBADF: invalid file descriptor
Error in syscall: close - EBADF: invalid file descriptor
Error in syscall: close - EBADF: invalid file descriptor
Error in syscall: close - EBADF: invalid file descriptor
Error in syscall: close - EBADF: invalid file descriptor
Error in syscall: close - EBADF: invalid file descriptor
Error in syscall: close - EBADF: invalid file descriptor
Error in syscall: close - EBADF: invalid file descriptor
Error in syscall: close - EBADF: invalid file descriptor
Error in syscall: close - EBADF: invalid file descriptor
Error in syscall: close - EBADF: invalid file descriptor
Error in syscall: close - EBADF: invalid file descriptor
Error in syscall: close - EBADF: invalid file descriptor
Error in syscall: close - EBADF: invalid file descriptor
Error in syscall: close - EBADF: invalid file descriptor
Error in syscall: close - EBADF: invalid file descriptor
Error in syscall: close - EBADF: invalid file descriptor
Error in syscall: close - EBADF: invalid file descriptor
Error in syscall: close - EBADF: invalid file descriptor
Error in syscall: close - EBADF: invalid file descriptor
Error in syscall: close - EBADF: invalid file descriptor
Error in syscall: close - EBADF: invalid file descriptor
Error in syscall: close - EBADF: invalid file descriptor
Error in syscall: close - EBADF: invalid file descriptor
Error in syscall: close - EBADF: invalid file descriptor
Error in syscall: close - EBADF: invalid file descriptor
Error in syscall: close - EBADF: invalid file descriptor
Error in syscall: close - EBADF: invalid file descriptor
Error in syscall: close - EBADF: invalid file descriptor
Error in syscall: close - EBADF: invalid file descriptor
Error in syscall: close - EBADF: invalid file descriptor
Error in syscall: close - EBADF: invalid file descriptor
Error in syscall: close - EBADF: invalid file descriptor
Error in syscall: close - EBADF: invalid file descriptor
Error in syscall: close - EBADF: invalid file descriptor
Error in syscall: close - EBADF: invalid file descriptor
Error in syscall: close - EBADF: invalid file descriptor
Error in syscall: close - EBADF: invalid file descriptor
Error in syscall: close - EBADF: invalid file descriptor
Error in syscall: close - EBADF: invalid file descriptor
Error in syscall: close - EBADF: invalid file descriptor
Error in syscall: close - EBADF: invalid file descriptor
Error in syscall: close - EBADF: invalid file descriptor
Error in syscall: close - EBADF: invalid file descriptor
Error in syscall: close - EBADF: invalid file descriptor
Error in syscall: close - EBADF: invalid file descriptor
Error in syscall: close - EBADF: invalid file descriptor
Error in syscall: close - EBADF: invalid file descriptor
Error in syscall: close - EBADF: invalid file descriptor
Error in syscall: close - EBADF: invalid file descriptor
Error in syscall: close - EBADF: invalid file descriptor
Error in syscall: close - EBADF: invalid file descriptor
Error in syscall: close - EBADF: invalid file descriptor
Error in syscall: close - EBADF: invalid file descriptor
Error in syscall: close - EBADF: invalid file descriptor
Error in syscall: close - EBADF: invalid file descriptor
Error in syscall: close - EBADF: invalid file descriptor
Error in syscall: close - EBADF: invalid file descriptor
Error in syscall: close - EBADF: invalid file descriptor
Error in syscall: close - EBADF: invalid file descriptor
Error in syscall: close - EBADF: invalid file descriptor
Error in syscall: close - EBADF: invalid file descriptor
Error in syscall: close - EBADF: invalid file descriptor
Error in syscall: close - EBADF: invalid file descriptor
Error in syscall: close - EBADF: invalid file descriptor
Error in syscall: close - EBADF: invalid file descriptor
Error in syscall: close - EBADF: invalid file descriptor
Error in syscall: close - EBADF: invalid file descriptor
Error in syscall: close - EBADF: invalid file descriptor
Error in syscall: close - EBADF: invalid file descriptor
Error in syscall: close - EBADF: invalid file descriptor
Error in syscall: close - EBADF: invalid file descriptor
Error in syscall: close - EBADF: invalid file descriptor
Error in syscall: close - EBADF: invalid file descriptor
Error in syscall: close - EBADF: invalid file descriptor
Error in syscall: close - EBADF: invalid file descriptor
Error in syscall: close - EBADF: invalid file descriptor
Error in syscall: close - EBADF: invalid file descriptor
Error in syscall: close - EBADF: invalid file descriptor
Error in syscall: close - EBADF: invalid file descriptor
Error in syscall: close - EBADF: invalid file descriptor
Error in syscall: close - EBADF: invalid file descriptor
Error in syscall: close - EBADF: invalid file descriptor
Error in syscall: close - EBADF: invalid file descriptor
Error in syscall: close - EBADF: invalid file descriptor
Error in syscall: close - EBADF: invalid file descriptor
Error in syscall: close - EBADF: invalid file descriptor
Error in syscall: close - EBADF: invalid file descriptor
Error in syscall: close - EBADF: invalid file descriptor
Error in syscall: close - EBADF: invalid file descriptor
Error in syscall: close - EBADF: invalid file descriptor
Error in syscall: close - EBADF: invalid file descriptor
Error in syscall: close - EBADF: invalid file descriptor
Error in syscall: close - EBADF: invalid file descriptor
Error in syscall: close - EBADF: invalid file descriptor
Error in syscall: close - EBADF: invalid file descriptor
Error in syscall: close - EBADF: invalid file descriptor
Error in syscall: close - EBADF: invalid file descriptor
Error in syscall: close - EBADF: invalid file descriptor
Error in syscall: close - EBADF: invalid file descriptor
Error in syscall: close - EBADF: invalid file descriptor
Error in syscall: close - EBADF: invalid file descriptor
Error in syscall: close - EBADF: invalid file descriptor
Error in syscall: close - EBADF: invalid file descriptor
Error in syscall: close - EBADF: invalid file descriptor
Error in syscall: close - EBADF: invalid file descriptor
Error in syscall: close - EBADF: invalid file descriptor
Error in syscall: close - EBADF: invalid file descriptor
Error in syscall: close - EBADF: invalid file descriptor
Error in syscall: close - EBADF: invalid file descriptor
Error in syscall: close - EBADF: invalid file descriptor
Error in syscall: close - EBADF: invalid file descriptor
Error in syscall: close - EBADF: invalid file descriptor
Error in syscall: close - EBADF: invalid file descriptor
Error in syscall: close - EBADF: invalid file descriptor
Error in syscall: close - EBADF: invalid file descriptor
Error in syscall: close - EBADF: invalid file descriptor
Error in syscall: close - EBADF: invalid file descriptor
Error in syscall: close - EBADF: invalid file descriptor
Error in syscall: close - EBADF: invalid file descriptor
Error in syscall: close - EBADF: invalid file descriptor
Error in syscall: close - EBADF: invalid file descriptor
Error in syscall: close - EBADF: invalid file descriptor
Error in syscall: close - EBADF: invalid file descriptor
Error in syscall: close - EBADF: invalid file descriptor
Error in syscall: close - EBADF: invalid file descriptor
Error in syscall: close - EBADF: invalid file descriptor
Error in syscall: close - EBADF: invalid file descriptor
Error in syscall: close - EBADF: invalid file descriptor
Error in syscall: close - EBADF: invalid file descriptor
Error in syscall: close - EBADF: invalid file descriptor
Error in syscall: close - EBADF: invalid file descriptor
Error in syscall: close - EBADF: invalid file descriptor
Error in syscall: close - EBADF: invalid file descriptor
Error in syscall: close - EBADF: invalid file descriptor
Error in syscall: close - EBADF: invalid file descriptor
Error in syscall: close - EBADF: invalid file descriptor
Error in syscall: close - EBADF: invalid file descriptor
Error in syscall: close - EBADF: invalid file descriptor
Error in syscall: close - EBADF: invalid file descriptor
Error in syscall: close - EBADF: invalid file descriptor
Error in syscall: close - EBADF: invalid file descriptor
Error in syscall: close - EBADF: invalid file descriptor
Error in syscall: close - EBADF: invalid file descriptor
Error in syscall: close - EBADF: invalid file descriptor
Error in syscall: close - EBADF: invalid file descriptor
Error in syscall: close - EBADF: invalid file descriptor
Error in syscall: close - EBADF: invalid file descriptor
Error in syscall: close - EBADF: invalid file descriptor
Error in syscall: close - EBADF: invalid file descriptor
Error in syscall: close - EBADF: invalid file descriptor
Error in syscall: close - EBADF: invalid file descriptor
Error in syscall: close - EBADF: invalid file descriptor
Error in syscall: close - EBADF: invalid file descriptor
Error in syscall: close - EBADF: invalid file descriptor
Error in syscall: close - EBADF: invalid file descriptor
Error in syscall: close - EBADF: invalid file descriptor
Error in syscall: close - EBADF: invalid file descriptor
Error in syscall: close - EBADF: invalid file descriptor
Error in syscall: close - EBADF: invalid file descriptor
Error in syscall: close - EBADF: invalid file descriptor
Error in syscall: close - EBADF: invalid file descriptor
Error in syscall: close - EBADF: invalid file descriptor
Error in syscall: close - EBADF: invalid file descriptor
Error in syscall: close - EBADF: invalid file descriptor
Error in syscall: close - EBADF: invalid file descriptor
Error in syscall: close - EBADF: invalid file descriptor
Error in syscall: close - EBADF: invalid file descriptor
Error in syscall: close - EBADF: invalid file descriptor
Error in syscall: close - EBADF: invalid file descriptor
Error in syscall: close - EBADF: invalid file descriptor
Error in syscall: close - EBADF: invalid file descriptor
Error in syscall: close - EBADF: invalid file descriptor
Error in syscall: close - EBADF: invalid file descriptor
Error in syscall: close - EBADF: invalid file descriptor
Error in syscall: close - EBADF: invalid file descriptor
Error in syscall: close - EBADF: invalid file descriptor
Error in syscall: close - EBADF: invalid file descriptor
Error in syscall: close - EBADF: invalid file descriptor
Error in syscall: close - EBADF: invalid file descriptor
Error in syscall: close - EBADF: invalid file descriptor
Error in syscall: close - EBADF: invalid file descriptor
Error in syscall: close - EBADF: invalid file descriptor
Error in syscall: close - EBADF: invalid file descriptor
Error in syscall: close - EBADF: invalid file descriptor
Error in syscall: close - EBADF: invalid file descriptor
Error in syscall: close - EBADF: invalid file descriptor
Error in syscall: close - EBADF: invalid file descriptor
Error in syscall: close - EBADF: invalid file descriptor
Error in syscall: close - EBADF: invalid file descriptor
Error in syscall: close - EBADF: invalid file descriptor
Error in syscall: close - EBADF: invalid file descriptor
Error in syscall: close - EBADF: invalid file descriptor
Error in syscall: close - EBADF: invalid file descriptor
Error in syscall: close - EBADF: invalid file descriptor
Error in syscall: close - EBADF: invalid file descriptor
Error in syscall: close - EBADF: invalid file descriptor
Error in syscall: close - EBADF: invalid file descriptor
Error in syscall: close - EBADF: invalid file descriptor
Error in syscall: close - EBADF: invalid file descriptor
Error in syscall: close - EBADF: invalid file descriptor
Error in syscall: close - EBADF: invalid file descriptor
Error in syscall: close - EBADF: invalid file descriptor
Error in syscall: close - EBADF: invalid file descriptor
Error in syscall: close - EBADF: invalid file descriptor
Error in syscall: close - EBADF: invalid file descriptor
Error in syscall: close - EBADF: invalid file descriptor
Error in syscall: close - EBADF: invalid file descriptor
Error in syscall: close - EBADF: invalid file descriptor
Error in syscall: close - EBADF: invalid file descriptor
Error in syscall: close - EBADF: invalid file descriptor
Error in syscall: close - EBADF: invalid file descriptor
Error in syscall: close - EBADF: invalid file descriptor
Error in syscall: close - EBADF: invalid file descriptor
Error in syscall: close - EBADF: invalid file descriptor
Error in syscall: close - EBADF: invalid file descriptor
Error in syscall: close - EBADF: invalid file descriptor
Error in syscall: close - EBADF: invalid file descriptor
Error in syscall: close - EBADF: invalid file descriptor
Error in syscall: close - EBADF: invalid file descriptor
Error in syscall: close - EBADF: invalid file descriptor
Error in syscall: close - EBADF: invalid file descriptor
Error in syscall: close - EBADF: invalid file descriptor
Error in syscall: close - EBADF: invalid file descriptor
Error in syscall: close - EBADF: invalid file descriptor
Error in syscall: close - EBADF: invalid file descriptor
Error in syscall: close - EBADF: invalid file descriptor
Error in syscall: close - EBADF: invalid file descriptor
Error in syscall: close - EBADF: invalid file descriptor
Error in syscall: close - EBADF: invalid file descriptor
Error in syscall: close - EBADF: invalid file descriptor
Error in syscall: close - EBADF: invalid file descriptor
Error in syscall: close - EBADF: invalid file descriptor
Error in syscall: close - EBADF: invalid file descriptor
Error in syscall: close - EBADF: invalid file descriptor
Error in syscall: close - EBADF: invalid file descriptor
Error in syscall: close - EBADF: invalid file descriptor
Error in syscall: close - EBADF: invalid file descriptor
Error in syscall: close - EBADF: invalid file descriptor
Error in syscall: close - EBADF: invalid file descriptor
Error in syscall: close - EBADF: invalid file descriptor
Error in syscall: close - EBADF: invalid file descriptor
Error in syscall: close - EBADF: invalid file descriptor
Error in syscall: close - EBADF: invalid file descriptor
Error in syscall: close - EBADF: invalid file descriptor
Error in syscall: close - EBADF: invalid file descriptor
Error in syscall: close - EBADF: invalid file descriptor
Error in syscall: close - EBADF: invalid file descriptor
Error in syscall: close - EBADF: invalid file descriptor
Error in syscall: close - EBADF: invalid file descriptor
Error in syscall: close - EBADF: invalid file descriptor
Error in syscall: close - EBADF: invalid file descriptor
Error in syscall: close - EBADF: invalid file descriptor
Error in syscall: close - EBADF: invalid file descriptor
Error in syscall: close - EBADF: invalid file descriptor
Error in syscall: close - EBADF: invalid file descriptor
Error in syscall: close - EBADF: invalid file descriptor
Error in syscall: close - EBADF: invalid file descriptor
Error in syscall: close - EBADF: invalid file descriptor
Error in syscall: close - EBADF: invalid file descriptor
Error in syscall: close - EBADF: invalid file descriptor
Error in syscall: close - EBADF: invalid file descriptor
Error in syscall: close - EBADF: invalid file descriptor
Error in syscall: close - EBADF: invalid file descriptor
Error in syscall: close - EBADF: invalid file descriptor
Error in syscall: close - EBADF: invalid file descriptor
Error in syscall: close - EBADF: invalid file descriptor
Error in syscall: close - EBADF: invalid file descriptor
Error in syscall: close - EBADF: invalid file descriptor
Error in syscall: close - EBADF: invalid file descriptor
Error in syscall: close - EBADF: invalid file descriptor
Error in syscall: close - EBADF: invalid file descriptor
Error in syscall: close - EBADF: invalid file descriptor
Error in syscall: close - EBADF: invalid file descriptor
Error in syscall: close - EBADF: invalid file descriptor
Error in syscall: close - EBADF: invalid file descriptor
Error in syscall: close - EBADF: invalid file descriptor
Error in syscall: close - EBADF: invalid file descriptor
Error in syscall: close - EBADF: invalid file descriptor
Error in syscall: close - EBADF: invalid file descriptor
Error in syscall: close - EBADF: invalid file descriptor
Error in syscall: close - EBADF: invalid file descriptor
Error in syscall: close - EBADF: invalid file descriptor
Error in syscall: close - EBADF: invalid file descriptor
Error in syscall: close - EBADF: invalid file descriptor
Error in syscall: close - EBADF: invalid file descriptor
Error in syscall: close - EBADF: invalid file descriptor
Error in syscall: close - EBADF: invalid file descriptor
Error in syscall: close - EBADF: invalid file descriptor
Error in syscall: close - EBADF: invalid file descriptor
Error in syscall: close - EBADF: invalid file descriptor
Error in syscall: close - EBADF: invalid file descriptor
Error in syscall: close - EBADF: invalid file descriptor
Error in syscall: close - EBADF: invalid file descriptor
Error in syscall: close - EBADF: invalid file descriptor
Error in syscall: close - EBADF: invalid file descriptor
Error in syscall: close - EBADF: invalid file descriptor
Error in syscall: close - EBADF: invalid file descriptor
Error in syscall: close - EBADF: invalid file descriptor
Error in syscall: close - EBADF: invalid file descriptor
Error in syscall: close - EBADF: invalid file descriptor
Error in syscall: close - EBADF: invalid file descriptor
Error in syscall: close - EBADF: invalid file descriptor
Error in syscall: close - EBADF: invalid file descriptor
Error in syscall: close - EBADF: invalid file descriptor
Error in syscall: close - EBADF: invalid file descriptor
Error in syscall: close - EBADF: invalid file descriptor
Error in syscall: close - EBADF: invalid file descriptor
Error in syscall: close - EBADF: invalid file descriptor
Error in syscall: close - EBADF: invalid file descriptor
Error in syscall: close - EBADF: invalid file descriptor
Error in syscall: close - EBADF: invalid file descriptor
Error in syscall: close - EBADF: invalid file descriptor
Error in syscall: close - EBADF: invalid file descriptor
Error in syscall: close - EBADF: invalid file descriptor
Error in syscall: close - EBADF: invalid file descriptor
Error in syscall: close - EBADF: invalid file descriptor
Error in syscall: close - EBADF: invalid file descriptor
Error in syscall: close - EBADF: invalid file descriptor
Error in syscall: close - EBADF: invalid file descriptor
Error in syscall: close - EBADF: invalid file descriptor
Error in syscall: close - EBADF: invalid file descriptor
Error in syscall: close - EBADF: invalid file descriptor
Error in syscall: close - EBADF: invalid file descriptor
Error in syscall: close - EBADF: invalid file descriptor
Error in syscall: close - EBADF: invalid file descriptor
Error in syscall: close - EBADF: invalid file descriptor
Error in syscall: close - EBADF: invalid file descriptor
Error in syscall: close - EBADF: invalid file descriptor
Error in syscall: close - EBADF: invalid file descriptor
Error in syscall: close - EBADF: invalid file descriptor
Error in syscall: close - EBADF: invalid file descriptor
Error in syscall: close - EBADF: invalid file descriptor
Error in syscall: close - EBADF: invalid file descriptor
Error in syscall: close - EBADF: invalid file descriptor
Error in syscall: close - EBADF: invalid file descriptor
Error in syscall: close - EBADF: invalid file descriptor
Error in syscall: close - EBADF: invalid file descriptor
Error in syscall: close - EBADF: invalid file descriptor
Error in syscall: close - EBADF: invalid file descriptor
Error in syscall: close - EBADF: invalid file descriptor
Error in syscall: close - EBADF: invalid file descriptor
Error in syscall: close - EBADF: invalid file descriptor
Error in syscall: close - EBADF: invalid file descriptor
Error in syscall: close - EBADF: invalid file descriptor
Error in syscall: close - EBADF: invalid file descriptor
Error in syscall: close - EBADF: invalid file descriptor
Error in syscall: close - EBADF: invalid file descriptor
Error in syscall: close - EBADF: invalid file descriptor
Error in syscall: close - EBADF: invalid file descriptor
Error in syscall: close - EBADF: invalid file descriptor
Error in syscall: close - EBADF: invalid file descriptor
Error in syscall: close - EBADF: invalid file descriptor
Error in syscall: close - EBADF: invalid file descriptor
Error in syscall: close - EBADF: invalid file descriptor
Error in syscall: close - EBADF: invalid file descriptor
Error in syscall: close - EBADF: invalid file descriptor
Error in syscall: close - EBADF: invalid file descriptor
Error in syscall: close - EBADF: invalid file descriptor
Error in syscall: close - EBADF: invalid file descriptor
Error in syscall: close - EBADF: invalid file descriptor
Error in syscall: close - EBADF: invalid file descriptor
Error in syscall: close - EBADF: invalid file descriptor
Error in syscall: close - EBADF: invalid file descriptor
Error in syscall: close - EBADF: invalid file descriptor
Error in syscall: close - EBADF: invalid file descriptor
Error in syscall: close - EBADF: invalid file descriptor
Error in syscall: close - EBADF: invalid file descriptor
Error in syscall: close - EBADF: invalid file descriptor
Error in syscall: close - EBADF: invalid file descriptor
Error in syscall: close - EBADF: invalid file descriptor
Error in syscall: close - EBADF: invalid file descriptor
Error in syscall: close - EBADF: invalid file descriptor
Error in syscall: close - EBADF: invalid file descriptor
Error in syscall: close - EBADF: invalid file descriptor
Error in syscall: close - EBADF: invalid file descriptor
Error in syscall: close - EBADF: invalid file descriptor
Error in syscall: close - EBADF: invalid file descriptor
Error in syscall: close - EBADF: invalid file descriptor
Error in syscall: close - EBADF: invalid file descriptor
Error in syscall: close - EBADF: invalid file descriptor
Error in syscall: close - EBADF: invalid file descriptor
Error in syscall: close - EBADF: invalid file descriptor
Error in syscall: close - EBADF: invalid file descriptor
Error in syscall: close - EBADF: invalid file descriptor
Error in syscall: close - EBADF: invalid file descriptor
Error in syscall: close - EBADF: invalid file descriptor
Error in syscall: close - EBADF: invalid file descriptor
Error in syscall: close - EBADF: invalid file descriptor
Error in syscall: close - EBADF: invalid file descriptor
Error in syscall: close - EBADF: invalid file descriptor
Error in syscall: close - EBADF: invalid file descriptor
Error in syscall: close - EBADF: invalid file descriptor
Error in syscall: close - EBADF: invalid file descriptor
Error in syscall: close - EBADF: invalid file descriptor
Error in syscall: close - EBADF: invalid file descriptor
Error in syscall: close - EBADF: invalid file descriptor
Error in syscall: close - EBADF: invalid file descriptor
Error in syscall: close - EBADF: invalid file descriptor
Error in syscall: close - EBADF: invalid file descriptor
Error in syscall: close - EBADF: invalid file descriptor
Error in syscall: close - EBADF: invalid file descriptor
Error in syscall: close - EBADF: invalid file descriptor
Error in syscall: close - EBADF: invalid file descriptor
Error in syscall: close - EBADF: invalid file descriptor
Error in syscall: close - EBADF: invalid file descriptor
Error in syscall: close - EBADF: invalid file descriptor
Error in syscall: close - EBADF: invalid file descriptor
Error in syscall: close - EBADF: invalid file descriptor
Error in syscall: close - EBADF: invalid file descriptor
Error in syscall: close - EBADF: invalid file descriptor
Error in syscall: close - EBADF: invalid file descriptor
Error in syscall: close - EBADF: invalid file descriptor
Error in syscall: close - EBADF: invalid file descriptor
Error in syscall: close - EBADF: invalid file descriptor
Error in syscall: close - EBADF: invalid file descriptor
Error in syscall: close - EBADF: invalid file descriptor
Error in syscall: close - EBADF: invalid file descriptor
Error in syscall: close - EBADF: invalid file descriptor
Error in syscall: close - EBADF: invalid file descriptor
Error in syscall: close - EBADF: invalid file descriptor
Error in syscall: close - EBADF: invalid file descriptor
Error in syscall: close - EBADF: invalid file descriptor
Error in syscall: close - EBADF: invalid file descriptor
Error in syscall: close - EBADF: invalid file descriptor
Error in syscall: close - EBADF: invalid file descriptor
Error in syscall: close - EBADF: invalid file descriptor
Error in syscall: close - EBADF: invalid file descriptor
Error in syscall: close - EBADF: invalid file descriptor
Error in syscall: close - EBADF: invalid file descriptor
Error in syscall: close - EBADF: invalid file descriptor
Error in syscall: close - EBADF: invalid file descriptor
Error in syscall: close - EBADF: invalid file descriptor
Error in syscall: close - EBADF: invalid file descriptor
Error in syscall: close - EBADF: invalid file descriptor
Error in syscall: close - EBADF: invalid file descriptor
Error in syscall: close - EBADF: invalid file descriptor
Error in syscall: close - EBADF: invalid file descriptor
Error in syscall: close - EBADF: invalid file descriptor
Error in syscall: close - EBADF: invalid file descriptor
Error in syscall: close - EBADF: invalid file descriptor
Error in syscall: close - EBADF: invalid file descriptor
Error in syscall: close - EBADF: invalid file descriptor
Error in syscall: close - EBADF: invalid file descriptor
Error in syscall: close - EBADF: invalid file descriptor
Error in syscall: close - EBADF: invalid file descriptor
Error in syscall: close - EBADF: invalid file descriptor
Error in syscall: close - EBADF: invalid file descriptor
Error in syscall: close - EBADF: invalid file descriptor
Error in syscall: close - EBADF: invalid file descriptor
Error in syscall: close - EBADF: invalid file descriptor
Error in syscall: close - EBADF: invalid file descriptor
Error in syscall: close - EBADF: invalid file descriptor
Error in syscall: close - EBADF: invalid file descriptor
Error in syscall: close - EBADF: invalid file descriptor
Error in syscall: close - EBADF: invalid file descriptor
Error in syscall: close - EBADF: invalid file descriptor
Error in syscall: close - EBADF: invalid file descriptor
Error in syscall: close - EBADF: invalid file descriptor
Error in syscall: close - EBADF: invalid file descriptor
Error in syscall: close - EBADF: invalid file descriptor
Error in syscall: close - EBADF: invalid file descriptor
Error in syscall: close - EBADF: invalid file descriptor
Error in syscall: close - EBADF: invalid file descriptor
Error in syscall: close - EBADF: invalid file descriptor
Error in syscall: close - EBADF: invalid file descriptor
Error in syscall: close - EBADF: invalid file descriptor
Error in syscall: close - EBADF: invalid file descriptor
Error in syscall: close - EBADF: invalid file descriptor
Error in syscall: close - EBADF: invalid file descriptor
Error in syscall: close - EBADF: invalid file descriptor
Error in syscall: close - EBADF: invalid file descriptor
Error in syscall: close - EBADF: invalid file descriptor
Error in syscall: close - EBADF: invalid file descriptor
Error in syscall: close - EBADF: invalid file descriptor
Error in syscall: close - EBADF: invalid file descriptor
Error in syscall: close - EBADF: invalid file descriptor
Error in syscall: close - EBADF: invalid file descriptor
Error in syscall: close - EBADF: invalid file descriptor
Error in syscall: close - EBADF: invalid file descriptor
Error in syscall: close - EBADF: invalid file descriptor
Error in syscall: close - EBADF: invalid file descriptor
Error in syscall: close - EBADF: invalid file descriptor
Error in syscall: close - EBADF: invalid file descriptor
Error in syscall: close - EBADF: invalid file descriptor
Error in syscall: close - EBADF: invalid file descriptor
Error in syscall: close - EBADF: invalid file descriptor
Error in syscall: close - EBADF: invalid file descriptor
Error in syscall: close - EBADF: invalid file descriptor
Error in syscall: close - EBADF: invalid file descriptor
Error in syscall: close - EBADF: invalid file descriptor
Error in syscall: close - EBADF: invalid file descriptor
Error in syscall: close - EBADF: invalid file descriptor
Error in syscall: close - EBADF: invalid file descriptor
Error in syscall: close - EBADF: invalid file descriptor
Error in syscall: close - EBADF: invalid file descriptor
Error in syscall: close - EBADF: invalid file descriptor
Error in syscall: close - EBADF: invalid file descriptor
Error in syscall: close - EBADF: invalid file descriptor
Error in syscall: close - EBADF: invalid file descriptor
Error in syscall: close - EBADF: invalid file descriptor
Error in syscall: close - EBADF: invalid file descriptor
Error in syscall: close - EBADF: invalid file descriptor
Error in syscall: close - EBADF: invalid file descriptor
Error in syscall: close - EBADF: invalid file descriptor
Error in syscall: close - EBADF: invalid file descriptor
Error in syscall: close - EBADF: invalid file descriptor
Error in syscall: close - EBADF: invalid file descriptor
Error in syscall: close - EBADF: invalid file descriptor
Error in syscall: close - EBADF: invalid file descriptor
Error in syscall: close - EBADF: invalid file descriptor
Error in syscall: close - EBADF: invalid file descriptor
Error in syscall: close - EBADF: invalid file descriptor
Error in syscall: close - EBADF: invalid file descriptor
Error in syscall: close - EBADF: invalid file descriptor
Error in syscall: close - EBADF: invalid file descriptor
Error in syscall: close - EBADF: invalid file descriptor
Error in syscall: close - EBADF: invalid file descriptor
Error in syscall: close - EBADF: invalid file descriptor
Error in syscall: close - EBADF: invalid file descriptor
Error in syscall: close - EBADF: invalid file descriptor
Error in syscall: close - EBADF: invalid file descriptor
Error in syscall: close - EBADF: invalid file descriptor
Error in syscall: close - EBADF: invalid file descriptor
Error in syscall: close - EBADF: invalid file descriptor
Error in syscall: close - EBADF: invalid file descriptor
Error in syscall: close - EBADF: invalid file descriptor
Error in syscall: close - EBADF: invalid file descriptor
Error in syscall: close - EBADF: invalid file descriptor
Error in syscall: close - EBADF: invalid file descriptor
Error in syscall: close - EBADF: invalid file descriptor
Error in syscall: close - EBADF: invalid file descriptor
Error in syscall: close - EBADF: invalid file descriptor
Error in syscall: close - EBADF: invalid file descriptor
Error in syscall: close - EBADF: invalid file descriptor
Error in syscall: close - EBADF: invalid file descriptor
Error in syscall: close - EBADF: invalid file descriptor
Error in syscall: close - EBADF: invalid file descriptor
Error in syscall: close - EBADF: invalid file descriptor
Error in syscall: close - EBADF: invalid file descriptor
Error in syscall: close - EBADF: invalid file descriptor
Error in syscall: close - EBADF: invalid file descriptor
Error in syscall: close - EBADF: invalid file descriptor
Error in syscall: close - EBADF: invalid file descriptor
Error in syscall: close - EBADF: invalid file descriptor
Error in syscall: close - EBADF: invalid file descriptor
Error in syscall: close - EBADF: invalid file descriptor
Error in syscall: close - EBADF: invalid file descriptor
Error in syscall: close - EBADF: invalid file descriptor
Error in syscall: close - EBADF: invalid file descriptor
Error in syscall: close - EBADF: invalid file descriptor
Error in syscall: close - EBADF: invalid file descriptor
Error in syscall: close - EBADF: invalid file descriptor
Error in syscall: close - EBADF: invalid file descriptor
Error in syscall: close - EBADF: invalid file descriptor
Error in syscall: close - EBADF: invalid file descriptor
Error in syscall: close - EBADF: invalid file descriptor
Error in syscall: close - EBADF: invalid file descriptor
Error in syscall: close - EBADF: invalid file descriptor
Error in syscall: close - EBADF: invalid file descriptor
Error in syscall: close - EBADF: invalid file descriptor
Error in syscall: close - EBADF: invalid file descriptor
Error in syscall: close - EBADF: invalid file descriptor
Error in syscall: close - EBADF: invalid file descriptor
Error in syscall: close - EBADF: invalid file descriptor
Error in syscall: close - EBADF: invalid file descriptor
Error in syscall: close - EBADF: invalid file descriptor
Error in syscall: close - EBADF: invalid file descriptor
Error in syscall: close - EBADF: invalid file descriptor
Error in syscall: close - EBADF: invalid file descriptor
Error in syscall: close - EBADF: invalid file descriptor
Error in syscall: close - EBADF: invalid file descriptor
Error in syscall: close - EBADF: invalid file descriptor
Error in syscall: close - EBADF: invalid file descriptor
Error in syscall: close - EBADF: invalid file descriptor
Error in syscall: close - EBADF: invalid file descriptor
Error in syscall: close - EBADF: invalid file descriptor
Error in syscall: close - EBADF: invalid file descriptor
Error in syscall: close - EBADF: invalid file descriptor
Error in syscall: close - EBADF: invalid file descriptor
Error in syscall: close - EBADF: invalid file descriptor
Error in syscall: close - EBADF: invalid file descriptor
Error in syscall: close - EBADF: invalid file descriptor
Error in syscall: close - EBADF: invalid file descriptor
Error in syscall: close - EBADF: invalid file descriptor
Error in syscall: close - EBADF: invalid file descriptor
Error in syscall: close - EBADF: invalid file descriptor
Error in syscall: close - EBADF: invalid file descriptor
Error in syscall: close - EBADF: invalid file descriptor
Error in syscall: close - EBADF: invalid file descriptor
Error in syscall: close - EBADF: invalid file descriptor
Error in syscall: close - EBADF: invalid file descriptor
Error in syscall: close - EBADF: invalid file descriptor
Error in syscall: close - EBADF: invalid file descriptor
Error in syscall: close - EBADF: invalid file descriptor
Error in syscall: close - EBADF: invalid file descriptor
Error in syscall: close - EBADF: invalid file descriptor
Error in syscall: close - EBADF: invalid file descriptor
Error in syscall: close - EBADF: invalid file descriptor
Error in syscall: close - EBADF: invalid file descriptor
Error in syscall: close - EBADF: invalid file descriptor
Error in syscall: close - EBADF: invalid file descriptor
Error in syscall: close - EBADF: invalid file descriptor
Error in syscall: close - EBADF: invalid file descriptor
Error in syscall: close - EBADF: invalid file descriptor
Error in syscall: close - EBADF: invalid file descriptor
Error in syscall: close - EBADF: invalid file descriptor
Error in syscall: close - EBADF: invalid file descriptor
Error in syscall: close - EBADF: invalid file descriptor
Error in syscall: close - EBADF: invalid file descriptor
Error in syscall: close - EBADF: invalid file descriptor
Error in syscall: close - EBADF: invalid file descriptor
Error in syscall: close - EBADF: invalid file descriptor
Error in syscall: close - EBADF: invalid file descriptor
Error in syscall: close - EBADF: invalid file descriptor
Error in syscall: close - EBADF: invalid file descriptor
Error in syscall: close - EBADF: invalid file descriptor
Error in syscall: close - EBADF: invalid file descriptor
Error in syscall: close - EBADF: invalid file descriptor
Error in syscall: close - EBADF: invalid file descriptor
Error in syscall: close - EBADF: invalid file descriptor
Error in syscall: close - EBADF: invalid file descriptor
Error in syscall: close - EBADF: invalid file descriptor
Error in syscall: close - EBADF: invalid file descriptor
Error in syscall: close - EBADF: invalid file descriptor
Error in syscall: close - EBADF: invalid file descriptor
Error in syscall: close - EBADF: invalid file descriptor
Error in syscall: close - EBADF: invalid file descriptor
Error in syscall: close - EBADF: invalid file descriptor
Error in syscall: close - EBADF: invalid file descriptor
Error in syscall: close - EBADF: invalid file descriptor
Error in syscall: close - EBADF: invalid file descriptor
Error in syscall: close - EBADF: invalid file descriptor
Error in syscall: close - EBADF: invalid file descriptor
Error in syscall: close - EBADF: invalid file descriptor
Error in syscall: close - EBADF: invalid file descriptor
Error in syscall: close - EBADF: invalid file descriptor
Error in syscall: close - EBADF: invalid file descriptor
Error in syscall: close - EBADF: invalid file descriptor
Error in syscall: close - EBADF: invalid file descriptor
Error in syscall: close - EBADF: invalid file descriptor
Error in syscall: close - EBADF: invalid file descriptor
Error in syscall: close - EBADF: invalid file descriptor
Error in syscall: close - EBADF: invalid file descriptor
Error in syscall: close - EBADF: invalid file descriptor
Error in syscall: close - EBADF: invalid file descriptor
Error in syscall: close - EBADF: invalid file descriptor
Error in syscall: close - EBADF: invalid file descriptor
Error in syscall: close - EBADF: invalid file descriptor
Error in syscall: close - EBADF: invalid file descriptor
Error in syscall: close - EBADF: invalid file descriptor
Error in syscall: close - EBADF: invalid file descriptor
Error in syscall: close - EBADF: invalid file descriptor
Error in syscall: close - EBADF: invalid file descriptor
Error in syscall: close - EBADF: invalid file descriptor
Error in syscall: close - EBADF: invalid file descriptor
Error in syscall: close - EBADF: invalid file descriptor
Error in syscall: close - EBADF: invalid file descriptor
Error in syscall: close - EBADF: invalid file descriptor
Error in syscall: close - EBADF: invalid file descriptor
Error in syscall: close - EBADF: invalid file descriptor
Error in syscall: close - EBADF: invalid file descriptor
Error in syscall: close - EBADF: invalid file descriptor
Error in syscall: close - EBADF: invalid file descriptor
Error in syscall: close - EBADF: invalid file descriptor
Error in syscall: close - EBADF: invalid file descriptor
Error in syscall: close - EBADF: invalid file descriptor
Error in syscall: close - EBADF: invalid file descriptor
Error in syscall: close - EBADF: invalid file descriptor
Error in syscall: close - EBADF: invalid file descriptor
Error in syscall: close - EBADF: invalid file descriptor
Error in syscall: close - EBADF: invalid file descriptor
Error in syscall: close - EBADF: invalid file descriptor
Error in syscall: close - EBADF: invalid file descriptor
Error in syscall: close - EBADF: invalid file descriptor
Error in syscall: close - EBADF: invalid file descriptor
Error in syscall: close - EBADF: invalid file descriptor
Error in syscall: close - EBADF: invalid file descriptor
Error in syscall: close - EBADF: invalid file descriptor
Error in syscall: close - EBADF: invalid file descriptor
Error in syscall: close - EBADF: invalid file descriptor
Error in syscall: close - EBADF: invalid file descriptor
Error in syscall: close - EBADF: invalid file descriptor
Error in syscall: close - EBADF: invalid file descriptor
Error in syscall: close - EBADF: invalid file descriptor
Error in syscall: close - EBADF: invalid file descriptor
Error in syscall: close - EBADF: invalid file descriptor
Error in syscall: close - EBADF: invalid file descriptor
Error in syscall: close - EBADF: invalid file descriptor
Error in syscall: close - EBADF: invalid file descriptor
Error in syscall: close - EBADF: invalid file descriptor
Error in syscall: close - EBADF: invalid file descriptor
Error in syscall: close - EBADF: invalid file descriptor
Error in syscall: close - EBADF: invalid file descriptor
Error in syscall: close - EBADF: invalid file descriptor
Error in syscall: close - EBADF: invalid file descriptor
Error in syscall: close - EBADF: invalid file descriptor
Error in syscall: close - EBADF: invalid file descriptor
Error in syscall: close - EBADF: invalid file descriptor
Error in syscall: close - EBADF: invalid file descriptor
Error in syscall: close - EBADF: invalid file descriptor
Error in syscall: close - EBADF: invalid file descriptor
Error in syscall: close - EBADF: invalid file descriptor
Error in syscall: close - EBADF: invalid file descriptor
Error in syscall: close - EBADF: invalid file descriptor
Error in syscall: close - EBADF: invalid file descriptor
Error in syscall: close - EBADF: invalid file descriptor
Error in syscall: close - EBADF: invalid file descriptor
Error in syscall: close - EBADF: invalid file descriptor
Error in syscall: close - EBADF: invalid file descriptor
Error in syscall: close - EBADF: invalid file descriptor
Error in syscall: close - EBADF: invalid file descriptor
Error in syscall: close - EBADF: invalid file descriptor
Error in syscall: close - EBADF: invalid file descriptor
Error in syscall: close - EBADF: invalid file descriptor
Error in syscall: close - EBADF: invalid file descriptor
Error in syscall: close - EBADF: invalid file descriptor
Error in syscall: close - EBADF: invalid file descriptor
Error in syscall: close - EBADF: invalid file descriptor
Error in syscall: close - EBADF: invalid file descriptor
Error in syscall: close - EBADF: invalid file descriptor
Error in syscall: close - EBADF: invalid file descriptor
Error in syscall: close - EBADF: invalid file descriptor
Error in syscall: close - EBADF: invalid file descriptor
Error in syscall: close - EBADF: invalid file descriptor
Error in syscall: close - EBADF: invalid file descriptor
Error in syscall: close - EBADF: invalid file descriptor
Error in syscall: close - EBADF: invalid file descriptor
Error in syscall: close - EBADF: invalid file descriptor
Error in syscall: close - EBADF: invalid file descriptor
Error in syscall: close - EBADF: invalid file descriptor
Error in syscall: close - EBADF: invalid file descriptor
Error in syscall: close - EBADF: invalid file descriptor
Error in syscall: close - EBADF: invalid file descriptor
Error in syscall: close - EBADF: invalid file descriptor
Error in syscall: close - EBADF: invalid file descriptor
Error in syscall: close - EBADF: invalid file descriptor
Error in syscall: close - EBADF: invalid file descriptor
Error in syscall: close - EBADF: invalid file descriptor
Error in syscall: close - EBADF: invalid file descriptor
Error in syscall: close - EBADF: invalid file descriptor
Error in syscall: close - EBADF: invalid file descriptor
Error in syscall: close - EBADF: invalid file descriptor
Error in syscall: close - EBADF: invalid file descriptor
Error in syscall: close - EBADF: invalid file descriptor
Error in syscall: close - EBADF: invalid file descriptor
Error in syscall: close - EBADF: invalid file descriptor
Error in syscall: close - EBADF: invalid file descriptor
Error in syscall: close - EBADF: invalid file descriptor
Error in syscall: close - EBADF: invalid file descriptor
Error in syscall: close - EBADF: invalid file descriptor
Error in syscall: close - EBADF: invalid file descriptor
Error in syscall: close - EBADF: invalid file descriptor
Error in syscall: close - EBADF: invalid file descriptor
Error in syscall: close - EBADF: invalid file descriptor
Error in syscall: close - EBADF: invalid file descriptor
Error in syscall: close - EBADF: invalid file descriptor
Error in syscall: close - EBADF: invalid file descriptor
Error in syscall: close - EBADF: invalid file descriptor
Error in syscall: close - EBADF: invalid file descriptor
Error in syscall: close - EBADF: invalid file descriptor
Error in syscall: close - EBADF: invalid file descriptor
Error in syscall: close - EBADF: invalid file descriptor
Error in syscall: close - EBADF: invalid file descriptor
Error in syscall: close - EBADF: invalid file descriptor
Error in syscall: close - EBADF: invalid file descriptor
Error in syscall: close - EBADF: invalid file descriptor
Error in syscall: select - EINTR: interrupted function call
[319045,689788672:03:31:46.876296] [NaClAppThreadTeardown] cage id: 2
[319045,689788672:03:31:46.876313]  getting thread lock
Error in syscall: kill - ESRCH: Target cage does not exist[319045,689788672:03:31:46.876316] [parent 1] new child count: 0

[319045,689788672:03:31:46.876318] [NaClAppThreadTeardown][parent 1] removed cage: cage_id = 2
[319045,689788672:03:31:46.876324]  removing thread from thread table
[319045,689788672:03:31:46.876328]  unlocking thread
[319045,689788672:03:31:46.876330] Deconstructing nap
[319045,689788672:03:31:46.876332] Freeing Address Space
[319045,688670464:03:31:46.876335] [NaClSysWaitpid] entered waitpid!
[319045,688670464:03:31:46.876339] Thread children count: 0
[319045,688670464:03:31:46.876341] [NaClSysWaitpid] pid = 2 
[319045,688670464:03:31:46.876342] [NaClSysWaitpid] status = 0 
[319045,688670464:03:31:46.876343] [NaClSysWaitpid] options = 0 
[319045,688670464:03:31:46.876344] [NaClSysWaitpid] ret = 2 
[319045,688670464:03:31:46.876347] Cage 1 Entered NaClSysClose(0x5bf4123f76e0, 3)
[319045,688670464:03:31:46.876349] Cage 1 Entered NaClSysClose(0x5bf4123f76e0, 6)
[319045,688670464:03:31:46.876351] Cage 1 Entered NaClSysClose(0x5bf4123f76e0, 8)
[319045,688670464:03:31:46.876352] Cage 1 Entered NaClSysClose(0x5bf4123f76e0, 10)
[319045,689788672:03:31:46.876767] Tearing down mutexes
[319045,689788672:03:31:46.876772] Deleting io regions
[319045,689788672:03:31:46.876774] Tearing down dyn arrays
[319045,689788672:03:31:46.876777] Freeing nap
[319045,689788672:03:31:46.876778]  freeing thread object
[319045,688670464:03:31:46.876791] [NaClSysWaitpid] entered waitpid!
[319045,688670464:03:31:46.876793] [NaClSysWaitpid] pid = 2 
[319045,688670464:03:31:46.876794] [NaClSysWaitpid] status = 0 
[319045,688670464:03:31:46.876795] [NaClSysWaitpid] options = 0 
[319045,688670464:03:31:46.876796] [NaClSysWaitpid] ret = -10 
[319045,688670464:03:31:46.876802] Entered NaClSysMutexDestroy(0x5bf4123f76e0, 0)
[319045,688670464:03:31:46.876806] Exit syscall handler: 0
Error in syscall: close - EBADF: invalid file descriptor
Error in syscall: close - EBADF: invalid file descriptor
Error in syscall: close - EBADF: invalid file descriptor
Error in syscall: close - EBADF: invalid file descriptor
Error in syscall: close - EBADF: invalid file descriptor
Error in syscall: close - EBADF: invalid file descriptor
Error in syscall: close - EBADF: invalid file descriptor
Error in syscall: close - EBADF: invalid file descriptor
Error in syscall: close - EBADF: invalid file descriptor
Error in syscall: close - EBADF: invalid file descriptor
Error in syscall: close - EBADF: invalid file descriptor
Error in syscall: close - EBADF: invalid file descriptor
Error in syscall: close - EBADF: invalid file descriptor
Error in syscall: close - EBADF: invalid file descriptor
Error in syscall: close - EBADF: invalid file descriptor
Error in syscall: close - EBADF: invalid file descriptor
Error in syscall: close - EBADF: invalid file descriptor
Error in syscall: close - EBADF: invalid file descriptor
Error in syscall: close - EBADF: invalid file descriptor
Error in syscall: close - EBADF: invalid file descriptor
Error in syscall: close - EBADF: invalid file descriptor
Error in syscall: close - EBADF: invalid file descriptor
Error in syscall: close - EBADF: invalid file descriptor
Error in syscall: close - EBADF: invalid file descriptor
Error in syscall: close - EBADF: invalid file descriptor
Error in syscall: close - EBADF: invalid file descriptor
Error in syscall: close - EBADF: invalid file descriptor
Error in syscall: close - EBADF: invalid file descriptor
Error in syscall: close - EBADF: invalid file descriptor
Error in syscall: close - EBADF: invalid file descriptor
Error in syscall: close - EBADF: invalid file descriptor
Error in syscall: close - EBADF: invalid file descriptor
Error in syscall: close - EBADF: invalid file descriptor
Error in syscall: close - EBADF: invalid file descriptor
Error in syscall: close - EBADF: invalid file descriptor
Error in syscall: close - EBADF: invalid file descriptor
Error in syscall: close - EBADF: invalid file descriptor
Error in syscall: close - EBADF: invalid file descriptor
Error in syscall: close - EBADF: invalid file descriptor
Error in syscall: close - EBADF: invalid file descriptor
Error in syscall: close - EBADF: invalid file descriptor
Error in syscall: close - EBADF: invalid file descriptor
Error in syscall: close - EBADF: invalid file descriptor
Error in syscall: close - EBADF: invalid file descriptor
Error in syscall: close - EBADF: invalid file descriptor
Error in syscall: close - EBADF: invalid file descriptor
Error in syscall: close - EBADF: invalid file descriptor
Error in syscall: close - EBADF: invalid file descriptor
Error in syscall: close - EBADF: invalid file descriptor
Error in syscall: close - EBADF: invalid file descriptor
Error in syscall: close - EBADF: invalid file descriptor
Error in syscall: close - EBADF: invalid file descriptor
Error in syscall: close - EBADF: invalid file descriptor
Error in syscall: close - EBADF: invalid file descriptor
Error in syscall: close - EBADF: invalid file descriptor
Error in syscall: close - EBADF: invalid file descriptor
Error in syscall: close - EBADF: invalid file descriptor
Error in syscall: close - EBADF: invalid file descriptor
Error in syscall: close - EBADF: invalid file descriptor
Error in syscall: close - EBADF: invalid file descriptor
Error in syscall: close - EBADF: invalid file descriptor
Error in syscall: close - EBADF: invalid file descriptor
Error in syscall: close - EBADF: invalid file descriptor
Error in syscall: close - EBADF: invalid file descriptor
Error in syscall: close - EBADF: invalid file descriptor
Error in syscall: close - EBADF: invalid file descriptor
Error in syscall: close - EBADF: invalid file descriptor
Error in syscall: close - EBADF: invalid file descriptor
Error in syscall: close - EBADF: invalid file descriptor
Error in syscall: close - EBADF: invalid file descriptor
Error in syscall: close - EBADF: invalid file descriptor
Error in syscall: close - EBADF: invalid file descriptor
Error in syscall: close - EBADF: invalid file descriptor
Error in syscall: close - EBADF: invalid file descriptor
Error in syscall: close - EBADF: invalid file descriptor
Error in syscall: close - EBADF: invalid file descriptor
Error in syscall: close - EBADF: invalid file descriptor
Error in syscall: close - EBADF: invalid file descriptor
Error in syscall: close - EBADF: invalid file descriptor
Error in syscall: close - EBADF: invalid file descriptor
Error in syscall: close - EBADF: invalid file descriptor
Error in syscall: close - EBADF: invalid file descriptor
Error in syscall: close - EBADF: invalid file descriptor
Error in syscall: close - EBADF: invalid file descriptor
Error in syscall: close - EBADF: invalid file descriptor
Error in syscall: close - EBADF: invalid file descriptor
Error in syscall: close - EBADF: invalid file descriptor[319045,689804416:03:31:46.876899]  wakeup, nap->running 0, nap->exit_status 0

Error in syscall: close - EBADF: invalid file descriptor
Error in syscall: close - EBADF: invalid file descriptor
Error in syscall: close - EBADF: invalid file descriptor
Error in syscall: close - EBADF: invalid file descriptor
Error in syscall: close - EBADF: invalid file descriptor
Error in syscall: close - EBADF: invalid file descriptor
Error in syscall: close - EBADF: invalid file descriptor
Error in syscall: close - EBADF: invalid file descriptor
Error in syscall: close - EBADF: invalid file descriptor
Error in syscall: close - EBADF: invalid file descriptor
Error in syscall: close - EBADF: invalid file descriptor
Error in syscall: close - EBADF: invalid file descriptor
Error in syscall: close - EBADF: invalid file descriptor
Error in syscall: close - EBADF: invalid file descriptor
Error in syscall: close - EBADF: invalid file descriptor
Error in syscall: close - EBADF: invalid file descriptor
Error in syscall: close - EBADF: invalid file descriptor
Error in syscall: close - EBADF: invalid file descriptor
Error in syscall: close - EBADF: invalid file descriptor
Error in syscall: close - EBADF: invalid file descriptor
Error in syscall: close - EBADF: invalid file descriptor
Error in syscall: close - EBADF: invalid file descriptor
Error in syscall: close - EBADF: invalid file descriptor
Error in syscall: close - EBADF: invalid file descriptor
Error in syscall: close - EBADF: invalid file descriptor
Error in syscall: close - EBADF: invalid file descriptor
Error in syscall: close - EBADF: invalid file descriptor
Error in syscall: close - EBADF: invalid file descriptor
Error in syscall: close - EBADF: invalid file descriptor
Error in syscall: close - EBADF: invalid file descriptor
Error in syscall: close - EBADF: invalid file descriptor
Error in syscall: close - EBADF: invalid file descriptor
Error in syscall: close - EBADF: invalid file descriptor
Error in syscall: close - EBADF: invalid file descriptor
Error in syscall: close - EBADF: invalid file descriptor
Error in syscall: close - EBADF: invalid file descriptor
Error in syscall: close - EBADF: invalid file descriptor
Error in syscall: close - EBADF: invalid file descriptor
Error in syscall: close - EBADF: invalid file descriptor
Error in syscall: close - EBADF: invalid file descriptor
Error in syscall: close - EBADF: invalid file descriptor
Error in syscall: close - EBADF: invalid file descriptor
Error in syscall: close - EBADF: invalid file descriptor
Error in syscall: close - EBADF: invalid file descriptor
Error in syscall: close - EBADF: invalid file descriptor
Error in syscall: close - EBADF: invalid file descriptor
Error in syscall: close - EBADF: invalid file descriptor
Error in syscall: close - EBADF: invalid file descriptor
Error in syscall: close - EBADF: invalid file descriptor
Error in syscall: close - EBADF: invalid file descriptor
Error in syscall: close - EBADF: invalid file descriptor
Error in syscall: close - EBADF: invalid file descriptor
Error in syscall: close - EBADF: invalid file descriptor
Error in syscall: close - EBADF: invalid file descriptor
Error in syscall: close - EBADF: invalid file descriptor
Error in syscall: close - EBADF: invalid file descriptor
Error in syscall: close - EBADF: invalid file descriptor
Error in syscall: close - EBADF: invalid file descriptor
Error in syscall: close - EBADF: invalid file descriptor
Error in syscall: close - EBADF: invalid file descriptor
Error in syscall: close - EBADF: invalid file descriptor
Error in syscall: close - EBADF: invalid file descriptor
Error in syscall: close - EBADF: invalid file descriptor
Error in syscall: close - EBADF: invalid file descriptor
Error in syscall: close - EBADF: invalid file descriptor
Error in syscall: close - EBADF: invalid file descriptor
Error in syscall: close - EBADF: invalid file descriptor
Error in syscall: close - EBADF: invalid file descriptor
Error in syscall: close - EBADF: invalid file descriptor
Error in syscall: close - EBADF: invalid file descriptor
Error in syscall: close - EBADF: invalid file descriptor
Error in syscall: close - EBADF: invalid file descriptor
Error in syscall: close - EBADF: invalid file descriptor
Error in syscall: close - EBADF: invalid file descriptor
Error in syscall: close - EBADF: invalid file descriptor
Error in syscall: close - EBADF: invalid file descriptor
Error in syscall: close - EBADF: invalid file descriptor
Error in syscall: close - EBADF: invalid file descriptor
Error in syscall: close - EBADF: invalid file descriptor
Error in syscall: close - EBADF: invalid file descriptor
Error in syscall: close - EBADF: invalid file descriptor
Error in syscall: close - EBADF: invalid file descriptor
Error in syscall: close - EBADF: invalid file descriptor
Error in syscall: close - EBADF: invalid file descriptor
Error in syscall: close - EBADF: invalid file descriptor
Error in syscall: close - EBADF: invalid file descriptor
Error in syscall: close - EBADF: invalid file descriptor
Error in syscall: close - EBADF: invalid file descriptor
Error in syscall: close - EBADF: invalid file descriptor
Error in syscall: close - EBADF: invalid file descriptor
Error in syscall: close - EBADF: invalid file descriptor
Error in syscall: close - EBADF: invalid file descriptor
Error in syscall: close - EBADF: invalid file descriptor
Error in syscall: close - EBADF: invalid file descriptor
Error in syscall: close - EBADF: invalid file descriptor
Error in syscall: close - EBADF: invalid file descriptor
Error in syscall: close - EBADF: invalid file descriptor
Error in syscall: close - EBADF: invalid file descriptor
Error in syscall: close - EBADF: invalid file descriptor
Error in syscall: close - EBADF: invalid file descriptor
Error in syscall: close - EBADF: invalid file descriptor
Error in syscall: close - EBADF: invalid file descriptor
Error in syscall: close - EBADF: invalid file descriptor
Error in syscall: close - EBADF: invalid file descriptor
Error in syscall: close - EBADF: invalid file descriptor
Error in syscall: close - EBADF: invalid file descriptor
Error in syscall: close - EBADF: invalid file descriptor
Error in syscall: close - EBADF: invalid file descriptor
Error in syscall: close - EBADF: invalid file descriptor
Error in syscall: close - EBADF: invalid file descriptor
Error in syscall: close - EBADF: invalid file descriptor
Error in syscall: close - EBADF: invalid file descriptor
Error in syscall: close - EBADF: invalid file descriptor
Error in syscall: close - EBADF: invalid file descriptor
Error in syscall: close - EBADF: invalid file descriptor
Error in syscall: close - EBADF: invalid file descriptor
Error in syscall: close - EBADF: invalid file descriptor
Error in syscall: close - EBADF: invalid file descriptor
Error in syscall: close - EBADF: invalid file descriptor
Error in syscall: close - EBADF: invalid file descriptor
Error in syscall: close - EBADF: invalid file descriptor
Error in syscall: close - EBADF: invalid file descriptor
Error in syscall: close - EBADF: invalid file descriptor
Error in syscall: close - EBADF: invalid file descriptor
Error in syscall: close - EBADF: invalid file descriptor
Error in syscall: close - EBADF: invalid file descriptor
Error in syscall: close - EBADF: invalid file descriptor
Error in syscall: close - EBADF: invalid file descriptor
Error in syscall: close - EBADF: invalid file descriptor
Error in syscall: close - EBADF: invalid file descriptor
Error in syscall: close - EBADF: invalid file descriptor
Error in syscall: close - EBADF: invalid file descriptor
Error in syscall: close - EBADF: invalid file descriptor
Error in syscall: close - EBADF: invalid file descriptor
Error in syscall: close - EBADF: invalid file descriptor
Error in syscall: close - EBADF: invalid file descriptor
Error in syscall: close - EBADF: invalid file descriptor
Error in syscall: close - EBADF: invalid file descriptor
Error in syscall: close - EBADF: invalid file descriptor
Error in syscall: close - EBADF: invalid file descriptor
Error in syscall: close - EBADF: invalid file descriptor
Error in syscall: close - EBADF: invalid file descriptor
Error in syscall: close - EBADF: invalid file descriptor
Error in syscall: close - EBADF: invalid file descriptor
Error in syscall: close - EBADF: invalid file descriptor
Error in syscall: close - EBADF: invalid file descriptor
Error in syscall: close - EBADF: invalid file descriptor
Error in syscall: close - EBADF: invalid file descriptor
Error in syscall: close - EBADF: invalid file descriptor
Error in syscall: close - EBADF: invalid file descriptor
Error in syscall: close - EBADF: invalid file descriptor
Error in syscall: close - EBADF: invalid file descriptor
Error in syscall: close - EBADF: invalid file descriptor
Error in syscall: close - EBADF: invalid file descriptor
Error in syscall: close - EBADF: invalid file descriptor
Error in syscall: close - EBADF: invalid file descriptor
Error in syscall: close - EBADF: invalid file descriptor
Error in syscall: close - EBADF: invalid file descriptor
Error in syscall: close - EBADF: invalid file descriptor
Error in syscall: close - EBADF: invalid file descriptor
Error in syscall: close - EBADF: invalid file descriptor
Error in syscall: close - EBADF: invalid file descriptor
Error in syscall: close - EBADF: invalid file descriptor
Error in syscall: close - EBADF: invalid file descriptor
Error in syscall: close - EBADF: invalid file descriptor
Error in syscall: close - EBADF: invalid file descriptor
Error in syscall: close - EBADF: invalid file descriptor
Error in syscall: close - EBADF: invalid file descriptor
Error in syscall: close - EBADF: invalid file descriptor
Error in syscall: close - EBADF: invalid file descriptor
Error in syscall: close - EBADF: invalid file descriptor
Error in syscall: close - EBADF: invalid file descriptor
Error in syscall: close - EBADF: invalid file descriptor
Error in syscall: close - EBADF: invalid file descriptor
Error in syscall: close - EBADF: invalid file descriptor
Error in syscall: close - EBADF: invalid file descriptor
Error in syscall: close - EBADF: invalid file descriptor
Error in syscall: close - EBADF: invalid file descriptor
Error in syscall: close - EBADF: invalid file descriptor
Error in syscall: close - EBADF: invalid file descriptor
Error in syscall: close - EBADF: invalid file descriptor
Error in syscall: close - EBADF: invalid file descriptor
Error in syscall: close - EBADF: invalid file descriptor
Error in syscall: close - EBADF: invalid file descriptor
Error in syscall: close - EBADF: invalid file descriptor
Error in syscall: close - EBADF: invalid file descriptor
Error in syscall: close - EBADF: invalid file descriptor
Error in syscall: close - EBADF: invalid file descriptor
Error in syscall: close - EBADF: invalid file descriptor
Error in syscall: close - EBADF: invalid file descriptor
Error in syscall: close - EBADF: invalid file descriptor
Error in syscall: close - EBADF: invalid file descriptor
Error in syscall: close - EBADF: invalid file descriptor
Error in syscall: close - EBADF: invalid file descriptor
Error in syscall: close - EBADF: invalid file descriptor
Error in syscall: close - EBADF: invalid file descriptor
Error in syscall: close - EBADF: invalid file descriptor
Error in syscall: close - EBADF: invalid file descriptor
Error in syscall: close - EBADF: invalid file descriptor
Error in syscall: close - EBADF: invalid file descriptor
Error in syscall: close - EBADF: invalid file descriptor
Error in syscall: close - EBADF: invalid file descriptor
Error in syscall: close - EBADF: invalid file descriptor
Error in syscall: close - EBADF: invalid file descriptor
Error in syscall: close - EBADF: invalid file descriptor
Error in syscall: close - EBADF: invalid file descriptor
Error in syscall: close - EBADF: invalid file descriptor
Error in syscall: close - EBADF: invalid file descriptor
Error in syscall: close - EBADF: invalid file descriptor
Error in syscall: close - EBADF: invalid file descriptor
Error in syscall: close - EBADF: invalid file descriptor
Error in syscall: close - EBADF: invalid file descriptor
Error in syscall: close - EBADF: invalid file descriptor
Error in syscall: close - EBADF: invalid file descriptor
Error in syscall: close - EBADF: invalid file descriptor
Error in syscall: close - EBADF: invalid file descriptor
Error in syscall: close - EBADF: invalid file descriptor
Error in syscall: close - EBADF: invalid file descriptor
Error in syscall: close - EBADF: invalid file descriptor
Error in syscall: close - EBADF: invalid file descriptor
Error in syscall: close - EBADF: invalid file descriptor
Error in syscall: close - EBADF: invalid file descriptor
Error in syscall: close - EBADF: invalid file descriptor
Error in syscall: close - EBADF: invalid file descriptor
Error in syscall: close - EBADF: invalid file descriptor
Error in syscall: close - EBADF: invalid file descriptor
Error in syscall: close - EBADF: invalid file descriptor
Error in syscall: close - EBADF: invalid file descriptor
Error in syscall: close - EBADF: invalid file descriptor
Error in syscall: close - EBADF: invalid file descriptor
Error in syscall: close - EBADF: invalid file descriptor
Error in syscall: close - EBADF: invalid file descriptor
Error in syscall: close - EBADF: invalid file descriptor
Error in syscall: close - EBADF: invalid file descriptor
Error in syscall: close - EBADF: invalid file descriptor
Error in syscall: close - EBADF: invalid file descriptor
Error in syscall: close - EBADF: invalid file descriptor
Error in syscall: close - EBADF: invalid file descriptor
Error in syscall: close - EBADF: invalid file descriptor
Error in syscall: close - EBADF: invalid file descriptor
Error in syscall: close - EBADF: invalid file descriptor
Error in syscall: close - EBADF: invalid file descriptor
Error in syscall: close - EBADF: invalid file descriptor
Error in syscall: close - EBADF: invalid file descriptor
Error in syscall: close - EBADF: invalid file descriptor
Error in syscall: close - EBADF: invalid file descriptor
Error in syscall: close - EBADF: invalid file descriptor
Error in syscall: close - EBADF: invalid file descriptor
Error in syscall: close - EBADF: invalid file descriptor
Error in syscall: close - EBADF: invalid file descriptor
Error in syscall: close - EBADF: invalid file descriptor
Error in syscall: close - EBADF: invalid file descriptor
Error in syscall: close - EBADF: invalid file descriptor
Error in syscall: close - EBADF: invalid file descriptor
Error in syscall: close - EBADF: invalid file descriptor
Error in syscall: close - EBADF: invalid file descriptor
Error in syscall: close - EBADF: invalid file descriptor
Error in syscall: close - EBADF: invalid file descriptor
Error in syscall: close - EBADF: invalid file descriptor
Error in syscall: close - EBADF: invalid file descriptor
Error in syscall: close - EBADF: invalid file descriptor
Error in syscall: close - EBADF: invalid file descriptor
Error in syscall: close - EBADF: invalid file descriptor
Error in syscall: close - EBADF: invalid file descriptor
Error in syscall: close - EBADF: invalid file descriptor
Error in syscall: close - EBADF: invalid file descriptor
Error in syscall: close - EBADF: invalid file descriptor
Error in syscall: close - EBADF: invalid file descriptor
Error in syscall: close - EBADF: invalid file descriptor
Error in syscall: close - EBADF: invalid file descriptor
Error in syscall: close - EBADF: invalid file descriptor
Error in syscall: close - EBADF: invalid file descriptor
Error in syscall: close - EBADF: invalid file descriptor
Error in syscall: close - EBADF: invalid file descriptor
Error in syscall: close - EBADF: invalid file descriptor
Error in syscall: close - EBADF: invalid file descriptor
Error in syscall: close - EBADF: invalid file descriptor
Error in syscall: close - EBADF: invalid file descriptor
Error in syscall: close - EBADF: invalid file descriptor
Error in syscall: close - EBADF: invalid file descriptor
Error in syscall: close - EBADF: invalid file descriptor
Error in syscall: close - EBADF: invalid file descriptor
Error in syscall: close - EBADF: invalid file descriptor
Error in syscall: close - EBADF: invalid file descriptor
Error in syscall: close - EBADF: invalid file descriptor
Error in syscall: close - EBADF: invalid file descriptor
Error in syscall: close - EBADF: invalid file descriptor
Error in syscall: close - EBADF: invalid file descriptor
Error in syscall: close - EBADF: invalid file descriptor
Error in syscall: close - EBADF: invalid file descriptor
Error in syscall: close - EBADF: invalid file descriptor
Error in syscall: close - EBADF: invalid file descriptor
Error in syscall: close - EBADF: invalid file descriptor
Error in syscall: close - EBADF: invalid file descriptor
Error in syscall: close - EBADF: invalid file descriptor
Error in syscall: close - EBADF: invalid file descriptor
Error in syscall: close - EBADF: invalid file descriptor
Error in syscall: close - EBADF: invalid file descriptor
Error in syscall: close - EBADF: invalid file descriptor
Error in syscall: close - EBADF: invalid file descriptor
Error in syscall: close - EBADF: invalid file descriptor
Error in syscall: close - EBADF: invalid file descriptor
Error in syscall: close - EBADF: invalid file descriptor
Error in syscall: close - EBADF: invalid file descriptor
Error in syscall: close - EBADF: invalid file descriptor
Error in syscall: close - EBADF: invalid file descriptor
Error in syscall: close - EBADF: invalid file descriptor
Error in syscall: close - EBADF: invalid file descriptor
Error in syscall: close - EBADF: invalid file descriptor
Error in syscall: close - EBADF: invalid file descriptor
Error in syscall: close - EBADF: invalid file descriptor
Error in syscall: close - EBADF: invalid file descriptor
Error in syscall: close - EBADF: invalid file descriptor
Error in syscall: close - EBADF: invalid file descriptor
Error in syscall: close - EBADF: invalid file descriptor
Error in syscall: close - EBADF: invalid file descriptor
Error in syscall: close - EBADF: invalid file descriptor
Error in syscall: close - EBADF: invalid file descriptor
Error in syscall: close - EBADF: invalid file descriptor
Error in syscall: close - EBADF: invalid file descriptor
Error in syscall: close - EBADF: invalid file descriptor
Error in syscall: close - EBADF: invalid file descriptor
Error in syscall: close - EBADF: invalid file descriptor
Error in syscall: close - EBADF: invalid file descriptor
Error in syscall: close - EBADF: invalid file descriptor
Error in syscall: close - EBADF: invalid file descriptor
Error in syscall: close - EBADF: invalid file descriptor
Error in syscall: close - EBADF: invalid file descriptor
Error in syscall: close - EBADF: invalid file descriptor
Error in syscall: close - EBADF: invalid file descriptor
Error in syscall: close - EBADF: invalid file descriptor
Error in syscall: close - EBADF: invalid file descriptor
Error in syscall: close - EBADF: invalid file descriptor
Error in syscall: close - EBADF: invalid file descriptor
Error in syscall: close - EBADF: invalid file descriptor
Error in syscall: close - EBADF: invalid file descriptor
Error in syscall: close - EBADF: invalid file descriptor
Error in syscall: close - EBADF: invalid file descriptor
Error in syscall: close - EBADF: invalid file descriptor
Error in syscall: close - EBADF: invalid file descriptor
Error in syscall: close - EBADF: invalid file descriptor
Error in syscall: close - EBADF: invalid file descriptor
Error in syscall: close - EBADF: invalid file descriptor
Error in syscall: close - EBADF: invalid file descriptor
Error in syscall: close - EBADF: invalid file descriptor
Error in syscall: close - EBADF: invalid file descriptor
Error in syscall: close - EBADF: invalid file descriptor
Error in syscall: close - EBADF: invalid file descriptor
Error in syscall: close - EBADF: invalid file descriptor
Error in syscall: close - EBADF: invalid file descriptor
Error in syscall: close - EBADF: invalid file descriptor
Error in syscall: close - EBADF: invalid file descriptor
Error in syscall: close - EBADF: invalid file descriptor
Error in syscall: close - EBADF: invalid file descriptor
Error in syscall: close - EBADF: invalid file descriptor
Error in syscall: close - EBADF: invalid file descriptor
Error in syscall: close - EBADF: invalid file descriptor
Error in syscall: close - EBADF: invalid file descriptor
Error in syscall: close - EBADF: invalid file descriptor
Error in syscall: close - EBADF: invalid file descriptor
Error in syscall: close - EBADF: invalid file descriptor
Error in syscall: close - EBADF: invalid file descriptor
Error in syscall: close - EBADF: invalid file descriptor
Error in syscall: close - EBADF: invalid file descriptor
Error in syscall: close - EBADF: invalid file descriptor
Error in syscall: close - EBADF: invalid file descriptor
Error in syscall: close - EBADF: invalid file descriptor
Error in syscall: close - EBADF: invalid file descriptor
Error in syscall: close - EBADF: invalid file descriptor
Error in syscall: close - EBADF: invalid file descriptor
Error in syscall: close - EBADF: invalid file descriptor
Error in syscall: close - EBADF: invalid file descriptor
Error in syscall: close - EBADF: invalid file descriptor
Error in syscall: close - EBADF: invalid file descriptor
Error in syscall: close - EBADF: invalid file descriptor
Error in syscall: close - EBADF: invalid file descriptor
Error in syscall: close - EBADF: invalid file descriptor
Error in syscall: close - EBADF: invalid file descriptor
Error in syscall: close - EBADF: invalid file descriptor
Error in syscall: close - EBADF: invalid file descriptor
Error in syscall: close - EBADF: invalid file descriptor
Error in syscall: close - EBADF: invalid file descriptor
Error in syscall: close - EBADF: invalid file descriptor
Error in syscall: close - EBADF: invalid file descriptor
Error in syscall: close - EBADF: invalid file descriptor
Error in syscall: close - EBADF: invalid file descriptor
Error in syscall: close - EBADF: invalid file descriptor
Error in syscall: close - EBADF: invalid file descriptor
Error in syscall: close - EBADF: invalid file descriptor
Error in syscall: close - EBADF: invalid file descriptor
Error in syscall: close - EBADF: invalid file descriptor
Error in syscall: close - EBADF: invalid file descriptor
Error in syscall: close - EBADF: invalid file descriptor
Error in syscall: close - EBADF: invalid file descriptor
Error in syscall: close - EBADF: invalid file descriptor
Error in syscall: close - EBADF: invalid file descriptor
Error in syscall: close - EBADF: invalid file descriptor
Error in syscall: close - EBADF: invalid file descriptor
Error in syscall: close - EBADF: invalid file descriptor
Error in syscall: close - EBADF: invalid file descriptor
Error in syscall: close - EBADF: invalid file descriptor
Error in syscall: close - EBADF: invalid file descriptor
Error in syscall: close - EBADF: invalid file descriptor
Error in syscall: close - EBADF: invalid file descriptor
Error in syscall: close - EBADF: invalid file descriptor
Error in syscall: close - EBADF: invalid file descriptor
Error in syscall: close - EBADF: invalid file descriptor
Error in syscall: close - EBADF: invalid file descriptor
Error in syscall: close - EBADF: invalid file descriptor
Error in syscall: close - EBADF: invalid file descriptor
Error in syscall: close - EBADF: invalid file descriptor
Error in syscall: close - EBADF: invalid file descriptor
Error in syscall: close - EBADF: invalid file descriptor
Error in syscall: close - EBADF: invalid file descriptor
Error in syscall: close - EBADF: invalid file descriptor
Error in syscall: close - EBADF: invalid file descriptor
Error in syscall: close - EBADF: invalid file descriptor
Error in syscall: close - EBADF: invalid file descriptor
Error in syscall: close - EBADF: invalid file descriptor
Error in syscall: close - EBADF: invalid file descriptor
Error in syscall: close - EBADF: invalid file descriptor
Error in syscall: close - EBADF: invalid file descriptor
Error in syscall: close - EBADF: invalid file descriptor
Error in syscall: close - EBADF: invalid file descriptor
Error in syscall: close - EBADF: invalid file descriptor
Error in syscall: close - EBADF: invalid file descriptor
Error in syscall: close - EBADF: invalid file descriptor
Error in syscall: close - EBADF: invalid file descriptor
Error in syscall: close - EBADF: invalid file descriptor
Error in syscall: close - EBADF: invalid file descriptor
Error in syscall: close - EBADF: invalid file descriptor
Error in syscall: close - EBADF: invalid file descriptor
Error in syscall: close - EBADF: invalid file descriptor
Error in syscall: close - EBADF: invalid file descriptor
Error in syscall: close - EBADF: invalid file descriptor
Error in syscall: close - EBADF: invalid file descriptor
Error in syscall: close - EBADF: invalid file descriptor
Error in syscall: close - EBADF: invalid file descriptor
Error in syscall: close - EBADF: invalid file descriptor
Error in syscall: close - EBADF: invalid file descriptor
Error in syscall: close - EBADF: invalid file descriptor
Error in syscall: close - EBADF: invalid file descriptor
Error in syscall: close - EBADF: invalid file descriptor
Error in syscall: close - EBADF: invalid file descriptor
Error in syscall: close - EBADF: invalid file descriptor
Error in syscall: close - EBADF: invalid file descriptor
Error in syscall: close - EBADF: invalid file descriptor
Error in syscall: close - EBADF: invalid file descriptor
Error in syscall: close - EBADF: invalid file descriptor
Error in syscall: close - EBADF: invalid file descriptor
Error in syscall: close - EBADF: invalid file descriptor
Error in syscall: close - EBADF: invalid file descriptor
Error in syscall: close - EBADF: invalid file descriptor
Error in syscall: close - EBADF: invalid file descriptor
Error in syscall: close - EBADF: invalid file descriptor
Error in syscall: close - EBADF: invalid file descriptor
Error in syscall: close - EBADF: invalid file descriptor
Error in syscall: close - EBADF: invalid file descriptor
Error in syscall: close - EBADF: invalid file descriptor
Error in syscall: close - EBADF: invalid file descriptor
Error in syscall: close - EBADF: invalid file descriptor
Error in syscall: close - EBADF: invalid file descriptor
Error in syscall: close - EBADF: invalid file descriptor
Error in syscall: close - EBADF: invalid file descriptor
Error in syscall: close - EBADF: invalid file descriptor
Error in syscall: close - EBADF: invalid file descriptor
Error in syscall: close - EBADF: invalid file descriptor
Error in syscall: close - EBADF: invalid file descriptor
Error in syscall: close - EBADF: invalid file descriptor
Error in syscall: close - EBADF: invalid file descriptor
Error in syscall: close - EBADF: invalid file descriptor
Error in syscall: close - EBADF: invalid file descriptor
Error in syscall: close - EBADF: invalid file descriptor
Error in syscall: close - EBADF: invalid file descriptor
Error in syscall: close - EBADF: invalid file descriptor
Error in syscall: close - EBADF: invalid file descriptor
Error in syscall: close - EBADF: invalid file descriptor
Error in syscall: close - EBADF: invalid file descriptor
Error in syscall: close - EBADF: invalid file descriptor
Error in syscall: close - EBADF: invalid file descriptor
Error in syscall: close - EBADF: invalid file descriptor
Error in syscall: close - EBADF: invalid file descriptor
Error in syscall: close - EBADF: invalid file descriptor
Error in syscall: close - EBADF: invalid file descriptor
Error in syscall: close - EBADF: invalid file descriptor
Error in syscall: close - EBADF: invalid file descriptor
Error in syscall: close - EBADF: invalid file descriptor
Error in syscall: close - EBADF: invalid file descriptor
Error in syscall: close - EBADF: invalid file descriptor
Error in syscall: close - EBADF: invalid file descriptor
Error in syscall: close - EBADF: invalid file descriptor
Error in syscall: close - EBADF: invalid file descriptor
Error in syscall: close - EBADF: invalid file descriptor
Error in syscall: close - EBADF: invalid file descriptor
Error in syscall: close - EBADF: invalid file descriptor
Error in syscall: close - EBADF: invalid file descriptor
Error in syscall: close - EBADF: invalid file descriptor
Error in syscall: close - EBADF: invalid file descriptor
Error in syscall: close - EBADF: invalid file descriptor
Error in syscall: close - EBADF: invalid file descriptor
Error in syscall: close - EBADF: invalid file descriptor
Error in syscall: close - EBADF: invalid file descriptor
Error in syscall: close - EBADF: invalid file descriptor
Error in syscall: close - EBADF: invalid file descriptor
Error in syscall: close - EBADF: invalid file descriptor
Error in syscall: close - EBADF: invalid file descriptor
Error in syscall: close - EBADF: invalid file descriptor
Error in syscall: close - EBADF: invalid file descriptor
Error in syscall: close - EBADF: invalid file descriptor
Error in syscall: close - EBADF: invalid file descriptor
Error in syscall: close - EBADF: invalid file descriptor
Error in syscall: close - EBADF: invalid file descriptor
Error in syscall: close - EBADF: invalid file descriptor
Error in syscall: close - EBADF: invalid file descriptor
Error in syscall: close - EBADF: invalid file descriptor
Error in syscall: close - EBADF: invalid file descriptor
Error in syscall: close - EBADF: invalid file descriptor
Error in syscall: close - EBADF: invalid file descriptor
Error in syscall: close - EBADF: invalid file descriptor
Error in syscall: close - EBADF: invalid file descriptor
Error in syscall: close - EBADF: invalid file descriptor
Error in syscall: close - EBADF: invalid file descriptor
Error in syscall: close - EBADF: invalid file descriptor
Error in syscall: close - EBADF: invalid file descriptor
Error in syscall: close - EBADF: invalid file descriptor
Error in syscall: close - EBADF: invalid file descriptor
Error in syscall: close - EBADF: invalid file descriptor
Error in syscall: close - EBADF: invalid file descriptor
Error in syscall: close - EBADF: invalid file descriptor
Error in syscall: close - EBADF: invalid file descriptor
Error in syscall: close - EBADF: invalid file descriptor
Error in syscall: close - EBADF: invalid file descriptor
Error in syscall: close - EBADF: invalid file descriptor
Error in syscall: close - EBADF: invalid file descriptor
Error in syscall: close - EBADF: invalid file descriptor
Error in syscall: close - EBADF: invalid file descriptor
Error in syscall: close - EBADF: invalid file descriptor
Error in syscall: close - EBADF: invalid file descriptor
Error in syscall: close - EBADF: invalid file descriptor
Error in syscall: close - EBADF: invalid file descriptor
Error in syscall: close - EBADF: invalid file descriptor
Error in syscall: close - EBADF: invalid file descriptor
Error in syscall: close - EBADF: invalid file descriptor
Error in syscall: close - EBADF: invalid file descriptor
Error in syscall: close - EBADF: invalid file descriptor
Error in syscall: close - EBADF: invalid file descriptor
Error in syscall: close - EBADF: invalid file descriptor
Error in syscall: close - EBADF: invalid file descriptor
Error in syscall: close - EBADF: invalid file descriptor
Error in syscall: close - EBADF: invalid file descriptor
Error in syscall: close - EBADF: invalid file descriptor
Error in syscall: close - EBADF: invalid file descriptor
Error in syscall: close - EBADF: invalid file descriptor
Error in syscall: close - EBADF: invalid file descriptor
Error in syscall: close - EBADF: invalid file descriptor
Error in syscall: close - EBADF: invalid file descriptor
Error in syscall: close - EBADF: invalid file descriptor
Error in syscall: close - EBADF: invalid file descriptor
Error in syscall: close - EBADF: invalid file descriptor
Error in syscall: close - EBADF: invalid file descriptor
Error in syscall: close - EBADF: invalid file descriptor
Error in syscall: close - EBADF: invalid file descriptor
Error in syscall: close - EBADF: invalid file descriptor
Error in syscall: close - EBADF: invalid file descriptor
Error in syscall: close - EBADF: invalid file descriptor
Error in syscall: close - EBADF: invalid file descriptor
Error in syscall: close - EBADF: invalid file descriptor
Error in syscall: close - EBADF: invalid file descriptor
Error in syscall: close - EBADF: invalid file descriptor
Error in syscall: close - EBADF: invalid file descriptor
Error in syscall: close - EBADF: invalid file descriptor
Error in syscall: close - EBADF: invalid file descriptor
Error in syscall: close - EBADF: invalid file descriptor
Error in syscall: close - EBADF: invalid file descriptor
Error in syscall: close - EBADF: invalid file descriptor
Error in syscall: close - EBADF: invalid file descriptor
Error in syscall: close - EBADF: invalid file descriptor
Error in syscall: close - EBADF: invalid file descriptor
Error in syscall: close - EBADF: invalid file descriptor
Error in syscall: close - EBADF: invalid file descriptor
Error in syscall: close - EBADF: invalid file descriptor
Error in syscall: close - EBADF: invalid file descriptor
Error in syscall: close - EBADF: invalid file descriptor
Error in syscall: close - EBADF: invalid file descriptor
Error in syscall: close - EBADF: invalid file descriptor
Error in syscall: close - EBADF: invalid file descriptor
Error in syscall: close - EBADF: invalid file descriptor
Error in syscall: close - EBADF: invalid file descriptor
Error in syscall: close - EBADF: invalid file descriptor
Error in syscall: close - EBADF: invalid file descriptor
Error in syscall: close - EBADF: invalid file descriptor
Error in syscall: close - EBADF: invalid file descriptor
Error in syscall: close - EBADF: invalid file descriptor
Error in syscall: close - EBADF: invalid file descriptor
Error in syscall: close - EBADF: invalid file descriptor
Error in syscall: close - EBADF: invalid file descriptor
Error in syscall: close - EBADF: invalid file descriptor
Error in syscall: close - EBADF: invalid file descriptor
Error in syscall: close - EBADF: invalid file descriptor
Error in syscall: close - EBADF: invalid file descriptor
Error in syscall: close - EBADF: invalid file descriptor
Error in syscall: close - EBADF: invalid file descriptor
Error in syscall: close - EBADF: invalid file descriptor
Error in syscall: close - EBADF: invalid file descriptor
Error in syscall: close - EBADF: invalid file descriptor
Error in syscall: close - EBADF: invalid file descriptor
Error in syscall: close - EBADF: invalid file descriptor
Error in syscall: close - EBADF: invalid file descriptor
Error in syscall: close - EBADF: invalid file descriptor
Error in syscall: close - EBADF: invalid file descriptor
Error in syscall: close - EBADF: invalid file descriptor
Error in syscall: close - EBADF: invalid file descriptor
Error in syscall: close - EBADF: invalid file descriptor
Error in syscall: close - EBADF: invalid file descriptor
Error in syscall: close - EBADF: invalid file descriptor
Error in syscall: close - EBADF: invalid file descriptor
Error in syscall: close - EBADF: invalid file descriptor
Error in syscall: close - EBADF: invalid file descriptor
Error in syscall: close - EBADF: invalid file descriptor
Error in syscall: close - EBADF: invalid file descriptor
Error in syscall: close - EBADF: invalid file descriptor
Error in syscall: close - EBADF: invalid file descriptor
Error in syscall: close - EBADF: invalid file descriptor
Error in syscall: close - EBADF: invalid file descriptor
Error in syscall: close - EBADF: invalid file descriptor
Error in syscall: close - EBADF: invalid file descriptor
Error in syscall: close - EBADF: invalid file descriptor
Error in syscall: close - EBADF: invalid file descriptor
Error in syscall: close - EBADF: invalid file descriptor
Error in syscall: close - EBADF: invalid file descriptor
Error in syscall: close - EBADF: invalid file descriptor
Error in syscall: close - EBADF: invalid file descriptor
Error in syscall: close - EBADF: invalid file descriptor
Error in syscall: close - EBADF: invalid file descriptor
Error in syscall: close - EBADF: invalid file descriptor
Error in syscall: close - EBADF: invalid file descriptor
Error in syscall: close - EBADF: invalid file descriptor
Error in syscall: close - EBADF: invalid file descriptor
Error in syscall: close - EBADF: invalid file descriptor
Error in syscall: close - EBADF: invalid file descriptor
Error in syscall: close - EBADF: invalid file descriptor
Error in syscall: close - EBADF: invalid file descriptor
Error in syscall: close - EBADF: invalid file descriptor
Error in syscall: close - EBADF: invalid file descriptor
Error in syscall: close - EBADF: invalid file descriptor
Error in syscall: close - EBADF: invalid file descriptor
Error in syscall: close - EBADF: invalid file descriptor
Error in syscall: close - EBADF: invalid file descriptor
Error in syscall: close - EBADF: invalid file descriptor
Error in syscall: close - EBADF: invalid file descriptor
Error in syscall: close - EBADF: invalid file descriptor
Error in syscall: close - EBADF: invalid file descriptor
Error in syscall: close - EBADF: invalid file descriptor
Error in syscall: close - EBADF: invalid file descriptor
Error in syscall: close - EBADF: invalid file descriptor
Error in syscall: close - EBADF: invalid file descriptor
Error in syscall: close - EBADF: invalid file descriptor
Error in syscall: close - EBADF: invalid file descriptor
Error in syscall: close - EBADF: invalid file descriptor
Error in syscall: close - EBADF: invalid file descriptor
Error in syscall: close - EBADF: invalid file descriptor
Error in syscall: close - EBADF: invalid file descriptor
Error in syscall: close - EBADF: invalid file descriptor
Error in syscall: close - EBADF: invalid file descriptor
Error in syscall: close - EBADF: invalid file descriptor
Error in syscall: close - EBADF: invalid file descriptor
Error in syscall: close - EBADF: invalid file descriptor
Error in syscall: close - EBADF: invalid file descriptor
Error in syscall: close - EBADF: invalid file descriptor
Error in syscall: close - EBADF: invalid file descriptor
Error in syscall: close - EBADF: invalid file descriptor
Error in syscall: close - EBADF: invalid file descriptor
Error in syscall: close - EBADF: invalid file descriptor
Error in syscall: close - EBADF: invalid file descriptor
Error in syscall: close - EBADF: invalid file descriptor
Error in syscall: close - EBADF: invalid file descriptor
Error in syscall: close - EBADF: invalid file descriptor
Error in syscall: close - EBADF: invalid file descriptor
Error in syscall: close - EBADF: invalid file descriptor
Error in syscall: close - EBADF: invalid file descriptor
Error in syscall: close - EBADF: invalid file descriptor
Error in syscall: close - EBADF: invalid file descriptor
Error in syscall: close - EBADF: invalid file descriptor
Error in syscall: close - EBADF: invalid file descriptor
Error in syscall: close - EBADF: invalid file descriptor
Error in syscall: close - EBADF: invalid file descriptor
Error in syscall: close - EBADF: invalid file descriptor
Error in syscall: close - EBADF: invalid file descriptor
Error in syscall: close - EBADF: invalid file descriptor
Error in syscall: close - EBADF: invalid file descriptor
Error in syscall: close - EBADF: invalid file descriptor
Error in syscall: close - EBADF: invalid file descriptor
Error in syscall: close - EBADF: invalid file descriptor
Error in syscall: close - EBADF: invalid file descriptor
Error in syscall: close - EBADF: invalid file descriptor
Error in syscall: close - EBADF: invalid file descriptor
Error in syscall: close - EBADF: invalid file descriptor
Error in syscall: close - EBADF: invalid file descriptor
Error in syscall: close - EBADF: invalid file descriptor
Error in syscall: close - EBADF: invalid file descriptor
Error in syscall: close - EBADF: invalid file descriptor
Error in syscall: close - EBADF: invalid file descriptor
Error in syscall: close - EBADF: invalid file descriptor
Error in syscall: close - EBADF: invalid file descriptor
Error in syscall: close - EBADF: invalid file descriptor
Error in syscall: close - EBADF: invalid file descriptor
Error in syscall: close - EBADF: invalid file descriptor
Error in syscall: close - EBADF: invalid file descriptor
Error in syscall: close - EBADF: invalid file descriptor
Error in syscall: close - EBADF: invalid file descriptor
Error in syscall: close - EBADF: invalid file descriptor
Error in syscall: close - EBADF: invalid file descriptor
Error in syscall: close - EBADF: invalid file descriptor
Error in syscall: close - EBADF: invalid file descriptor
Error in syscall: close - EBADF: invalid file descriptor
Error in syscall: close - EBADF: invalid file descriptor
Error in syscall: close - EBADF: invalid file descriptor
Error in syscall: close - EBADF: invalid file descriptor
Error in syscall: close - EBADF: invalid file descriptor
Error in syscall: close - EBADF: invalid file descriptor
Error in syscall: close - EBADF: invalid file descriptor
Error in syscall: close - EBADF: invalid file descriptor
Error in syscall: close - EBADF: invalid file descriptor
Error in syscall: close - EBADF: invalid file descriptor
Error in syscall: close - EBADF: invalid file descriptor
Error in syscall: close - EBADF: invalid file descriptor
Error in syscall: close - EBADF: invalid file descriptor
Error in syscall: close - EBADF: invalid file descriptor
Error in syscall: close - EBADF: invalid file descriptor
Error in syscall: close - EBADF: invalid file descriptor
Error in syscall: close - EBADF: invalid file descriptor
Error in syscall: close - EBADF: invalid file descriptor
Error in syscall: close - EBADF: invalid file descriptor
Error in syscall: close - EBADF: invalid file descriptor
Error in syscall: close - EBADF: invalid file descriptor
Error in syscall: close - EBADF: invalid file descriptor
Error in syscall: close - EBADF: invalid file descriptor
Error in syscall: close - EBADF: invalid file descriptor
Error in syscall: close - EBADF: invalid file descriptor
Error in syscall: close - EBADF: invalid file descriptor
Error in syscall: close - EBADF: invalid file descriptor
Error in syscall: close - EBADF: invalid file descriptor
Error in syscall: close - EBADF: invalid file descriptor
Error in syscall: close - EBADF: invalid file descriptor
Error in syscall: close - EBADF: invalid file descriptor
Error in syscall: close - EBADF: invalid file descriptor
Error in syscall: close - EBADF: invalid file descriptor
Error in syscall: close - EBADF: invalid file descriptor
Error in syscall: close - EBADF: invalid file descriptor
Error in syscall: close - EBADF: invalid file descriptor
Error in syscall: close - EBADF: invalid file descriptor
Error in syscall: close - EBADF: invalid file descriptor
Error in syscall: close - EBADF: invalid file descriptor
Error in syscall: close - EBADF: invalid file descriptor
Error in syscall: close - EBADF: invalid file descriptor
Error in syscall: close - EBADF: invalid file descriptor
Error in syscall: close - EBADF: invalid file descriptor
Error in syscall: close - EBADF: invalid file descriptor
Error in syscall: close - EBADF: invalid file descriptor
Error in syscall: close - EBADF: invalid file descriptor
Error in syscall: close - EBADF: invalid file descriptor
Error in syscall: close - EBADF: invalid file descriptor
Error in syscall: close - EBADF: invalid file descriptor
Error in syscall: close - EBADF: invalid file descriptor
Error in syscall: close - EBADF: invalid file descriptor
Error in syscall: close - EBADF: invalid file descriptor
Error in syscall: close - EBADF: invalid file descriptor
Error in syscall: close - EBADF: invalid file descriptor
Error in syscall: close - EBADF: invalid file descriptor
Error in syscall: close - EBADF: invalid file descriptor
Error in syscall: close - EBADF: invalid file descriptor
Error in syscall: close - EBADF: invalid file descriptor
Error in syscall: close - EBADF: invalid file descriptor
Error in syscall: close - EBADF: invalid file descriptor
Error in syscall: close - EBADF: invalid file descriptor
Error in syscall: close - EBADF: invalid file descriptor
Error in syscall: close - EBADF: invalid file descriptor
Error in syscall: close - EBADF: invalid file descriptor
Error in syscall: close - EBADF: invalid file descriptor
Error in syscall: close - EBADF: invalid file descriptor
Error in syscall: close - EBADF: invalid file descriptor
Error in syscall: close - EBADF: invalid file descriptor
Error in syscall: close - EBADF: invalid file descriptor
Error in syscall: close - EBADF: invalid file descriptor
Error in syscall: close - EBADF: invalid file descriptor
Error in syscall: close - EBADF: invalid file descriptor
Error in syscall: close - EBADF: invalid file descriptor
Error in syscall: close - EBADF: invalid file descriptor
Error in syscall: close - EBADF: invalid file descriptor
Error in syscall: close - EBADF: invalid file descriptor
Error in syscall: close - EBADF: invalid file descriptor
Error in syscall: close - EBADF: invalid file descriptor
Error in syscall: close - EBADF: invalid file descriptor
Error in syscall: close - EBADF: invalid file descriptor
Error in syscall: close - EBADF: invalid file descriptor
Error in syscall: close - EBADF: invalid file descriptor
Error in syscall: close - EBADF: invalid file descriptor
Error in syscall: close - EBADF: invalid file descriptor
Error in syscall: close - EBADF: invalid file descriptor
Error in syscall: close - EBADF: invalid file descriptor
Error in syscall: close - EBADF: invalid file descriptor
Error in syscall: close - EBADF: invalid file descriptor
Error in syscall: close - EBADF: invalid file descriptor
Error in syscall: close - EBADF: invalid file descriptor
Error in syscall: close - EBADF: invalid file descriptor
Error in syscall: close - EBADF: invalid file descriptor
Error in syscall: close - EBADF: invalid file descriptor
Error in syscall: close - EBADF: invalid file descriptor
Error in syscall: close - EBADF: invalid file descriptor
Error in syscall: close - EBADF: invalid file descriptor
Error in syscall: close - EBADF: invalid file descriptor
Error in syscall: close - EBADF: invalid file descriptor
Error in syscall: close - EBADF: invalid file descriptor
Error in syscall: close - EBADF: invalid file descriptor
Error in syscall: close - EBADF: invalid file descriptor
Error in syscall: close - EBADF: invalid file descriptor
Error in syscall: close - EBADF: invalid file descriptor
Error in syscall: close - EBADF: invalid file descriptor
Error in syscall: close - EBADF: invalid file descriptor
Error in syscall: close - EBADF: invalid file descriptor
Error in syscall: close - EBADF: invalid file descriptor
Error in syscall: close - EBADF: invalid file descriptor
Error in syscall: close - EBADF: invalid file descriptor
Error in syscall: close - EBADF: invalid file descriptor
Error in syscall: close - EBADF: invalid file descriptor
Error in syscall: close - EBADF: invalid file descriptor
Error in syscall: close - EBADF: invalid file descriptor
Error in syscall: close - EBADF: invalid file descriptor
Error in syscall: close - EBADF: invalid file descriptor
Error in syscall: close - EBADF: invalid file descriptor
Error in syscall: close - EBADF: invalid file descriptor
Error in syscall: close - EBADF: invalid file descriptor
Error in syscall: close - EBADF: invalid file descriptor
Error in syscall: close - EBADF: invalid file descriptor
Error in syscall: close - EBADF: invalid file descriptor
Error in syscall: close - EBADF: invalid file descriptor
Error in syscall: close - EBADF: invalid file descriptor
Error in syscall: close - EBADF: invalid file descriptor
Error in syscall: close - EBADF: invalid file descriptor
Error in syscall: close - EBADF: invalid file descriptor
Error in syscall: close - EBADF: invalid file descriptor
Error in syscall: close - EBADF: invalid file descriptor
Error in syscall: close - EBADF: invalid file descriptor
Error in syscall: close - EBADF: invalid file descriptor
Error in syscall: close - EBADF: invalid file descriptor
Error in syscall: close - EBADF: invalid file descriptor
Error in syscall: close - EBADF: invalid file descriptor
Error in syscall: close - EBADF: invalid file descriptor
Error in syscall: close - EBADF: invalid file descriptor
Error in syscall: close - EBADF: invalid file descriptor
Error in syscall: close - EBADF: invalid file descriptor
Error in syscall: close - EBADF: invalid file descriptor
Error in syscall: close - EBADF: invalid file descriptor
Error in syscall: close - EBADF: invalid file descriptor
Error in syscall: close - EBADF: invalid file descriptor
Error in syscall: close - EBADF: invalid file descriptor
Error in syscall: close - EBADF: invalid file descriptor
Error in syscall: close - EBADF: invalid file descriptor
Error in syscall: close - EBADF: invalid file descriptor
Error in syscall: close - EBADF: invalid file descriptor
Error in syscall: close - EBADF: invalid file descriptor
Error in syscall: close - EBADF: invalid file descriptor
Error in syscall: close - EBADF: invalid file descriptor
Error in syscall: close - EBADF: invalid file descriptor
Error in syscall: close - EBADF: invalid file descriptor
Error in syscall: close - EBADF: invalid file descriptor
Error in syscall: close - EBADF: invalid file descriptor
Error in syscall: close - EBADF: invalid file descriptor
Error in syscall: close - EBADF: invalid file descriptor
Error in syscall: close - EBADF: invalid file descriptor
Error in syscall: close - EBADF: invalid file descriptor
Error in syscall: close - EBADF: invalid file descriptor
Error in syscall: close - EBADF: invalid file descriptor
Error in syscall: close - EBADF: invalid file descriptor
Error in syscall: close - EBADF: invalid file descriptor
Error in syscall: close - EBADF: invalid file descriptor
Error in syscall: close - EBADF: invalid file descriptor
Error in syscall: close - EBADF: invalid file descriptor
Error in syscall: close - EBADF: invalid file descriptor
Error in syscall: close - EBADF: invalid file descriptor
Error in syscall: close - EBADF: invalid file descriptor
Error in syscall: close - EBADF: invalid file descriptor
Error in syscall: close - EBADF: invalid file descriptor
Error in syscall: close - EBADF: invalid file descriptor
Error in syscall: close - EBADF: invalid file descriptor
Error in syscall: close - EBADF: invalid file descriptor
Error in syscall: close - EBADF: invalid file descriptor
Error in syscall: close - EBADF: invalid file descriptor
Error in syscall: close - EBADF: invalid file descriptor
Error in syscall: close - EBADF: invalid file descriptor
Error in syscall: close - EBADF: invalid file descriptor
Error in syscall: close - EBADF: invalid file descriptor
Error in syscall: close - EBADF: invalid file descriptor
Error in syscall: close - EBADF: invalid file descriptor
Error in syscall: close - EBADF: invalid file descriptor
Error in syscall: close - EBADF: invalid file descriptor
Error in syscall: close - EBADF: invalid file descriptor
Error in syscall: close - EBADF: invalid file descriptor
Error in syscall: close - EBADF: invalid file descriptor
Error in syscall: close - EBADF: invalid file descriptor
Error in syscall: close - EBADF: invalid file descriptor
Error in syscall: close - EBADF: invalid file descriptor
Error in syscall: close - EBADF: invalid file descriptor
Error in syscall: close - EBADF: invalid file descriptor
Error in syscall: close - EBADF: invalid file descriptor
Error in syscall: close - EBADF: invalid file descriptor
Error in syscall: close - EBADF: invalid file descriptor
Error in syscall: close - EBADF: invalid file descriptor
Error in syscall: close - EBADF: invalid file descriptor
Error in syscall: close - EBADF: invalid file descriptor
Error in syscall: close - EBADF: invalid file descriptor
Error in syscall: close - EBADF: invalid file descriptor
Error in syscall: close - EBADF: invalid file descriptor
Error in syscall: close - EBADF: invalid file descriptor
Error in syscall: close - EBADF: invalid file descriptor
Error in syscall: close - EBADF: invalid file descriptor
Error in syscall: close - EBADF: invalid file descriptor
Error in syscall: close - EBADF: invalid file descriptor
Error in syscall: close - EBADF: invalid file descriptor
Error in syscall: close - EBADF: invalid file descriptor
Error in syscall: close - EBADF: invalid file descriptor
Error in syscall: close - EBADF: invalid file descriptor
Error in syscall: close - EBADF: invalid file descriptor
Error in syscall: close - EBADF: invalid file descriptor
Error in syscall: close - EBADF: invalid file descriptor
Error in syscall: close - EBADF: invalid file descriptor
Error in syscall: close - EBADF: invalid file descriptor
Error in syscall: close - EBADF: invalid file descriptor
Error in syscall: close - EBADF: invalid file descriptor
Error in syscall: close - EBADF: invalid file descriptor
Error in syscall: close - EBADF: invalid file descriptor
Error in syscall: close - EBADF: invalid file descriptor
Error in syscall: close - EBADF: invalid file descriptor
Error in syscall: close - EBADF: invalid file descriptor
Error in syscall: close - EBADF: invalid file descriptor
Error in syscall: close - EBADF: invalid file descriptor
Error in syscall: close - EBADF: invalid file descriptor
Error in syscall: close - EBADF: invalid file descriptor
Error in syscall: close - EBADF: invalid file descriptor
Error in syscall: close - EBADF: invalid file descriptor
Error in syscall: close - EBADF: invalid file descriptor
Error in syscall: close - EBADF: invalid file descriptor
Error in syscall: close - EBADF: invalid file descriptor
Error in syscall: close - EBADF: invalid file descriptor
Error in syscall: close - EBADF: invalid file descriptor
Error in syscall: close - EBADF: invalid file descriptor
Error in syscall: close - EBADF: invalid file descriptor
Error in syscall: close - EBADF: invalid file descriptor
Error in syscall: close - EBADF: invalid file descriptor
Error in syscall: close - EBADF: invalid file descriptor
Error in syscall: close - EBADF: invalid file descriptor
Error in syscall: close - EBADF: invalid file descriptor
Error in syscall: close - EBADF: invalid file descriptor
Error in syscall: close - EBADF: invalid file descriptor
Error in syscall: close - EBADF: invalid file descriptor
Error in syscall: close - EBADF: invalid file descriptor
Error in syscall: close - EBADF: invalid file descriptor
Error in syscall: close - EBADF: invalid file descriptor
Error in syscall: close - EBADF: invalid file descriptor
Error in syscall: close - EBADF: invalid file descriptor
Error in syscall: close - EBADF: invalid file descriptor
Error in syscall: close - EBADF: invalid file descriptor
Error in syscall: close - EBADF: invalid file descriptor
Error in syscall: close - EBADF: invalid file descriptor
Error in syscall: close - EBADF: invalid file descriptor
Error in syscall: close - EBADF: invalid file descriptor
Error in syscall: close - EBADF: invalid file descriptor
Error in syscall: close - EBADF: invalid file descriptor
Error in syscall: close - EBADF: invalid file descriptor
Error in syscall: close - EBADF: invalid file descriptor
Error in syscall: close - EBADF: invalid file descriptor
Error in syscall: close - EBADF: invalid file descriptor
Error in syscall: close - EBADF: invalid file descriptor
Error in syscall: close - EBADF: invalid file descriptor
Error in syscall: close - EBADF: invalid file descriptor
Error in syscall: close - EBADF: invalid file descriptor
Error in syscall: close - EBADF: invalid file descriptor
Error in syscall: close - EBADF: invalid file descriptor
Error in syscall: close - EBADF: invalid file descriptor
Error in syscall: close - EBADF: invalid file descriptor
Error in syscall: close - EBADF: invalid file descriptor
Error in syscall: close - EBADF: invalid file descriptor
Error in syscall: close - EBADF: invalid file descriptor
Error in syscall: close - EBADF: invalid file descriptor
Error in syscall: close - EBADF: invalid file descriptor
Error in syscall: close - EBADF: invalid file descriptor
Error in syscall: close - EBADF: invalid file descriptor
Error in syscall: close - EBADF: invalid file descriptor
Error in syscall: close - EBADF: invalid file descriptor
Error in syscall: close - EBADF: invalid file descriptor
Error in syscall: close - EBADF: invalid file descriptor
Error in syscall: close - EBADF: invalid file descriptor
Error in syscall: close - EBADF: invalid file descriptor
Error in syscall: close - EBADF: invalid file descriptor
Error in syscall: close - EBADF: invalid file descriptor
Error in syscall: close - EBADF: invalid file descriptor
Error in syscall: close - EBADF: invalid file descriptor
Error in syscall: close - EBADF: invalid file descriptor
Error in syscall: close - EBADF: invalid file descriptor
Error in syscall: close - EBADF: invalid file descriptor
Error in syscall: close - EBADF: invalid file descriptor
Error in syscall: close - EBADF: invalid file descriptor
Error in syscall: close - EBADF: invalid file descriptor
Error in syscall: close - EBADF: invalid file descriptor
Error in syscall: close - EBADF: invalid file descriptor
Error in syscall: close - EBADF: invalid file descriptor
Error in syscall: close - EBADF: invalid file descriptor
Error in syscall: close - EBADF: invalid file descriptor
Error in syscall: close - EBADF: invalid file descriptor
Error in syscall: close - EBADF: invalid file descriptor
Error in syscall: close - EBADF: invalid file descriptor
Error in syscall: close - EBADF: invalid file descriptor
Error in syscall: close - EBADF: invalid file descriptor
Error in syscall: close - EBADF: invalid file descriptor
Error in syscall: close - EBADF: invalid file descriptor
Error in syscall: close - EBADF: invalid file descriptor
Error in syscall: close - EBADF: invalid file descriptor
Error in syscall: close - EBADF: invalid file descriptor
Error in syscall: close - EBADF: invalid file descriptor
Error in syscall: close - EBADF: invalid file descriptor
Error in syscall: close - EBADF: invalid file descriptor
Error in syscall: close - EBADF: invalid file descriptor
Error in syscall: close - EBADF: invalid file descriptor
Error in syscall: close - EBADF: invalid file descriptor
Error in syscall: close - EBADF: invalid file descriptor
Error in syscall: close - EBADF: invalid file descriptor
Error in syscall: close - EBADF: invalid file descriptor
Error in syscall: close - EBADF: invalid file descriptor
Error in syscall: close - EBADF: invalid file descriptor
Error in syscall: close - EBADF: invalid file descriptor
Error in syscall: close - EBADF: invalid file descriptor
Error in syscall: close - EBADF: invalid file descriptor
Error in syscall: close - EBADF: invalid file descriptor
Error in syscall: close - EBADF: invalid file descriptor
Error in syscall: close - EBADF: invalid file descriptor
Error in syscall: close - EBADF: invalid file descriptor
Error in syscall: close - EBADF: invalid file descriptor
Error in syscall: close - EBADF: invalid file descriptor
Error in syscall: close - EBADF: invalid file descriptor
Error in syscall: close - EBADF: invalid file descriptor
Error in syscall: close - EBADF: invalid file descriptor
Error in syscall: close - EBADF: invalid file descriptor
Error in syscall: close - EBADF: invalid file descriptor
Error in syscall: close - EBADF: invalid file descriptor
Error in syscall: close - EBADF: invalid file descriptor
Error in syscall: close - EBADF: invalid file descriptor
Error in syscall: close - EBADF: invalid file descriptor
Error in syscall: close - EBADF: invalid file descriptor
Error in syscall: close - EBADF: invalid file descriptor
Error in syscall: close - EBADF: invalid file descriptor
Error in syscall: close - EBADF: invalid file descriptor
Error in syscall: close - EBADF: invalid file descriptor
Error in syscall: close - EBADF: invalid file descriptor
Error in syscall: close - EBADF: invalid file descriptor
Error in syscall: close - EBADF: invalid file descriptor
Error in syscall: close - EBADF: invalid file descriptor
Error in syscall: close - EBADF: invalid file descriptor
Error in syscall: close - EBADF: invalid file descriptor
Error in syscall: close - EBADF: invalid file descriptor
Error in syscall: close - EBADF: invalid file descriptor
Error in syscall: close - EBADF: invalid file descriptor
Error in syscall: close - EBADF: invalid file descriptor
Error in syscall: close - EBADF: invalid file descriptor
Error in syscall: close - EBADF: invalid file descriptor
Error in syscall: close - EBADF: invalid file descriptor
Error in syscall: close - EBADF: invalid file descriptor
Error in syscall: close - EBADF: invalid file descriptor
Error in syscall: close - EBADF: invalid file descriptor
Error in syscall: close - EBADF: invalid file descriptor
Error in syscall: close - EBADF: invalid file descriptor
Error in syscall: close - EBADF: invalid file descriptor
Error in syscall: close - EBADF: invalid file descriptor
Error in syscall: close - EBADF: invalid file descriptor
Error in syscall: close - EBADF: invalid file descriptor
Error in syscall: close - EBADF: invalid file descriptor
Error in syscall: close - EBADF: invalid file descriptor
Error in syscall: close - EBADF: invalid file descriptor
Error in syscall: close - EBADF: invalid file descriptor
Error in syscall: close - EBADF: invalid file descriptor
Error in syscall: close - EBADF: invalid file descriptor
Error in syscall: close - EBADF: invalid file descriptor
Error in syscall: close - EBADF: invalid file descriptor
Error in syscall: close - EBADF: invalid file descriptor
Error in syscall: close - EBADF: invalid file descriptor
Error in syscall: close - EBADF: invalid file descriptor
Error in syscall: close - EBADF: invalid file descriptor
Error in syscall: close - EBADF: invalid file descriptor
Error in syscall: close - EBADF: invalid file descriptor
Error in syscall: close - EBADF: invalid file descriptor
Error in syscall: close - EBADF: invalid file descriptor
Error in syscall: close - EBADF: invalid file descriptor
Error in syscall: close - EBADF: invalid file descriptor
Error in syscall: close - EBADF: invalid file descriptor
Error in syscall: close - EBADF: invalid file descriptor
Error in syscall: close - EBADF: invalid file descriptor
Error in syscall: close - EBADF: invalid file descriptor
Error in syscall: close - EBADF: invalid file descriptor
Error in syscall: close - EBADF: invalid file descriptor
Error in syscall: close - EBADF: invalid file descriptor
Error in syscall: close - EBADF: invalid file descriptor
Error in syscall: close - EBADF: invalid file descriptor
Error in syscall: close - EBADF: invalid file descriptor
Error in syscall: close - EBADF: invalid file descriptor
Error in syscall: close - EBADF: invalid file descriptor
Error in syscall: close - EBADF: invalid file descriptor
Error in syscall: close - EBADF: invalid file descriptor
Error in syscall: close - EBADF: invalid file descriptor
Error in syscall: close - EBADF: invalid file descriptor
Error in syscall: close - EBADF: invalid file descriptor
Error in syscall: close - EBADF: invalid file descriptor
Error in syscall: close - EBADF: invalid file descriptor
Error in syscall: close - EBADF: invalid file descriptor
Error in syscall: close - EBADF: invalid file descriptor
Error in syscall: close - EBADF: invalid file descriptor
Error in syscall: close - EBADF: invalid file descriptor
Error in syscall: close - EBADF: invalid file descriptor
Error in syscall: close - EBADF: invalid file descriptor
Error in syscall: close - EBADF: invalid file descriptor
Error in syscall: close - EBADF: invalid file descriptor
Error in syscall: close - EBADF: invalid file descriptor
Error in syscall: close - EBADF: invalid file descriptor
Error in syscall: close - EBADF: invalid file descriptor
Error in syscall: close - EBADF: invalid file descriptor
Error in syscall: close - EBADF: invalid file descriptor
Error in syscall: close - EBADF: invalid file descriptor
Error in syscall: close - EBADF: invalid file descriptor
Error in syscall: close - EBADF: invalid file descriptor
Error in syscall: close - EBADF: invalid file descriptor
Error in syscall: close - EBADF: invalid file descriptor
Error in syscall: close - EBADF: invalid file descriptor
Error in syscall: close - EBADF: invalid file descriptor
Error in syscall: close - EBADF: invalid file descriptor
Error in syscall: close - EBADF: invalid file descriptor
Error in syscall: close - EBADF: invalid file descriptor
Error in syscall: close - EBADF: invalid file descriptor
Error in syscall: close - EBADF: invalid file descriptor
Error in syscall: close - EBADF: invalid file descriptor
Error in syscall: close - EBADF: invalid file descriptor
Error in syscall: close - EBADF: invalid file descriptor
Error in syscall: close - EBADF: invalid file descriptor
Error in syscall: close - EBADF: invalid file descriptor
Error in syscall: close - EBADF: invalid file descriptor
Error in syscall: close - EBADF: invalid file descriptor
Error in syscall: close - EBADF: invalid file descriptor
Error in syscall: close - EBADF: invalid file descriptor
Error in syscall: close - EBADF: invalid file descriptor
Error in syscall: close - EBADF: invalid file descriptor
Error in syscall: close - EBADF: invalid file descriptor
Error in syscall: close - EBADF: invalid file descriptor
Error in syscall: close - EBADF: invalid file descriptor
Error in syscall: close - EBADF: invalid file descriptor
Error in syscall: close - EBADF: invalid file descriptor
Error in syscall: close - EBADF: invalid file descriptor
Error in syscall: close - EBADF: invalid file descriptor
Error in syscall: close - EBADF: invalid file descriptor
Error in syscall: close - EBADF: invalid file descriptor
Error in syscall: close - EBADF: invalid file descriptor
Error in syscall: close - EBADF: invalid file descriptor
Error in syscall: close - EBADF: invalid file descriptor
Error in syscall: close - EBADF: invalid file descriptor
Error in syscall: close - EBADF: invalid file descriptor
Error in syscall: close - EBADF: invalid file descriptor
Error in syscall: close - EBADF: invalid file descriptor
Error in syscall: close - EBADF: invalid file descriptor
Error in syscall: close - EBADF: invalid file descriptor
Error in syscall: close - EBADF: invalid file descriptor
Error in syscall: close - EBADF: invalid file descriptor
Error in syscall: close - EBADF: invalid file descriptor
Error in syscall: close - EBADF: invalid file descriptor
Error in syscall: close - EBADF: invalid file descriptor
Error in syscall: close - EBADF: invalid file descriptor
Error in syscall: close - EBADF: invalid file descriptor
Error in syscall: close - EBADF: invalid file descriptor
Error in syscall: close - EBADF: invalid file descriptor
Error in syscall: close - EBADF: invalid file descriptor
Error in syscall: close - EBADF: invalid file descriptor
Error in syscall: close - EBADF: invalid file descriptor
Error in syscall: close - EBADF: invalid file descriptor
Error in syscall: close - EBADF: invalid file descriptor
Error in syscall: close - EBADF: invalid file descriptor
Error in syscall: close - EBADF: invalid file descriptor
Error in syscall: close - EBADF: invalid file descriptor
Error in syscall: close - EBADF: invalid file descriptor
Error in syscall: close - EBADF: invalid file descriptor
Error in syscall: close - EBADF: invalid file descriptor
Error in syscall: close - EBADF: invalid file descriptor
Error in syscall: close - EBADF: invalid file descriptor
Error in syscall: close - EBADF: invalid file descriptor
Error in syscall: close - EBADF: invalid file descriptor
Error in syscall: close - EBADF: invalid file descriptor
Error in syscall: close - EBADF: invalid file descriptor
Error in syscall: close - EBADF: invalid file descriptor
Error in syscall: close - EBADF: invalid file descriptor
Error in syscall: close - EBADF: invalid file descriptor
Error in syscall: close - EBADF: invalid file descriptor
Error in syscall: close - EBADF: invalid file descriptor
Error in syscall: close - EBADF: invalid file descriptor
Error in syscall: close - EBADF: invalid file descriptor
Error in syscall: close - EBADF: invalid file descriptor
Error in syscall: close - EBADF: invalid file descriptor
Error in syscall: close - EBADF: invalid file descriptor
Error in syscall: close - EBADF: invalid file descriptor
Error in syscall: close - EBADF: invalid file descriptor
Error in syscall: close - EBADF: invalid file descriptor
Error in syscall: close - EBADF: invalid file descriptor
Error in syscall: close - EBADF: invalid file descriptor
Error in syscall: close - EBADF: invalid file descriptor
Error in syscall: close - EBADF: invalid file descriptor
Error in syscall: close - EBADF: invalid file descriptor
Error in syscall: close - EBADF: invalid file descriptor
Error in syscall: close - EBADF: invalid file descriptor
Error in syscall: close - EBADF: invalid file descriptor
Error in syscall: close - EBADF: invalid file descriptor
Error in syscall: close - EBADF: invalid file descriptor
Error in syscall: close - EBADF: invalid file descriptor
Error in syscall: close - EBADF: invalid file descriptor
Error in syscall: close - EBADF: invalid file descriptor
Error in syscall: close - EBADF: invalid file descriptor
Error in syscall: close - EBADF: invalid file descriptor
Error in syscall: close - EBADF: invalid file descriptor
Error in syscall: close - EBADF: invalid file descriptor
Error in syscall: close - EBADF: invalid file descriptor
Error in syscall: close - EBADF: invalid file descriptor
Error in syscall: close - EBADF: invalid file descriptor
Error in syscall: close - EBADF: invalid file descriptor
Error in syscall: close - EBADF: invalid file descriptor
Error in syscall: close - EBADF: invalid file descriptor
Error in syscall: close - EBADF: invalid file descriptor
Error in syscall: close - EBADF: invalid file descriptor
Error in syscall: close - EBADF: invalid file descriptor
Error in syscall: close - EBADF: invalid file descriptor
Error in syscall: close - EBADF: invalid file descriptor
Error in syscall: close - EBADF: invalid file descriptor
Error in syscall: close - EBADF: invalid file descriptor
Error in syscall: close - EBADF: invalid file descriptor
Error in syscall: close - EBADF: invalid file descriptor
Error in syscall: close - EBADF: invalid file descriptor
Error in syscall: close - EBADF: invalid file descriptor
Error in syscall: close - EBADF: invalid file descriptor
Error in syscall: close - EBADF: invalid file descriptor
Error in syscall: close - EBADF: invalid file descriptor
Error in syscall: close - EBADF: invalid file descriptor
Error in syscall: close - EBADF: invalid file descriptor
Error in syscall: close - EBADF: invalid file descriptor
Error in syscall: close - EBADF: invalid file descriptor
Error in syscall: close - EBADF: invalid file descriptor
Error in syscall: close - EBADF: invalid file descriptor
Error in syscall: close - EBADF: invalid file descriptor
Error in syscall: close - EBADF: invalid file descriptor
Error in syscall: close - EBADF: invalid file descriptor
Error in syscall: close - EBADF: invalid file descriptor
Error in syscall: close - EBADF: invalid file descriptor
Error in syscall: close - EBADF: invalid file descriptor
Error in syscall: close - EBADF: invalid file descriptor
Error in syscall: close - EBADF: invalid file descriptor
Error in syscall: close - EBADF: invalid file descriptor
Error in syscall: close - EBADF: invalid file descriptor
Error in syscall: close - EBADF: invalid file descriptor
Error in syscall: close - EBADF: invalid file descriptor
Error in syscall: close - EBADF: invalid file descriptor
Error in syscall: close - EBADF: invalid file descriptor
Error in syscall: close - EBADF: invalid file descriptor
Error in syscall: close - EBADF: invalid file descriptor
Error in syscall: close - EBADF: invalid file descriptor
Error in syscall: close - EBADF: invalid file descriptor
Error in syscall: close - EBADF: invalid file descriptor
Error in syscall: close - EBADF: invalid file descriptor
Error in syscall: close - EBADF: invalid file descriptor
Error in syscall: close - EBADF: invalid file descriptor
Error in syscall: close - EBADF: invalid file descriptor
Error in syscall: close - EBADF: invalid file descriptor
Error in syscall: close - EBADF: invalid file descriptor
Error in syscall: close - EBADF: invalid file descriptor
Error in syscall: close - EBADF: invalid file descriptor
Error in syscall: close - EBADF: invalid file descriptor
Error in syscall: close - EBADF: invalid file descriptor
Error in syscall: close - EBADF: invalid file descriptor
Error in syscall: close - EBADF: invalid file descriptor
Error in syscall: close - EBADF: invalid file descriptor
Error in syscall: close - EBADF: invalid file descriptor
Error in syscall: close - EBADF: invalid file descriptor
Error in syscall: close - EBADF: invalid file descriptor
Error in syscall: close - EBADF: invalid file descriptor
Error in syscall: close - EBADF: invalid file descriptor
Error in syscall: close - EBADF: invalid file descriptor
Error in syscall: close - EBADF: invalid file descriptor
Error in syscall: close - EBADF: invalid file descriptor
Error in syscall: close - EBADF: invalid file descriptor
Error in syscall: close - EBADF: invalid file descriptor
Error in syscall: close - EBADF: invalid file descriptor
Error in syscall: close - EBADF: invalid file descriptor
Error in syscall: close - EBADF: invalid file descriptor
Error in syscall: close - EBADF: invalid file descriptor
Error in syscall: close - EBADF: invalid file descriptor
Error in syscall: close - EBADF: invalid file descriptor
Error in syscall: close - EBADF: invalid file descriptor
Error in syscall: close - EBADF: invalid file descriptor
Error in syscall: close - EBADF: invalid file descriptor
Error in syscall: close - EBADF: invalid file descriptor
Error in syscall: close - EBADF: invalid file descriptor
Error in syscall: close - EBADF: invalid file descriptor
Error in syscall: close - EBADF: invalid file descriptor
Error in syscall: close - EBADF: invalid file descriptor
Error in syscall: close - EBADF: invalid file descriptor
Error in syscall: close - EBADF: invalid file descriptor
Error in syscall: close - EBADF: invalid file descriptor
Error in syscall: close - EBADF: invalid file descriptor
Error in syscall: close - EBADF: invalid file descriptor
Error in syscall: close - EBADF: invalid file descriptor
Error in syscall: close - EBADF: invalid file descriptor
Error in syscall: close - EBADF: invalid file descriptor
Error in syscall: close - EBADF: invalid file descriptor
Error in syscall: close - EBADF: invalid file descriptor
Error in syscall: close - EBADF: invalid file descriptor
Error in syscall: close - EBADF: invalid file descriptor
Error in syscall: close - EBADF: invalid file descriptor
Error in syscall: close - EBADF: invalid file descriptor
Error in syscall: close - EBADF: invalid file descriptor
Error in syscall: close - EBADF: invalid file descriptor
Error in syscall: close - EBADF: invalid file descriptor
Error in syscall: close - EBADF: invalid file descriptor
Error in syscall: close - EBADF: invalid file descriptor
Error in syscall: close - EBADF: invalid file descriptor
Error in syscall: close - EBADF: invalid file descriptor
Error in syscall: close - EBADF: invalid file descriptor
Error in syscall: close - EBADF: invalid file descriptor
Error in syscall: close - EBADF: invalid file descriptor
Error in syscall: close - EBADF: invalid file descriptor
Error in syscall: close - EBADF: invalid file descriptor
Error in syscall: close - EBADF: invalid file descriptor
Error in syscall: close - EBADF: invalid file descriptor
Error in syscall: close - EBADF: invalid file descriptor
Error in syscall: close - EBADF: invalid file descriptor
Error in syscall: close - EBADF: invalid file descriptor
Error in syscall: close - EBADF: invalid file descriptor
Error in syscall: close - EBADF: invalid file descriptor
Error in syscall: close - EBADF: invalid file descriptor
Error in syscall: close - EBADF: invalid file descriptor
Error in syscall: close - EBADF: invalid file descriptor
Error in syscall: close - EBADF: invalid file descriptor
Error in syscall: close - EBADF: invalid file descriptor
Error in syscall: close - EBADF: invalid file descriptor
Error in syscall: close - EBADF: invalid file descriptor
Error in syscall: close - EBADF: invalid file descriptor
Error in syscall: close - EBADF: invalid file descriptor
Error in syscall: close - EBADF: invalid file descriptor
Error in syscall: close - EBADF: invalid file descriptor
Error in syscall: close - EBADF: invalid file descriptor
Error in syscall: close - EBADF: invalid file descriptor
Error in syscall: close - EBADF: invalid file descriptor
Error in syscall: close - EBADF: invalid file descriptor
Error in syscall: close - EBADF: invalid file descriptor
Error in syscall: close - EBADF: invalid file descriptor
Error in syscall: close - EBADF: invalid file descriptor
Error in syscall: close - EBADF: invalid file descriptor
Error in syscall: close - EBADF: invalid file descriptor
Error in syscall: close - EBADF: invalid file descriptor
Error in syscall: close - EBADF: invalid file descriptor
Error in syscall: close - EBADF: invalid file descriptor
Error in syscall: close - EBADF: invalid file descriptor
Error in syscall: close - EBADF: invalid file descriptor
Error in syscall: close - EBADF: invalid file descriptor
Error in syscall: close - EBADF: invalid file descriptor
Error in syscall: close - EBADF: invalid file descriptor
Error in syscall: close - EBADF: invalid file descriptor
Error in syscall: close - EBADF: invalid file descriptor
Error in syscall: close - EBADF: invalid file descriptor
Error in syscall: close - EBADF: invalid file descriptor
Error in syscall: close - EBADF: invalid file descriptor
Error in syscall: close - EBADF: invalid file descriptor
Error in syscall: close - EBADF: invalid file descriptor
Error in syscall: close - EBADF: invalid file descriptor
Error in syscall: close - EBADF: invalid file descriptor
Error in syscall: close - EBADF: invalid file descriptor
Error in syscall: close - EBADF: invalid file descriptor
Error in syscall: close - EBADF: invalid file descriptor
Error in syscall: close - EBADF: invalid file descriptor
Error in syscall: close - EBADF: invalid file descriptor
Error in syscall: close - EBADF: invalid file descriptor
Error in syscall: close - EBADF: invalid file descriptor
Error in syscall: close - EBADF: invalid file descriptor
Error in syscall: close - EBADF: invalid file descriptor
Error in syscall: close - EBADF: invalid file descriptor
Error in syscall: close - EBADF: invalid file descriptor
Error in syscall: close - EBADF: invalid file descriptor
Error in syscall: close - EBADF: invalid file descriptor
Error in syscall: close - EBADF: invalid file descriptor
Error in syscall: close - EBADF: invalid file descriptor
Error in syscall: close - EBADF: invalid file descriptor
Error in syscall: close - EBADF: invalid file descriptor
Error in syscall: close - EBADF: invalid file descriptor
Error in syscall: close - EBADF: invalid file descriptor
Error in syscall: close - EBADF: invalid file descriptor
Error in syscall: close - EBADF: invalid file descriptor
Error in syscall: close - EBADF: invalid file descriptor
Error in syscall: close - EBADF: invalid file descriptor
Error in syscall: close - EBADF: invalid file descriptor
Error in syscall: close - EBADF: invalid file descriptor
Error in syscall: close - EBADF: invalid file descriptor
Error in syscall: close - EBADF: invalid file descriptor
Error in syscall: close - EBADF: invalid file descriptor
Error in syscall: close - EBADF: invalid file descriptor
Error in syscall: close - EBADF: invalid file descriptor
Error in syscall: close - EBADF: invalid file descriptor
Error in syscall: close - EBADF: invalid file descriptor
Error in syscall: close - EBADF: invalid file descriptor
Error in syscall: close - EBADF: invalid file descriptor
Error in syscall: close - EBADF: invalid file descriptor
Error in syscall: close - EBADF: invalid file descriptor
Error in syscall: close - EBADF: invalid file descriptor
Error in syscall: close - EBADF: invalid file descriptor
Error in syscall: close - EBADF: invalid file descriptor
Error in syscall: close - EBADF: invalid file descriptor
Error in syscall: close - EBADF: invalid file descriptor
Error in syscall: close - EBADF: invalid file descriptor
Error in syscall: close - EBADF: invalid file descriptor
Error in syscall: close - EBADF: invalid file descriptor
Error in syscall: close - EBADF: invalid file descriptor
Error in syscall: close - EBADF: invalid file descriptor
Error in syscall: close - EBADF: invalid file descriptor
Error in syscall: close - EBADF: invalid file descriptor
Error in syscall: close - EBADF: invalid file descriptor
Error in syscall: close - EBADF: invalid file descriptor
Error in syscall: close - EBADF: invalid file descriptor
Error in syscall: close - EBADF: invalid file descriptor
Error in syscall: close - EBADF: invalid file descriptor
Error in syscall: close - EBADF: invalid file descriptor
Error in syscall: close - EBADF: invalid file descriptor
Error in syscall: close - EBADF: invalid file descriptor
Error in syscall: close - EBADF: invalid file descriptor
Error in syscall: close - EBADF: invalid file descriptor
Error in syscall: close - EBADF: invalid file descriptor
Error in syscall: close - EBADF: invalid file descriptor
Error in syscall: close - EBADF: invalid file descriptor
Error in syscall: close - EBADF: invalid file descriptor
Error in syscall: close - EBADF: invalid file descriptor
Error in syscall: close - EBADF: invalid file descriptor
Error in syscall: close - EBADF: invalid file descriptor
Error in syscall: close - EBADF: invalid file descriptor
Error in syscall: close - EBADF: invalid file descriptor
Error in syscall: close - EBADF: invalid file descriptor
Error in syscall: close - EBADF: invalid file descriptor
Error in syscall: close - EBADF: invalid file descriptor
Error in syscall: close - EBADF: invalid file descriptor
Error in syscall: close - EBADF: invalid file descriptor
Error in syscall: close - EBADF: invalid file descriptor
Error in syscall: close - EBADF: invalid file descriptor
Error in syscall: close - EBADF: invalid file descriptor
Error in syscall: close - EBADF: invalid file descriptor
Error in syscall: close - EBADF: invalid file descriptor
Error in syscall: close - EBADF: invalid file descriptor
Error in syscall: close - EBADF: invalid file descriptor
Error in syscall: close - EBADF: invalid file descriptor
Error in syscall: close - EBADF: invalid file descriptor
Error in syscall: close - EBADF: invalid file descriptor
Error in syscall: close - EBADF: invalid file descriptor
Error in syscall: close - EBADF: invalid file descriptor
Error in syscall: close - EBADF: invalid file descriptor
Error in syscall: close - EBADF: invalid file descriptor
Error in syscall: close - EBADF: invalid file descriptor
Error in syscall: close - EBADF: invalid file descriptor
Error in syscall: close - EBADF: invalid file descriptor
Error in syscall: close - EBADF: invalid file descriptor
Error in syscall: close - EBADF: invalid file descriptor
Error in syscall: close - EBADF: invalid file descriptor
Error in syscall: close - EBADF: invalid file descriptor
Error in syscall: close - EBADF: invalid file descriptor
Error in syscall: close - EBADF: invalid file descriptor
Error in syscall: close - EBADF: invalid file descriptor
Error in syscall: close - EBADF: invalid file descriptor
Error in syscall: close - EBADF: invalid file descriptor
Error in syscall: close - EBADF: invalid file descriptor
Error in syscall: close - EBADF: invalid file descriptor
Error in syscall: close - EBADF: invalid file descriptor
Error in syscall: close - EBADF: invalid file descriptor
Error in syscall: close - EBADF: invalid file descriptor
Error in syscall: close - EBADF: invalid file descriptor
Error in syscall: close - EBADF: invalid file descriptor
Error in syscall: close - EBADF: invalid file descriptor
Error in syscall: close - EBADF: invalid file descriptor
Error in syscall: close - EBADF: invalid file descriptor
Error in syscall: close - EBADF: invalid file descriptor
Error in syscall: close - EBADF: invalid file descriptor
Error in syscall: close - EBADF: invalid file descriptor
Error in syscall: close - EBADF: invalid file descriptor
Error in syscall: close - EBADF: invalid file descriptor
Error in syscall: close - EBADF: invalid file descriptor
Error in syscall: close - EBADF: invalid file descriptor
Error in syscall: close - EBADF: invalid file descriptor
Error in syscall: close - EBADF: invalid file descriptor
Error in syscall: close - EBADF: invalid file descriptor
Error in syscall: close - EBADF: invalid file descriptor
Error in syscall: close - EBADF: invalid file descriptor
Error in syscall: close - EBADF: invalid file descriptor
Error in syscall: close - EBADF: invalid file descriptor
Error in syscall: close - EBADF: invalid file descriptor
Error in syscall: close - EBADF: invalid file descriptor
Error in syscall: close - EBADF: invalid file descriptor
Error in syscall: close - EBADF: invalid file descriptor
Error in syscall: close - EBADF: invalid file descriptor
Error in syscall: close - EBADF: invalid file descriptor
Error in syscall: close - EBADF: invalid file descriptor
Error in syscall: close - EBADF: invalid file descriptor
Error in syscall: close - EBADF: invalid file descriptor
Error in syscall: close - EBADF: invalid file descriptor
Error in syscall: close - EBADF: invalid file descriptor
Error in syscall: close - EBADF: invalid file descriptor
Error in syscall: close - EBADF: invalid file descriptor
Error in syscall: close - EBADF: invalid file descriptor
Error in syscall: close - EBADF: invalid file descriptor
Error in syscall: close - EBADF: invalid file descriptor
Error in syscall: close - EBADF: invalid file descriptor
Error in syscall: close - EBADF: invalid file descriptor
Error in syscall: close - EBADF: invalid file descriptor
Error in syscall: close - EBADF: invalid file descriptor
Error in syscall: close - EBADF: invalid file descriptor
Error in syscall: close - EBADF: invalid file descriptor
Error in syscall: close - EBADF: invalid file descriptor
Error in syscall: close - EBADF: invalid file descriptor
Error in syscall: close - EBADF: invalid file descriptor
Error in syscall: close - EBADF: invalid file descriptor
Error in syscall: close - EBADF: invalid file descriptor
Error in syscall: close - EBADF: invalid file descriptor
Error in syscall: close - EBADF: invalid file descriptor
Error in syscall: close - EBADF: invalid file descriptor
Error in syscall: close - EBADF: invalid file descriptor
Error in syscall: close - EBADF: invalid file descriptor
Error in syscall: close - EBADF: invalid file descriptor
Error in syscall: close - EBADF: invalid file descriptor
Error in syscall: close - EBADF: invalid file descriptor
Error in syscall: close - EBADF: invalid file descriptor
Error in syscall: close - EBADF: invalid file descriptor
Error in syscall: close - EBADF: invalid file descriptor
Error in syscall: close - EBADF: invalid file descriptor
Error in syscall: close - EBADF: invalid file descriptor
Error in syscall: close - EBADF: invalid file descriptor
Error in syscall: close - EBADF: invalid file descriptor
Error in syscall: close - EBADF: invalid file descriptor
Error in syscall: close - EBADF: invalid file descriptor
Error in syscall: close - EBADF: invalid file descriptor
Error in syscall: close - EBADF: invalid file descriptor
Error in syscall: close - EBADF: invalid file descriptor
Error in syscall: close - EBADF: invalid file descriptor
Error in syscall: close - EBADF: invalid file descriptor
Error in syscall: close - EBADF: invalid file descriptor
Error in syscall: close - EBADF: invalid file descriptor
Error in syscall: close - EBADF: invalid file descriptor
Error in syscall: close - EBADF: invalid file descriptor
Error in syscall: close - EBADF: invalid file descriptor
Error in syscall: close - EBADF: invalid file descriptor
Error in syscall: close - EBADF: invalid file descriptor
Error in syscall: close - EBADF: invalid file descriptor
Error in syscall: close - EBADF: invalid file descriptor
Error in syscall: close - EBADF: invalid file descriptor
Error in syscall: close - EBADF: invalid file descriptor
Error in syscall: close - EBADF: invalid file descriptor
Error in syscall: close - EBADF: invalid file descriptor
Error in syscall: close - EBADF: invalid file descriptor
Error in syscall: close - EBADF: invalid file descriptor
Error in syscall: close - EBADF: invalid file descriptor
Error in syscall: close - EBADF: invalid file descriptor
Error in syscall: close - EBADF: invalid file descriptor
Error in syscall: close - EBADF: invalid file descriptor
Error in syscall: close - EBADF: invalid file descriptor
Error in syscall: close - EBADF: invalid file descriptor
Error in syscall: close - EBADF: invalid file descriptor
Error in syscall: close - EBADF: invalid file descriptor
Error in syscall: close - EBADF: invalid file descriptor
Error in syscall: close - EBADF: invalid file descriptor
Error in syscall: close - EBADF: invalid file descriptor
Error in syscall: close - EBADF: invalid file descriptor
Error in syscall: close - EBADF: invalid file descriptor
Error in syscall: close - EBADF: invalid file descriptor
Error in syscall: close - EBADF: invalid file descriptor
Error in syscall: close - EBADF: invalid file descriptor
Error in syscall: close - EBADF: invalid file descriptor
Error in syscall: close - EBADF: invalid file descriptor
Error in syscall: close - EBADF: invalid file descriptor
Error in syscall: close - EBADF: invalid file descriptor
Error in syscall: close - EBADF: invalid file descriptor
Error in syscall: close - EBADF: invalid file descriptor
Error in syscall: close - EBADF: invalid file descriptor
Error in syscall: close - EBADF: invalid file descriptor
Error in syscall: close - EBADF: invalid file descriptor
Error in syscall: close - EBADF: invalid file descriptor
Error in syscall: close - EBADF: invalid file descriptor
Error in syscall: close - EBADF: invalid file descriptor
Error in syscall: close - EBADF: invalid file descriptor
Error in syscall: close - EBADF: invalid file descriptor
Error in syscall: close - EBADF: invalid file descriptor
Error in syscall: close - EBADF: invalid file descriptor
Error in syscall: close - EBADF: invalid file descriptor
Error in syscall: close - EBADF: invalid file descriptor
Error in syscall: close - EBADF: invalid file descriptor
Error in syscall: close - EBADF: invalid file descriptor
Error in syscall: close - EBADF: invalid file descriptor
Error in syscall: close - EBADF: invalid file descriptor
Error in syscall: close - EBADF: invalid file descriptor
Error in syscall: close - EBADF: invalid file descriptor
Error in syscall: close - EBADF: invalid file descriptor
Error in syscall: close - EBADF: invalid file descriptor
Error in syscall: close - EBADF: invalid file descriptor
Error in syscall: close - EBADF: invalid file descriptor
Error in syscall: close - EBADF: invalid file descriptor
Error in syscall: close - EBADF: invalid file descriptor
Error in syscall: close - EBADF: invalid file descriptor
Error in syscall: close - EBADF: invalid file descriptor
Error in syscall: close - EBADF: invalid file descriptor
Error in syscall: close - EBADF: invalid file descriptor
Error in syscall: close - EBADF: invalid file descriptor
Error in syscall: close - EBADF: invalid file descriptor
Error in syscall: close - EBADF: invalid file descriptor
Error in syscall: close - EBADF: invalid file descriptor
Error in syscall: close - EBADF: invalid file descriptor
Error in syscall: close - EBADF: invalid file descriptor
Error in syscall: close - EBADF: invalid file descriptor
Error in syscall: close - EBADF: invalid file descriptor
Error in syscall: close - EBADF: invalid file descriptor
Error in syscall: close - EBADF: invalid file descriptor
Error in syscall: close - EBADF: invalid file descriptor
Error in syscall: close - EBADF: invalid file descriptor
Error in syscall: close - EBADF: invalid file descriptor
Error in syscall: close - EBADF: invalid file descriptor
Error in syscall: close - EBADF: invalid file descriptor
Error in syscall: close - EBADF: invalid file descriptor
Error in syscall: close - EBADF: invalid file descriptor
Error in syscall: close - EBADF: invalid file descriptor
Error in syscall: close - EBADF: invalid file descriptor
Error in syscall: close - EBADF: invalid file descriptor
Error in syscall: close - EBADF: invalid file descriptor
Error in syscall: close - EBADF: invalid file descriptor
Error in syscall: close - EBADF: invalid file descriptor
Error in syscall: close - EBADF: invalid file descriptor
Error in syscall: close - EBADF: invalid file descriptor
Error in syscall: close - EBADF: invalid file descriptor
Error in syscall: close - EBADF: invalid file descriptor
Error in syscall: close - EBADF: invalid file descriptor
Error in syscall: close - EBADF: invalid file descriptor
Error in syscall: close - EBADF: invalid file descriptor
Error in syscall: close - EBADF: invalid file descriptor
Error in syscall: close - EBADF: invalid file descriptor
Error in syscall: close - EBADF: invalid file descriptor
Error in syscall: close - EBADF: invalid file descriptor
Error in syscall: close - EBADF: invalid file descriptor
Error in syscall: close - EBADF: invalid file descriptor
Error in syscall: close - EBADF: invalid file descriptor
Error in syscall: close - EBADF: invalid file descriptor
Error in syscall: close - EBADF: invalid file descriptor
Error in syscall: close - EBADF: invalid file descriptor
Error in syscall: close - EBADF: invalid file descriptor
Error in syscall: close - EBADF: invalid file descriptor
Error in syscall: close - EBADF: invalid file descriptor
Error in syscall: close - EBADF: invalid file descriptor
Error in syscall: close - EBADF: invalid file descriptor
Error in syscall: close - EBADF: invalid file descriptor
Error in syscall: close - EBADF: invalid file descriptor
Error in syscall: close - EBADF: invalid file descriptor
Error in syscall: close - EBADF: invalid file descriptor
Error in syscall: close - EBADF: invalid file descriptor
Error in syscall: close - EBADF: invalid file descriptor
Error in syscall: close - EBADF: invalid file descriptor
Error in syscall: close - EBADF: invalid file descriptor
Error in syscall: close - EBADF: invalid file descriptor
Error in syscall: close - EBADF: invalid file descriptor
Error in syscall: close - EBADF: invalid file descriptor
Error in syscall: close - EBADF: invalid file descriptor
Error in syscall: close - EBADF: invalid file descriptor
Error in syscall: close - EBADF: invalid file descriptor
Error in syscall: close - EBADF: invalid file descriptor
Error in syscall: close - EBADF: invalid file descriptor
Error in syscall: close - EBADF: invalid file descriptor
Error in syscall: close - EBADF: invalid file descriptor
Error in syscall: close - EBADF: invalid file descriptor
Error in syscall: close - EBADF: invalid file descriptor
Error in syscall: close - EBADF: invalid file descriptor
Error in syscall: close - EBADF: invalid file descriptor
Error in syscall: close - EBADF: invalid file descriptor
Error in syscall: close - EBADF: invalid file descriptor
Error in syscall: close - EBADF: invalid file descriptor
Error in syscall: close - EBADF: invalid file descriptor
Error in syscall: close - EBADF: invalid file descriptor
Error in syscall: close - EBADF: invalid file descriptor
Error in syscall: close - EBADF: invalid file descriptor
Error in syscall: close - EBADF: invalid file descriptor
Error in syscall: close - EBADF: invalid file descriptor
Error in syscall: close - EBADF: invalid file descriptor
Error in syscall: close - EBADF: invalid file descriptor
Error in syscall: close - EBADF: invalid file descriptor
Error in syscall: close - EBADF: invalid file descriptor
Error in syscall: close - EBADF: invalid file descriptor
Error in syscall: close - EBADF: invalid file descriptor
Error in syscall: close - EBADF: invalid file descriptor
Error in syscall: close - EBADF: invalid file descriptor
Error in syscall: close - EBADF: invalid file descriptor
Error in syscall: close - EBADF: invalid file descriptor
Error in syscall: close - EBADF: invalid file descriptor
Error in syscall: close - EBADF: invalid file descriptor
Error in syscall: close - EBADF: invalid file descriptor
Error in syscall: close - EBADF: invalid file descriptor
Error in syscall: close - EBADF: invalid file descriptor
Error in syscall: close - EBADF: invalid file descriptor
Error in syscall: close - EBADF: invalid file descriptor
Error in syscall: close - EBADF: invalid file descriptor
Error in syscall: close - EBADF: invalid file descriptor
Error in syscall: close - EBADF: invalid file descriptor
Error in syscall: close - EBADF: invalid file descriptor
Error in syscall: close - EBADF: invalid file descriptor
Error in syscall: close - EBADF: invalid file descriptor
Error in syscall: close - EBADF: invalid file descriptor
Error in syscall: close - EBADF: invalid file descriptor
Error in syscall: close - EBADF: invalid file descriptor
Error in syscall: close - EBADF: invalid file descriptor
Error in syscall: close - EBADF: invalid file descriptor
Error in syscall: close - EBADF: invalid file descriptor
Error in syscall: close - EBADF: invalid file descriptor
Error in syscall: close - EBADF: invalid file descriptor
Error in syscall: close - EBADF: invalid file descriptor
Error in syscall: close - EBADF: invalid file descriptor
Error in syscall: close - EBADF: invalid file descriptor
Error in syscall: close - EBADF: invalid file descriptor
Error in syscall: close - EBADF: invalid file descriptor
Error in syscall: close - EBADF: invalid file descriptor
Error in syscall: close - EBADF: invalid file descriptor
Error in syscall: close - EBADF: invalid file descriptor
Error in syscall: close - EBADF: invalid file descriptor
Error in syscall: close - EBADF: invalid file descriptor
Error in syscall: close - EBADF: invalid file descriptor
Error in syscall: close - EBADF: invalid file descriptor
Error in syscall: close - EBADF: invalid file descriptor
Error in syscall: close - EBADF: invalid file descriptor
Error in syscall: close - EBADF: invalid file descriptor
Error in syscall: close - EBADF: invalid file descriptor
Error in syscall: close - EBADF: invalid file descriptor
Error in syscall: close - EBADF: invalid file descriptor
Error in syscall: close - EBADF: invalid file descriptor
Error in syscall: close - EBADF: invalid file descriptor
Error in syscall: close - EBADF: invalid file descriptor
Error in syscall: close - EBADF: invalid file descriptor
Error in syscall: close - EBADF: invalid file descriptor
Error in syscall: close - EBADF: invalid file descriptor
Error in syscall: close - EBADF: invalid file descriptor
Error in syscall: close - EBADF: invalid file descriptor
Error in syscall: close - EBADF: invalid file descriptor
Error in syscall: close - EBADF: invalid file descriptor
Error in syscall: close - EBADF: invalid file descriptor
Error in syscall: close - EBADF: invalid file descriptor
Error in syscall: close - EBADF: invalid file descriptor
Error in syscall: close - EBADF: invalid file descriptor
Error in syscall: close - EBADF: invalid file descriptor
Error in syscall: close - EBADF: invalid file descriptor
Error in syscall: close - EBADF: invalid file descriptor
Error in syscall: close - EBADF: invalid file descriptor
Error in syscall: close - EBADF: invalid file descriptor
Error in syscall: close - EBADF: invalid file descriptor
Error in syscall: close - EBADF: invalid file descriptor
Error in syscall: close - EBADF: invalid file descriptor
Error in syscall: close - EBADF: invalid file descriptor
Error in syscall: close - EBADF: invalid file descriptor
[319045,688670464:03:31:46.914509] [NaClAppThreadTeardown] cage id: 1
Error in syscall: close - EBADF: invalid file descriptor
Error in syscall: close - EBADF: invalid file descriptor
Error in syscall: close - EBADF: invalid file descriptor
[319045,688670464:03:31:46.914517]  getting thread table lock
Error in syscall: close - EBADF: invalid file descriptor
Error in syscall: close - EBADF: invalid file descriptor
[319045,688670464:03:31:46.914519]  getting thread lock
Error in syscall: close - EBADF: invalid file descriptor
Error in syscall: close - EBADF: invalid file descriptor
Error in syscall: close - EBADF: invalid file descriptor
[319045,688670464:03:31:46.914521]  removing thread from thread table
Error in syscall: close - EBADF: invalid file descriptor
Error in syscall: close - EBADF: invalid file descriptor
[319045,688670464:03:31:46.914523]  unlocking thread
Error in syscall: close - EBADF: invalid file descriptor
Error in syscall: close - EBADF: invalid file descriptor
[319045,688670464:03:31:46.914525]  unlocking thread table
Error in syscall: close - EBADF: invalid file descriptor
[319045,688670464:03:31:46.914526]  unregistering signal stack
Error in syscall: close - EBADF: invalid file descriptor
Error in syscall: close - EBADF: invalid file descriptor
Error in syscall: close - EBADF: invalid file descriptor
Error in syscall: close - EBADF: invalid file descriptor
Error in syscall: close - EBADF: invalid file descriptor
Error in syscall: close - EBADF: invalid file descriptor
Error in syscall: close - EBADF: invalid file descriptor
Error in syscall: close - EBADF: invalid file descriptor
Error in syscall: close - EBADF: invalid file descriptor
Error in syscall: close - EBADF: invalid file descriptor
Error in syscall: close - EBADF: invalid file descriptor
Error in syscall: close - EBADF: invalid file descriptor
Error in syscall: close - EBADF: invalid file descriptor
Error in syscall: close - EBADF: invalid file descriptor
Error in syscall: close - EBADF: invalid file descriptor
Error in syscall: close - EBADF: invalid file descriptor
Error in syscall: close - EBADF: invalid file descriptor
Error in syscall: close - EBADF: invalid file descriptor
Error in syscall: close - EBADF: invalid file descriptor
Error in syscall: close - EBADF: invalid file descriptor
Error in syscall: close - EBADF: invalid file descriptor
Error in syscall: close - EBADF: invalid file descriptor
Error in syscall: close - EBADF: invalid file descriptor
Error in syscall: close - EBADF: invalid file descriptor
Error in syscall: close - EBADF: invalid file descriptor
Error in syscall: close - EBADF: invalid file descriptor
Error in syscall: close - EBADF: invalid file descriptor
Error in syscall: close - EBADF: invalid file descriptor
Error in syscall: close - EBADF: invalid file descriptor
Error in syscall: close - EBADF: invalid file descriptor
Error in syscall: close - EBADF: invalid file descriptor
Error in syscall: close - EBADF: invalid file descriptor
Error in syscall: close - EBADF: invalid file descriptor
Error in syscall: close - EBADF: invalid file descriptor
Error in syscall: close - EBADF: invalid file descriptor
Error in syscall: close - EBADF: invalid file descriptor
Error in syscall: close - EBADF: invalid file descriptor
Error in syscall: close - EBADF: invalid file descriptor
Error in syscall: close - EBADF: invalid file descriptor
Error in syscall: close - EBADF: invalid file descriptor
Error in syscall: close - EBADF: invalid file descriptor
Error in syscall: close - EBADF: invalid file descriptor
Error in syscall: close - EBADF: invalid file descriptor
Error in syscall: close - EBADF: invalid file descriptor
Error in syscall: close - EBADF: invalid file descriptor
Error in syscall: close - EBADF: invalid file descriptor
Error in syscall: close - EBADF: invalid file descriptor
Error in syscall: close - EBADF: invalid file descriptor
Error in syscall: close - EBADF: invalid file descriptor
Error in syscall: close - EBADF: invalid file descriptor
Error in syscall: close - EBADF: invalid file descriptor
Error in syscall: close - EBADF: invalid file descriptor
Error in syscall: close - EBADF: invalid file descriptor
Error in syscall: close - EBADF: invalid file descriptor
Error in syscall: close - EBADF: invalid file descriptor
Error in syscall: close - EBADF: invalid file descriptor
Error in syscall: close - EBADF: invalid file descriptor
Error in syscall: close - EBADF: invalid file descriptor
Error in syscall: close - EBADF: invalid file descriptor
Error in syscall: close - EBADF: invalid file descriptor
Error in syscall: close - EBADF: invalid file descriptor
Error in syscall: close - EBADF: invalid file descriptor
Error in syscall: close - EBADF: invalid file descriptor
Error in syscall: close - EBADF: invalid file descriptor
Error in syscall: close - EBADF: invalid file descriptor
Error in syscall: close - EBADF: invalid file descriptor
Error in syscall: close - EBADF: invalid file descriptor
Error in syscall: close - EBADF: invalid file descriptor
Error in syscall: close - EBADF: invalid file descriptor
Error in syscall: close - EBADF: invalid file descriptor
Error in syscall: close - EBADF: invalid file descriptor
Error in syscall: close - EBADF: invalid file descriptor
Error in syscall: close - EBADF: invalid file descriptor
Error in syscall: close - EBADF: invalid file descriptor
Error in syscall: close - EBADF: invalid file descriptor
Error in syscall: close - EBADF: invalid file descriptor
Error in syscall: close - EBADF: invalid file descriptor
Error in syscall: close - EBADF: invalid file descriptor
Error in syscall: close - EBADF: invalid file descriptor
Error in syscall: close - EBADF: invalid file descriptor
Error in syscall: close - EBADF: invalid file descriptor
Error in syscall: close - EBADF: invalid file descriptor
Error in syscall: close - EBADF: invalid file descriptor
Error in syscall: close - EBADF: invalid file descriptor
Error in syscall: close - EBADF: invalid file descriptor
Error in syscall: close - EBADF: invalid file descriptor
Error in syscall: close - EBADF: invalid file descriptor
Error in syscall: close - EBADF: invalid file descriptor
Error in syscall: close - EBADF: invalid file descriptor
Error in syscall: close - EBADF: invalid file descriptor
Error in syscall: close - EBADF: invalid file descriptor
Error in syscall: close - EBADF: invalid file descriptor
Error in syscall: close - EBADF: invalid file descriptor
Error in syscall: close - EBADF: invalid file descriptor
Error in syscall: close - EBADF: invalid file descriptor
Error in syscall: close - EBADF: invalid file descriptor
Error in syscall: close - EBADF: invalid file descriptor
Error in syscall: close - EBADF: invalid file descriptor
Error in syscall: close - EBADF: invalid file descriptor
Error in syscall: close - EBADF: invalid file descriptor
Error in syscall: close - EBADF: invalid file descriptor
Error in syscall: close - EBADF: invalid file descriptor
Error in syscall: close - EBADF: invalid file descriptor
Error in syscall: close - EBADF: invalid file descriptor
Error in syscall: close - EBADF: invalid file descriptor
Error in syscall: close - EBADF: invalid file descriptor
Error in syscall: close - EBADF: invalid file descriptor
Error in syscall: close - EBADF: invalid file descriptor
Error in syscall: close - EBADF: invalid file descriptor
Error in syscall: close - EBADF: invalid file descriptor
Error in syscall: close - EBADF: invalid file descriptor
Error in syscall: close - EBADF: invalid file descriptor
Error in syscall: close - EBADF: invalid file descriptor
Error in syscall: close - EBADF: invalid file descriptor
Error in syscall: close - EBADF: invalid file descriptor
Error in syscall: close - EBADF: invalid file descriptor
Error in syscall: close - EBADF: invalid file descriptor
Error in syscall: close - EBADF: invalid file descriptor
Error in syscall: close - EBADF: invalid file descriptor
Error in syscall: close - EBADF: invalid file descriptor
Error in syscall: close - EBADF: invalid file descriptor
Error in syscall: close - EBADF: invalid file descriptor
Error in syscall: close - EBADF: invalid file descriptor
Error in syscall: close - EBADF: invalid file descriptor
Error in syscall: close - EBADF: invalid file descriptor
Error in syscall: close - EBADF: invalid file descriptor
Error in syscall: close - EBADF: invalid file descriptor
Error in syscall: close - EBADF: invalid file descriptor
Error in syscall: close - EBADF: invalid file descriptor
Error in syscall: close - EBADF: invalid file descriptor
Error in syscall: close - EBADF: invalid file descriptor
Error in syscall: close - EBADF: invalid file descriptor
Error in syscall: close - EBADF: invalid file descriptor
Error in syscall: close - EBADF: invalid file descriptor
Error in syscall: close - EBADF: invalid file descriptor
Error in syscall: close - EBADF: invalid file descriptor
Error in syscall: close - EBADF: invalid file descriptor
Error in syscall: close - EBADF: invalid file descriptor
Error in syscall: close - EBADF: invalid file descriptor
Error in syscall: close - EBADF: invalid file descriptor
Error in syscall: close - EBADF: invalid file descriptor
Error in syscall: close - EBADF: invalid file descriptor
Error in syscall: close - EBADF: invalid file descriptor
Error in syscall: close - EBADF: invalid file descriptor
Error in syscall: close - EBADF: invalid file descriptor
Error in syscall: close - EBADF: invalid file descriptor
Error in syscall: close - EBADF: invalid file descriptor
Error in syscall: close - EBADF: invalid file descriptor
Error in syscall: close - EBADF: invalid file descriptor
Error in syscall: close - EBADF: invalid file descriptor
Error in syscall: close - EBADF: invalid file descriptor
Error in syscall: close - EBADF: invalid file descriptor
Error in syscall: close - EBADF: invalid file descriptor
Error in syscall: close - EBADF: invalid file descriptor
Error in syscall: close - EBADF: invalid file descriptor
Error in syscall: close - EBADF: invalid file descriptor
Error in syscall: close - EBADF: invalid file descriptor
Error in syscall: close - EBADF: invalid file descriptor
Error in syscall: close - EBADF: invalid file descriptor
Error in syscall: close - EBADF: invalid file descriptor
Error in syscall: close - EBADF: invalid file descriptor
Error in syscall: close - EBADF: invalid file descriptor
Error in syscall: close - EBADF: invalid file descriptor
Error in syscall: close - EBADF: invalid file descriptor
Error in syscall: close - EBADF: invalid file descriptor
Error in syscall: close - EBADF: invalid file descriptor
Error in syscall: close - EBADF: invalid file descriptor
Error in syscall: close - EBADF: invalid file descriptor
Error in syscall: close - EBADF: invalid file descriptor
Error in syscall: close - EBADF: invalid file descriptor
Error in syscall: close - EBADF: invalid file descriptor
Error in syscall: close - EBADF: invalid file descriptor
Error in syscall: close - EBADF: invalid file descriptor
Error in syscall: close - EBADF: invalid file descriptor
Error in syscall: close - EBADF: invalid file descriptor
Error in syscall: close - EBADF: invalid file descriptor
Error in syscall: close - EBADF: invalid file descriptor
Error in syscall: close - EBADF: invalid file descriptor
Error in syscall: close - EBADF: invalid file descriptor
[319045,689788672:03:31:46.981417] [NaClAppThreadTeardown] cage id: 3
[319045,689788672:03:31:46.981439]  getting thread lock
[319045,689788672:03:31:46.981453]  removing thread from thread table
[319045,689788672:03:31:46.981459]  unlocking thread
[319045,689788672:03:31:46.981464] Deconstructing nap
[319045,689788672:03:31:46.981470] Freeing Address Space
[319045,689804416:03:31:46.981568] NaClPerfCounterInterval(SelMain CreateMainThread:WaitForMainThread): 614404 microsecs
[319045,689804416:03:31:46.981605] NaClPerfCounterInterval(SelMain __start__:SelMainEnd): 622580 microsecs
[319045,689804416:03:31:46.981615] [NaClMain] End of the program! 

Error in syscall: close - EBADF: invalid file descriptor
Error in syscall: close - EBADF: invalid file descriptor
Error in syscall: close - EBADF: invalid file descriptor
Error in syscall: close - EBADF: invalid file descriptor
Error in syscall: close - EBADF: invalid file descriptor
Error in syscall: close - EBADF: invalid file descriptor
Error in syscall: close - EBADF: invalid file descriptor
Error in syscall: close - EBADF: invalid file descriptor
Error in syscall: close - EBADF: invalid file descriptor
Error in syscall: close - EBADF: invalid file descriptor
Error in syscall: close - EBADF: invalid file descriptor
Error in syscall: close - EBADF: invalid file descriptor
Error in syscall: close - EBADF: invalid file descriptor
Error in syscall: close - EBADF: invalid file descriptor
Error in syscall: close - EBADF: invalid file descriptor
Error in syscall: close - EBADF: invalid file descriptor
Error in syscall: close - EBADF: invalid file descriptor
Error in syscall: close - EBADF: invalid file descriptor
Error in syscall: close - EBADF: invalid file descriptor
Error in syscall: close - EBADF: invalid file descriptor
Error in syscall: close - EBADF: invalid file descriptor
Error in syscall: close - EBADF: invalid file descriptor
Error in syscall: close - EBADF: invalid file descriptor
Error in syscall: close - EBADF: invalid file descriptor
Error in syscall: close - EBADF: invalid file descriptor
Error in syscall: close - EBADF: invalid file descriptor
Error in syscall: close - EBADF: invalid file descriptor
Error in syscall: close - EBADF: invalid file descriptor
Error in syscall: close - EBADF: invalid file descriptor
Error in syscall: close - EBADF: invalid file descriptor
Error in syscall: close - EBADF: invalid file descriptor
Error in syscall: close - EBADF: invalid file descriptor
Error in syscall: close - EBADF: invalid file descriptor
Error in syscall: close - EBADF: invalid file descriptor
Error in syscall: close - EBADF: invalid file descriptor
Error in syscall: close - EBADF: invalid file descriptor
Error in syscall: close - EBADF: invalid file descriptor
Error in syscall: close - EBADF: invalid file descriptor
Error in syscall: close - EBADF: invalid file descriptor
Error in syscall: close - EBADF: invalid file descriptor
Error in syscall: close - EBADF: invalid file descriptor
Error in syscall: close - EBADF: invalid file descriptor
Error in syscall: close - EBADF: invalid file descriptor
Error in syscall: close - EBADF: invalid file descriptor
Error in syscall: close - EBADF: invalid file descriptor
Error in syscall: close - EBADF: invalid file descriptor
Error in syscall: close - EBADF: invalid file descriptor
Error in syscall: close - EBADF: invalid file descriptor
Error in syscall: close - EBADF: invalid file descriptor
Error in syscall: close - EBADF: invalid file descriptor
Error in syscall: close - EBADF: invalid file descriptor
Error in syscall: close - EBADF: invalid file descriptor
Error in syscall: close - EBADF: invalid file descriptor
Error in syscall: close - EBADF: invalid file descriptor
Error in syscall: close - EBADF: invalid file descriptor
Error in syscall: close - EBADF: invalid file descriptor
Error in syscall: close - EBADF: invalid file descriptor
Error in syscall: close - EBADF: invalid file descriptor
Error in syscall: close - EBADF: invalid file descriptor
Error in syscall: close - EBADF: invalid file descriptor
Error in syscall: close - EBADF: invalid file descriptor
Error in syscall: close - EBADF: invalid file descriptor
Error in syscall: close - EBADF: invalid file descriptor
Error in syscall: close - EBADF: invalid file descriptor
Error in syscall: close - EBADF: invalid file descriptor
Error in syscall: close - EBADF: invalid file descriptor
Error in syscall: close - EBADF: invalid file descriptor
Error in syscall: close - EBADF: invalid file descriptor
Error in syscall: close - EBADF: invalid file descriptor
Error in syscall: close - EBADF: invalid file descriptor
Error in syscall: close - EBADF: invalid file descriptor
Error in syscall: close - EBADF: invalid file descriptor
Error in syscall: close - EBADF: invalid file descriptor
Error in syscall: close - EBADF: invalid file descriptor
Error in syscall: close - EBADF: invalid file descriptor
Error in syscall: close - EBADF: invalid file descriptor
Error in syscall: close - EBADF: invalid file descriptor
Error in syscall: close - EBADF: invalid file descriptor
Error in syscall: close - EBADF: invalid file descriptor
Error in syscall: close - EBADF: invalid file descriptor
Error in syscall: close - EBADF: invalid file descriptor
Error in syscall: close - EBADF: invalid file descriptor
Error in syscall: close - EBADF: invalid file descriptor
Error in syscall: close - EBADF: invalid file descriptor
Error in syscall: close - EBADF: invalid file descriptor
Error in syscall: close - EBADF: invalid file descriptor
[319045,689788672:03:31:46.982157] Tearing down mutexes
Error in syscall: close - EBADF: invalid file descriptor
Error in syscall: close - EBADF: invalid file descriptor
Error in syscall: close - EBADF: invalid file descriptor
[319045,689788672:03:31:46.982167] Deleting io regions
Error in syscall: close - EBADF: invalid file descriptor
Error in syscall: close - EBADF: invalid file descriptor[319045,689788672:03:31:46.982174] Tearing down dyn arrays

Error in syscall: close - EBADF: invalid file descriptor
Error in syscall: close - EBADF: invalid file descriptor
[319045,689788672:03:31:46.982181] Freeing nap
Error in syscall: close - EBADF: invalid file descriptor
Error in syscall: close - EBADF: invalid file descriptor
Error in syscall: close - EBADF: invalid file descriptor[319045,689788672:03:31:46.982188]  freeing thread object

Error in syscall: close - EBADF: invalid file descriptor
Error in syscall: close - EBADF: invalid file descriptor
Error in syscall: close - EBADF: invalid file descriptor
Error in syscall: close - EBADF: invalid file descriptor
Error in syscall: close - EBADF: invalid file descriptor
Error in syscall: close - EBADF: invalid file descriptor
Error in syscall: close - EBADF: invalid file descriptor
Error in syscall: close - EBADF: invalid file descriptor
Error in syscall: close - EBADF: invalid file descriptor
Error in syscall: close - EBADF: invalid file descriptor
Error in syscall: close - EBADF: invalid file descriptor
Error in syscall: close - EBADF: invalid file descriptor
Error in syscall: close - EBADF: invalid file descriptor
Error in syscall: close - EBADF: invalid file descriptor
Error in syscall: close - EBADF: invalid file descriptor
Error in syscall: close - EBADF: invalid file descriptor
Error in syscall: close - EBADF: invalid file descriptor
Error in syscall: close - EBADF: invalid file descriptor
Error in syscall: close - EBADF: invalid file descriptor
Error in syscall: close - EBADF: invalid file descriptor
Error in syscall: close - EBADF: invalid file descriptor
Error in syscall: close - EBADF: invalid file descriptor
Error in syscall: close - EBADF: invalid file descriptor
Error in syscall: close - EBADF: invalid file descriptor
Error in syscall: close - EBADF: invalid file descriptor
Error in syscall: close - EBADF: invalid file descriptor
Error in syscall: close - EBADF: invalid file descriptor
Error in syscall: close - EBADF: invalid file descriptor
Error in syscall: close - EBADF: invalid file descriptor
Error in syscall: close - EBADF: invalid file descriptor
Error in syscall: close - EBADF: invalid file descriptor
Error in syscall: close - EBADF: invalid file descriptor
Error in syscall: close - EBADF: invalid file descriptor
Error in syscall: close - EBADF: invalid file descriptor
Error in syscall: close - EBADF: invalid file descriptor
Error in syscall: close - EBADF: invalid file descriptor
Error in syscall: close - EBADF: invalid file descriptor
Error in syscall: close - EBADF: invalid file descriptor
Error in syscall: close - EBADF: invalid file descriptor
Error in syscall: close - EBADF: invalid file descriptor
Error in syscall: close - EBADF: invalid file descriptor
Error in syscall: close - EBADF: invalid file descriptor
Error in syscall: close - EBADF: invalid file descriptor
Error in syscall: close - EBADF: invalid file descriptor
Error in syscall: close - EBADF: invalid file descriptor
Error in syscall: close - EBADF: invalid file descriptor
Error in syscall: close - EBADF: invalid file descriptor
Error in syscall: close - EBADF: invalid file descriptor
Error in syscall: close - EBADF: invalid file descriptor
Error in syscall: close - EBADF: invalid file descriptor
Error in syscall: close - EBADF: invalid file descriptor
Error in syscall: close - EBADF: invalid file descriptor
Error in syscall: close - EBADF: invalid file descriptor
Error in syscall: close - EBADF: invalid file descriptor
Error in syscall: close - EBADF: invalid file descriptor
Error in syscall: close - EBADF: invalid file descriptor
Error in syscall: close - EBADF: invalid file descriptor
Error in syscall: close - EBADF: invalid file descriptor
Error in syscall: close - EBADF: invalid file descriptor
Error in syscall: close - EBADF: invalid file descriptor
Error in syscall: close - EBADF: invalid file descriptor
Error in syscall: close - EBADF: invalid file descriptor
Error in syscall: close - EBADF: invalid file descriptor
Error in syscall: close - EBADF: invalid file descriptor
Error in syscall: close - EBADF: invalid file descriptor
Error in syscall: close - EBADF: invalid file descriptor
Error in syscall: close - EBADF: invalid file descriptor
Error in syscall: close - EBADF: invalid file descriptor
Error in syscall: close - EBADF: invalid file descriptor
Error in syscall: close - EBADF: invalid file descriptor
Error in syscall: close - EBADF: invalid file descriptor
Error in syscall: close - EBADF: invalid file descriptor
Error in syscall: close - EBADF: invalid file descriptor
Error in syscall: close - EBADF: invalid file descriptor
Error in syscall: close - EBADF: invalid file descriptor
Error in syscall: close - EBADF: invalid file descriptor
Error in syscall: close - EBADF: invalid file descriptor
Error in syscall: close - EBADF: invalid file descriptor
Error in syscall: close - EBADF: invalid file descriptor
Error in syscall: close - EBADF: invalid file descriptor
Error in syscall: close - EBADF: invalid file descriptor
Error in syscall: close - EBADF: invalid file descriptor
Error in syscall: close - EBADF: invalid file descriptor
Error in syscall: close - EBADF: invalid file descriptor
Error in syscall: close - EBADF: invalid file descriptor
Error in syscall: close - EBADF: invalid file descriptor
Error in syscall: close - EBADF: invalid file descriptor
Error in syscall: close - EBADF: invalid file descriptor
Error in syscall: close - EBADF: invalid file descriptor
Error in syscall: close - EBADF: invalid file descriptor
Error in syscall: close - EBADF: invalid file descriptor
Error in syscall: close - EBADF: invalid file descriptor
Error in syscall: close - EBADF: invalid file descriptor
Error in syscall: close - EBADF: invalid file descriptor
Error in syscall: close - EBADF: invalid file descriptor
Error in syscall: close - EBADF: invalid file descriptor
Error in syscall: close - EBADF: invalid file descriptor
Error in syscall: close - EBADF: invalid file descriptor
Error in syscall: close - EBADF: invalid file descriptor
Error in syscall: close - EBADF: invalid file descriptor
Error in syscall: close - EBADF: invalid file descriptor
Error in syscall: close - EBADF: invalid file descriptor
Error in syscall: close - EBADF: invalid file descriptor
Error in syscall: close - EBADF: invalid file descriptor
Error in syscall: close - EBADF: invalid file descriptor
Error in syscall: close - EBADF: invalid file descriptor
Error in syscall: close - EBADF: invalid file descriptor
Error in syscall: close - EBADF: invalid file descriptor
Error in syscall: close - EBADF: invalid file descriptor
Error in syscall: close - EBADF: invalid file descriptor
Error in syscall: close - EBADF: invalid file descriptor
Error in syscall: close - EBADF: invalid file descriptor
Error in syscall: close - EBADF: invalid file descriptor
Error in syscall: close - EBADF: invalid file descriptor
Error in syscall: close - EBADF: invalid file descriptor
Error in syscall: close - EBADF: invalid file descriptor
Error in syscall: close - EBADF: invalid file descriptor
Error in syscall: close - EBADF: invalid file descriptor
Error in syscall: close - EBADF: invalid file descriptor
Error in syscall: close - EBADF: invalid file descriptor
Error in syscall: close - EBADF: invalid file descriptor
Error in syscall: close - EBADF: invalid file descriptor
Error in syscall: close - EBADF: invalid file descriptor
Error in syscall: close - EBADF: invalid file descriptor
Error in syscall: close - EBADF: invalid file descriptor
Error in syscall: close - EBADF: invalid file descriptor
Error in syscall: close - EBADF: invalid file descriptor
Error in syscall: close - EBADF: invalid file descriptor
Error in syscall: close - EBADF: invalid file descriptor
Error in syscall: close - EBADF: invalid file descriptor
Error in syscall: close - EBADF: invalid file descriptor
Error in syscall: close - EBADF: invalid file descriptor
Error in syscall: close - EBADF: invalid file descriptor
Error in syscall: close - EBADF: invalid file descriptor
Error in syscall: close - EBADF: invalid file descriptor
Error in syscall: close - EBADF: invalid file descriptor
Error in syscall: close - EBADF: invalid file descriptor
Error in syscall: close - EBADF: invalid file descriptor
Error in syscall: close - EBADF: invalid file descriptor
Error in syscall: close - EBADF: invalid file descriptor
Error in syscall: close - EBADF: invalid file descriptor
Error in syscall: close - EBADF: invalid file descriptor
Error in syscall: close - EBADF: invalid file descriptor
Error in syscall: close - EBADF: invalid file descriptor
Error in syscall: close - EBADF: invalid file descriptor
Error in syscall: close - EBADF: invalid file descriptor
Error in syscall: close - EBADF: invalid file descriptor
Error in syscall: close - EBADF: invalid file descriptor
Error in syscall: close - EBADF: invalid file descriptor
Error in syscall: close - EBADF: invalid file descriptor
Error in syscall: close - EBADF: invalid file descriptor
Error in syscall: close - EBADF: invalid file descriptor
Error in syscall: close - EBADF: invalid file descriptor
Error in syscall: close - EBADF: invalid file descriptor
Error in syscall: close - EBADF: invalid file descriptor
Error in syscall: close - EBADF: invalid file descriptor
Error in syscall: close - EBADF: invalid file descriptor
Error in syscall: close - EBADF: invalid file descriptor
Error in syscall: close - EBADF: invalid file descriptor
Error in syscall: close - EBADF: invalid file descriptor
Error in syscall: close - EBADF: invalid file descriptor
Error in syscall: close - EBADF: invalid file descriptor
Error in syscall: close - EBADF: invalid file descriptor
Error in syscall: close - EBADF: invalid file descriptor
Error in syscall: close - EBADF: invalid file descriptor
Error in syscall: close - EBADF: invalid file descriptor
Error in syscall: close - EBADF: invalid file descriptor
Error in syscall: close - EBADF: invalid file descriptor
Error in syscall: close - EBADF: invalid file descriptor
Error in syscall: close - EBADF: invalid file descriptor
Error in syscall: close - EBADF: invalid file descriptor
Error in syscall: close - EBADF: invalid file descriptor
Error in syscall: close - EBADF: invalid file descriptor
Error in syscall: close - EBADF: invalid file descriptor
Error in syscall: close - EBADF: invalid file descriptor
Error in syscall: close - EBADF: invalid file descriptor
Error in syscall: close - EBADF: invalid file descriptor
Error in syscall: close - EBADF: invalid file descriptor
Error in syscall: close - EBADF: invalid file descriptor
Error in syscall: close - EBADF: invalid file descriptor
Error in syscall: close - EBADF: invalid file descriptor
Error in syscall: close - EBADF: invalid file descriptor
Error in syscall: close - EBADF: invalid file descriptor
Error in syscall: close - EBADF: invalid file descriptor
Error in syscall: close - EBADF: invalid file descriptor
Error in syscall: close - EBADF: invalid file descriptor
Error in syscall: close - EBADF: invalid file descriptor
Error in syscall: close - EBADF: invalid file descriptor
Error in syscall: close - EBADF: invalid file descriptor
Error in syscall: close - EBADF: invalid file descriptor
Error in syscall: close - EBADF: invalid file descriptor
Error in syscall: close - EBADF: invalid file descriptor
Error in syscall: close - EBADF: invalid file descriptor
Error in syscall: close - EBADF: invalid file descriptor
Error in syscall: close - EBADF: invalid file descriptor
Error in syscall: close - EBADF: invalid file descriptor
Error in syscall: close - EBADF: invalid file descriptor
Error in syscall: close - EBADF: invalid file descriptor
Error in syscall: close - EBADF: invalid file descriptor
Error in syscall: close - EBADF: invalid file descriptor
Error in syscall: close - EBADF: invalid file descriptor
Error in syscall: close - EBADF: invalid file descriptor
Error in syscall: close - EBADF: invalid file descriptor
Error in syscall: close - EBADF: invalid file descriptor
Error in syscall: close - EBADF: invalid file descriptor
Error in syscall: close - EBADF: invalid file descriptor
Error in syscall: close - EBADF: invalid file descriptor
Error in syscall: close - EBADF: invalid file descriptor
Error in syscall: close - EBADF: invalid file descriptor
Error in syscall: close - EBADF: invalid file descriptor
Error in syscall: close - EBADF: invalid file descriptor
Error in syscall: close - EBADF: invalid file descriptor
Error in syscall: close - EBADF: invalid file descriptor
Error in syscall: close - EBADF: invalid file descriptor
Error in syscall: close - EBADF: invalid file descriptor
Error in syscall: close - EBADF: invalid file descriptor
Error in syscall: close - EBADF: invalid file descriptor
Error in syscall: close - EBADF: invalid file descriptor
Error in syscall: close - EBADF: invalid file descriptor
Error in syscall: close - EBADF: invalid file descriptor
Error in syscall: close - EBADF: invalid file descriptor
Error in syscall: close - EBADF: invalid file descriptor
Error in syscall: close - EBADF: invalid file descriptor
Error in syscall: close - EBADF: invalid file descriptor
Error in syscall: close - EBADF: invalid file descriptor
Error in syscall: close - EBADF: invalid file descriptor
Error in syscall: close - EBADF: invalid file descriptor
Error in syscall: close - EBADF: invalid file descriptor
Error in syscall: close - EBADF: invalid file descriptor
Error in syscall: close - EBADF: invalid file descriptor
Error in syscall: close - EBADF: invalid file descriptor
Error in syscall: close - EBADF: invalid file descriptor
Error in syscall: close - EBADF: invalid file descriptor
Error in syscall: close - EBADF: invalid file descriptor
Error in syscall: close - EBADF: invalid file descriptor
Error in syscall: close - EBADF: invalid file descriptor
Error in syscall: close - EBADF: invalid file descriptor
Error in syscall: close - EBADF: invalid file descriptor
Error in syscall: close - EBADF: invalid file descriptor
Error in syscall: close - EBADF: invalid file descriptor
Error in syscall: close - EBADF: invalid file descriptor
Error in syscall: close - EBADF: invalid file descriptor
Error in syscall: close - EBADF: invalid file descriptor
Error in syscall: close - EBADF: invalid file descriptor
Error in syscall: close - EBADF: invalid file descriptor
Error in syscall: close - EBADF: invalid file descriptor
Error in syscall: close - EBADF: invalid file descriptor
Error in syscall: close - EBADF: invalid file descriptor
Error in syscall: close - EBADF: invalid file descriptor
Error in syscall: close - EBADF: invalid file descriptor
Error in syscall: close - EBADF: invalid file descriptor
Error in syscall: close - EBADF: invalid file descriptor
Error in syscall: close - EBADF: invalid file descriptor
Error in syscall: close - EBADF: invalid file descriptor
Error in syscall: close - EBADF: invalid file descriptor
Error in syscall: close - EBADF: invalid file descriptor
Error in syscall: close - EBADF: invalid file descriptor
Error in syscall: close - EBADF: invalid file descriptor
Error in syscall: close - EBADF: invalid file descriptor
Error in syscall: close - EBADF: invalid file descriptor
Error in syscall: close - EBADF: invalid file descriptor
Error in syscall: close - EBADF: invalid file descriptor
Error in syscall: close - EBADF: invalid file descriptor
Error in syscall: close - EBADF: invalid file descriptor
Error in syscall: close - EBADF: invalid file descriptor
Error in syscall: close - EBADF: invalid file descriptor
Error in syscall: close - EBADF: invalid file descriptor
Error in syscall: close - EBADF: invalid file descriptor
Error in syscall: close - EBADF: invalid file descriptor
Error in syscall: close - EBADF: invalid file descriptor
Error in syscall: close - EBADF: invalid file descriptor
Error in syscall: close - EBADF: invalid file descriptor
Error in syscall: close - EBADF: invalid file descriptor
Error in syscall: close - EBADF: invalid file descriptor
Error in syscall: close - EBADF: invalid file descriptor
Error in syscall: close - EBADF: invalid file descriptor
Error in syscall: close - EBADF: invalid file descriptor
Error in syscall: close - EBADF: invalid file descriptor
Error in syscall: close - EBADF: invalid file descriptor
Error in syscall: close - EBADF: invalid file descriptor
Error in syscall: close - EBADF: invalid file descriptor
Error in syscall: close - EBADF: invalid file descriptor
Error in syscall: close - EBADF: invalid file descriptor
Error in syscall: close - EBADF: invalid file descriptor
Error in syscall: close - EBADF: invalid file descriptor
Error in syscall: close - EBADF: invalid file descriptor
Error in syscall: close - EBADF: invalid file descriptor
Error in syscall: close - EBADF: invalid file descriptor
Error in syscall: close - EBADF: invalid file descriptor
Error in syscall: close - EBADF: invalid file descriptor
Error in syscall: close - EBADF: invalid file descriptor
Error in syscall: close - EBADF: invalid file descriptor
Error in syscall: close - EBADF: invalid file descriptor
Error in syscall: close - EBADF: invalid file descriptor
Error in syscall: close - EBADF: invalid file descriptor
Error in syscall: close - EBADF: invalid file descriptor
Error in syscall: close - EBADF: invalid file descriptor
Error in syscall: close - EBADF: invalid file descriptor
Error in syscall: close - EBADF: invalid file descriptor
Error in syscall: close - EBADF: invalid file descriptor
Error in syscall: close - EBADF: invalid file descriptor
Error in syscall: close - EBADF: invalid file descriptor
Error in syscall: close - EBADF: invalid file descriptor
Error in syscall: close - EBADF: invalid file descriptor
Error in syscall: close - EBADF: invalid file descriptor
Error in syscall: close - EBADF: invalid file descriptor
Error in syscall: close - EBADF: invalid file descriptor
Error in syscall: close - EBADF: invalid file descriptor
Error in syscall: close - EBADF: invalid file descriptor
Error in syscall: close - EBADF: invalid file descriptor
Error in syscall: close - EBADF: invalid file descriptor
Error in syscall: close - EBADF: invalid file descriptor
Error in syscall: close - EBADF: invalid file descriptor
Error in syscall: close - EBADF: invalid file descriptor
Error in syscall: close - EBADF: invalid file descriptor
Error in syscall: close - EBADF: invalid file descriptor
Error in syscall: close - EBADF: invalid file descriptor
Error in syscall: close - EBADF: invalid file descriptor
Error in syscall: close - EBADF: invalid file descriptor
Error in syscall: close - EBADF: invalid file descriptor
Error in syscall: close - EBADF: invalid file descriptor
Error in syscall: close - EBADF: invalid file descriptor
Error in syscall: close - EBADF: invalid file descriptor
Error in syscall: close - EBADF: invalid file descriptor
Error in syscall: close - EBADF: invalid file descriptor
Error in syscall: close - EBADF: invalid file descriptor
Error in syscall: close - EBADF: invalid file descriptor
Error in syscall: close - EBADF: invalid file descriptor
Error in syscall: close - EBADF: invalid file descriptor
Error in syscall: close - EBADF: invalid file descriptor
Error in syscall: close - EBADF: invalid file descriptor
Error in syscall: close - EBADF: invalid file descriptor
Error in syscall: close - EBADF: invalid file descriptor
Error in syscall: close - EBADF: invalid file descriptor
Error in syscall: close - EBADF: invalid file descriptor
Error in syscall: close - EBADF: invalid file descriptor
Error in syscall: close - EBADF: invalid file descriptor
Error in syscall: close - EBADF: invalid file descriptor
Error in syscall: close - EBADF: invalid file descriptor
Error in syscall: close - EBADF: invalid file descriptor
Error in syscall: close - EBADF: invalid file descriptor
Error in syscall: close - EBADF: invalid file descriptor
Error in syscall: close - EBADF: invalid file descriptor
Error in syscall: close - EBADF: invalid file descriptor
Error in syscall: close - EBADF: invalid file descriptor
Error in syscall: close - EBADF: invalid file descriptor
Error in syscall: close - EBADF: invalid file descriptor
Error in syscall: close - EBADF: invalid file descriptor
Error in syscall: close - EBADF: invalid file descriptor
Error in syscall: close - EBADF: invalid file descriptor
Error in syscall: close - EBADF: invalid file descriptor
Error in syscall: close - EBADF: invalid file descriptor
Error in syscall: close - EBADF: invalid file descriptor
Error in syscall: close - EBADF: invalid file descriptor
Error in syscall: close - EBADF: invalid file descriptor
Error in syscall: close - EBADF: invalid file descriptor
Error in syscall: close - EBADF: invalid file descriptor
Error in syscall: close - EBADF: invalid file descriptor
Error in syscall: close - EBADF: invalid file descriptor
Error in syscall: close - EBADF: invalid file descriptor
Error in syscall: close - EBADF: invalid file descriptor
Error in syscall: close - EBADF: invalid file descriptor
Error in syscall: close - EBADF: invalid file descriptor
Error in syscall: close - EBADF: invalid file descriptor
Error in syscall: close - EBADF: invalid file descriptor
Error in syscall: close - EBADF: invalid file descriptor
Error in syscall: close - EBADF: invalid file descriptor
Error in syscall: close - EBADF: invalid file descriptor
Error in syscall: close - EBADF: invalid file descriptor
Error in syscall: close - EBADF: invalid file descriptor
Error in syscall: close - EBADF: invalid file descriptor
Error in syscall: close - EBADF: invalid file descriptor
Error in syscall: close - EBADF: invalid file descriptor
Error in syscall: close - EBADF: invalid file descriptor
Error in syscall: close - EBADF: invalid file descriptor
Error in syscall: close - EBADF: invalid file descriptor
Error in syscall: close - EBADF: invalid file descriptor
Error in syscall: close - EBADF: invalid file descriptor
Error in syscall: close - EBADF: invalid file descriptor
Error in syscall: close - EBADF: invalid file descriptor
Error in syscall: close - EBADF: invalid file descriptor
Error in syscall: close - EBADF: invalid file descriptor
Error in syscall: close - EBADF: invalid file descriptor
Error in syscall: close - EBADF: invalid file descriptor
Error in syscall: close - EBADF: invalid file descriptor
Error in syscall: close - EBADF: invalid file descriptor
Error in syscall: close - EBADF: invalid file descriptor
Error in syscall: close - EBADF: invalid file descriptor
Error in syscall: close - EBADF: invalid file descriptor
Error in syscall: close - EBADF: invalid file descriptor
Error in syscall: close - EBADF: invalid file descriptor
Error in syscall: close - EBADF: invalid file descriptor
Error in syscall: close - EBADF: invalid file descriptor
Error in syscall: close - EBADF: invalid file descriptor
Error in syscall: close - EBADF: invalid file descriptor
Error in syscall: close - EBADF: invalid file descriptor
Error in syscall: close - EBADF: invalid file descriptor
Error in syscall: close - EBADF: invalid file descriptor
Error in syscall: close - EBADF: invalid file descriptor
Error in syscall: close - EBADF: invalid file descriptor
Error in syscall: close - EBADF: invalid file descriptor
Error in syscall: close - EBADF: invalid file descriptor
Error in syscall: close - EBADF: invalid file descriptor
Error in syscall: close - EBADF: invalid file descriptor
Error in syscall: close - EBADF: invalid file descriptor
Error in syscall: close - EBADF: invalid file descriptor
Error in syscall: close - EBADF: invalid file descriptor
Error in syscall: close - EBADF: invalid file descriptor
Error in syscall: close - EBADF: invalid file descriptor
Error in syscall: close - EBADF: invalid file descriptor
Error in syscall: close - EBADF: invalid file descriptor
Error in syscall: close - EBADF: invalid file descriptor
Error in syscall: close - EBADF: invalid file descriptor
Error in syscall: close - EBADF: invalid file descriptor
Error in syscall: close - EBADF: invalid file descriptor
Error in syscall: close - EBADF: invalid file descriptor
Error in syscall: close - EBADF: invalid file descriptor
Error in syscall: close - EBADF: invalid file descriptor
Error in syscall: close - EBADF: invalid file descriptor
Error in syscall: close - EBADF: invalid file descriptor
Error in syscall: close - EBADF: invalid file descriptor
Error in syscall: close - EBADF: invalid file descriptor
Error in syscall: close - EBADF: invalid file descriptor
Error in syscall: close - EBADF: invalid file descriptor
Error in syscall: close - EBADF: invalid file descriptor
Error in syscall: close - EBADF: invalid file descriptor
Error in syscall: close - EBADF: invalid file descriptor
Error in syscall: close - EBADF: invalid file descriptor
Error in syscall: close - EBADF: invalid file descriptor
Error in syscall: close - EBADF: invalid file descriptor
Error in syscall: close - EBADF: invalid file descriptor
Error in syscall: close - EBADF: invalid file descriptor
Error in syscall: close - EBADF: invalid file descriptor
Error in syscall: close - EBADF: invalid file descriptor
Error in syscall: close - EBADF: invalid file descriptor
Error in syscall: close - EBADF: invalid file descriptor
Error in syscall: close - EBADF: invalid file descriptor
Error in syscall: close - EBADF: invalid file descriptor
Error in syscall: close - EBADF: invalid file descriptor
Error in syscall: close - EBADF: invalid file descriptor
Error in syscall: close - EBADF: invalid file descriptor
Error in syscall: close - EBADF: invalid file descriptor
Error in syscall: close - EBADF: invalid file descriptor
Error in syscall: close - EBADF: invalid file descriptor
Error in syscall: close - EBADF: invalid file descriptor
Error in syscall: close - EBADF: invalid file descriptor
Error in syscall: close - EBADF: invalid file descriptor
Error in syscall: close - EBADF: invalid file descriptor
Error in syscall: close - EBADF: invalid file descriptor
Error in syscall: close - EBADF: invalid file descriptor
Error in syscall: close - EBADF: invalid file descriptor
Error in syscall: close - EBADF: invalid file descriptor
Error in syscall: close - EBADF: invalid file descriptor
Error in syscall: close - EBADF: invalid file descriptor
Error in syscall: close - EBADF: invalid file descriptor
Error in syscall: close - EBADF: invalid file descriptor
Error in syscall: close - EBADF: invalid file descriptor
Error in syscall: close - EBADF: invalid file descriptor
Error in syscall: close - EBADF: invalid file descriptor
Error in syscall: close - EBADF: invalid file descriptor
Error in syscall: close - EBADF: invalid file descriptor
Error in syscall: close - EBADF: invalid file descriptor
Error in syscall: close - EBADF: invalid file descriptor
Error in syscall: close - EBADF: invalid file descriptor
Error in syscall: close - EBADF: invalid file descriptor
Error in syscall: close - EBADF: invalid file descriptor
Error in syscall: close - EBADF: invalid file descriptor
Error in syscall: close - EBADF: invalid file descriptor
Error in syscall: close - EBADF: invalid file descriptor
Error in syscall: close - EBADF: invalid file descriptor
Error in syscall: close - EBADF: invalid file descriptor
Error in syscall: close - EBADF: invalid file descriptor
Error in syscall: close - EBADF: invalid file descriptor
Error in syscall: close - EBADF: invalid file descriptor
Error in syscall: close - EBADF: invalid file descriptor
Error in syscall: close - EBADF: invalid file descriptor
Error in syscall: close - EBADF: invalid file descriptor
Error in syscall: close - EBADF: invalid file descriptor
Error in syscall: close - EBADF: invalid file descriptor
Error in syscall: close - EBADF: invalid file descriptor
Error in syscall: close - EBADF: invalid file descriptor
Error in syscall: close - EBADF: invalid file descriptor
Error in syscall: close - EBADF: invalid file descriptor
Error in syscall: close - EBADF: invalid file descriptor
Error in syscall: close - EBADF: invalid file descriptor
Error in syscall: close - EBADF: invalid file descriptor
Error in syscall: close - EBADF: invalid file descriptor
Error in syscall: close - EBADF: invalid file descriptor
Error in syscall: close - EBADF: invalid file descriptor
Error in syscall: close - EBADF: invalid file descriptor
Error in syscall: close - EBADF: invalid file descriptor
Error in syscall: close - EBADF: invalid file descriptor
Error in syscall: close - EBADF: invalid file descriptor
Error in syscall: close - EBADF: invalid file descriptor
Error in syscall: close - EBADF: invalid file descriptor
Error in syscall: close - EBADF: invalid file descriptor
Error in syscall: close - EBADF: invalid file descriptor
Error in syscall: close - EBADF: invalid file descriptor
Error in syscall: close - EBADF: invalid file descriptor
Error in syscall: close - EBADF: invalid file descriptor
Error in syscall: close - EBADF: invalid file descriptor
Error in syscall: close - EBADF: invalid file descriptor
Error in syscall: close - EBADF: invalid file descriptor
Error in syscall: close - EBADF: invalid file descriptor
Error in syscall: close - EBADF: invalid file descriptor
Error in syscall: close - EBADF: invalid file descriptor
Error in syscall: close - EBADF: invalid file descriptor
Error in syscall: close - EBADF: invalid file descriptor
Error in syscall: close - EBADF: invalid file descriptor
Error in syscall: close - EBADF: invalid file descriptor
Error in syscall: close - EBADF: invalid file descriptor
Error in syscall: close - EBADF: invalid file descriptor
Error in syscall: close - EBADF: invalid file descriptor
Error in syscall: close - EBADF: invalid file descriptor
Error in syscall: close - EBADF: invalid file descriptor
Error in syscall: close - EBADF: invalid file descriptor
Error in syscall: close - EBADF: invalid file descriptor
Error in syscall: close - EBADF: invalid file descriptor
Error in syscall: close - EBADF: invalid file descriptor
Error in syscall: close - EBADF: invalid file descriptor
Error in syscall: close - EBADF: invalid file descriptor
Error in syscall: close - EBADF: invalid file descriptor
Error in syscall: close - EBADF: invalid file descriptor
Error in syscall: close - EBADF: invalid file descriptor
Error in syscall: close - EBADF: invalid file descriptor
Error in syscall: close - EBADF: invalid file descriptor
Error in syscall: close - EBADF: invalid file descriptor
Error in syscall: close - EBADF: invalid file descriptor
Error in syscall: close - EBADF: invalid file descriptor
Error in syscall: close - EBADF: invalid file descriptor
Error in syscall: close - EBADF: invalid file descriptor
Error in syscall: close - EBADF: invalid file descriptor
Error in syscall: close - EBADF: invalid file descriptor
Error in syscall: close - EBADF: invalid file descriptor
Error in syscall: close - EBADF: invalid file descriptor
Error in syscall: close - EBADF: invalid file descriptor
Error in syscall: close - EBADF: invalid file descriptor
Error in syscall: close - EBADF: invalid file descriptor
Error in syscall: close - EBADF: invalid file descriptor
Error in syscall: close - EBADF: invalid file descriptor
Error in syscall: close - EBADF: invalid file descriptor
Error in syscall: close - EBADF: invalid file descriptor
Error in syscall: close - EBADF: invalid file descriptor
Error in syscall: close - EBADF: invalid file descriptor
Error in syscall: close - EBADF: invalid file descriptor
Error in syscall: close - EBADF: invalid file descriptor
Error in syscall: close - EBADF: invalid file descriptor
Error in syscall: close - EBADF: invalid file descriptor
Error in syscall: close - EBADF: invalid file descriptor
Error in syscall: close - EBADF: invalid file descriptor
Error in syscall: close - EBADF: invalid file descriptor
Error in syscall: close - EBADF: invalid file descriptor
Error in syscall: close - EBADF: invalid file descriptor
Error in syscall: close - EBADF: invalid file descriptor
Error in syscall: close - EBADF: invalid file descriptor
Error in syscall: close - EBADF: invalid file descriptor
Error in syscall: close - EBADF: invalid file descriptor
Error in syscall: close - EBADF: invalid file descriptor
Error in syscall: close - EBADF: invalid file descriptor
Error in syscall: close - EBADF: invalid file descriptor
Error in syscall: close - EBADF: invalid file descriptor
Error in syscall: close - EBADF: invalid file descriptor
Error in syscall: close - EBADF: invalid file descriptor
Error in syscall: close - EBADF: invalid file descriptor
Error in syscall: close - EBADF: invalid file descriptor
Error in syscall: close - EBADF: invalid file descriptor
Error in syscall: close - EBADF: invalid file descriptor
Error in syscall: close - EBADF: invalid file descriptor
Error in syscall: close - EBADF: invalid file descriptor
Error in syscall: close - EBADF: invalid file descriptor
Error in syscall: close - EBADF: invalid file descriptor
Error in syscall: close - EBADF: invalid file descriptor
Error in syscall: close - EBADF: invalid file descriptor
Error in syscall: close - EBADF: invalid file descriptor
Error in syscall: close - EBADF: invalid file descriptor
Error in syscall: close - EBADF: invalid file descriptor
Error in syscall: close - EBADF: invalid file descriptor
Error in syscall: close - EBADF: invalid file descriptor
Error in syscall: close - EBADF: invalid file descriptor
Error in syscall: close - EBADF: invalid file descriptor
Error in syscall: close - EBADF: invalid file descriptor
Error in syscall: close - EBADF: invalid file descriptor
Error in syscall: close - EBADF: invalid file descriptor
Error in syscall: close - EBADF: invalid file descriptor
Error in syscall: close - EBADF: invalid file descriptor
Error in syscall: close - EBADF: invalid file descriptor
Error in syscall: close - EBADF: invalid file descriptor
Error in syscall: close - EBADF: invalid file descriptor
Error in syscall: close - EBADF: invalid file descriptor
Error in syscall: close - EBADF: invalid file descriptor
Error in syscall: close - EBADF: invalid file descriptor
Error in syscall: close - EBADF: invalid file descriptor
Error in syscall: close - EBADF: invalid file descriptor
Error in syscall: close - EBADF: invalid file descriptor
Error in syscall: close - EBADF: invalid file descriptor
Error in syscall: close - EBADF: invalid file descriptor
Error in syscall: close - EBADF: invalid file descriptor
Error in syscall: close - EBADF: invalid file descriptor
Error in syscall: close - EBADF: invalid file descriptor
Error in syscall: close - EBADF: invalid file descriptor
Error in syscall: close - EBADF: invalid file descriptor
Error in syscall: close - EBADF: invalid file descriptor
Error in syscall: close - EBADF: invalid file descriptor
Error in syscall: close - EBADF: invalid file descriptor
Error in syscall: close - EBADF: invalid file descriptor
Error in syscall: close - EBADF: invalid file descriptor
Error in syscall: close - EBADF: invalid file descriptor
Error in syscall: close - EBADF: invalid file descriptor
Error in syscall: close - EBADF: invalid file descriptor
Error in syscall: close - EBADF: invalid file descriptor
Error in syscall: close - EBADF: invalid file descriptor
Error in syscall: close - EBADF: invalid file descriptor
Error in syscall: close - EBADF: invalid file descriptor
Error in syscall: close - EBADF: invalid file descriptor
Error in syscall: close - EBADF: invalid file descriptor
Error in syscall: close - EBADF: invalid file descriptor
Error in syscall: close - EBADF: invalid file descriptor
Error in syscall: close - EBADF: invalid file descriptor
Error in syscall: close - EBADF: invalid file descriptor
Error in syscall: close - EBADF: invalid file descriptor
Error in syscall: close - EBADF: invalid file descriptor
Error in syscall: close - EBADF: invalid file descriptor
Error in syscall: close - EBADF: invalid file descriptor
Error in syscall: close - EBADF: invalid file descriptor
Error in syscall: close - EBADF: invalid file descriptor
Error in syscall: close - EBADF: invalid file descriptor
Error in syscall: close - EBADF: invalid file descriptor
Error in syscall: close - EBADF: invalid file descriptor
Error in syscall: close - EBADF: invalid file descriptor
Error in syscall: close - EBADF: invalid file descriptor
Error in syscall: close - EBADF: invalid file descriptor
Error in syscall: close - EBADF: invalid file descriptor
Error in syscall: close - EBADF: invalid file descriptor
Error in syscall: close - EBADF: invalid file descriptor
Error in syscall: close - EBADF: invalid file descriptor
Error in syscall: close - EBADF: invalid file descriptor
Error in syscall: close - EBADF: invalid file descriptor
Error in syscall: close - EBADF: invalid file descriptor
Error in syscall: close - EBADF: invalid file descriptor
Error in syscall: close - EBADF: invalid file descriptor
Error in syscall: close - EBADF: invalid file descriptor
Error in syscall: close - EBADF: invalid file descriptor
Error in syscall: close - EBADF: invalid file descriptor
Error in syscall: close - EBADF: invalid file descriptor
Error in syscall: close - EBADF: invalid file descriptor
Error in syscall: close - EBADF: invalid file descriptor
Error in syscall: close - EBADF: invalid file descriptor
Error in syscall: close - EBADF: invalid file descriptor
Error in syscall: close - EBADF: invalid file descriptor
Error in syscall: close - EBADF: invalid file descriptor
Error in syscall: close - EBADF: invalid file descriptor
Error in syscall: close - EBADF: invalid file descriptor
Error in syscall: close - EBADF: invalid file descriptor
Error in syscall: close - EBADF: invalid file descriptor
Error in syscall: close - EBADF: invalid file descriptor
Error in syscall: close - EBADF: invalid file descriptor
Error in syscall: close - EBADF: invalid file descriptor
Error in syscall: close - EBADF: invalid file descriptor
Error in syscall: close - EBADF: invalid file descriptor
Error in syscall: close - EBADF: invalid file descriptor
Error in syscall: close - EBADF: invalid file descriptor
Error in syscall: close - EBADF: invalid file descriptor
Error in syscall: close - EBADF: invalid file descriptor
Error in syscall: close - EBADF: invalid file descriptor
Error in syscall: close - EBADF: invalid file descriptor
Error in syscall: close - EBADF: invalid file descriptor
Error in syscall: close - EBADF: invalid file descriptor
Error in syscall: close - EBADF: invalid file descriptor
Error in syscall: close - EBADF: invalid file descriptor
Error in syscall: close - EBADF: invalid file descriptor
Error in syscall: close - EBADF: invalid file descriptor
Error in syscall: close - EBADF: invalid file descriptor
Error in syscall: close - EBADF: invalid file descriptor
Error in syscall: close - EBADF: invalid file descriptor
Error in syscall: close - EBADF: invalid file descriptor
Error in syscall: close - EBADF: invalid file descriptor
Error in syscall: close - EBADF: invalid file descriptor
Error in syscall: close - EBADF: invalid file descriptor
Error in syscall: close - EBADF: invalid file descriptor
Error in syscall: close - EBADF: invalid file descriptor
Error in syscall: close - EBADF: invalid file descriptor
Error in syscall: close - EBADF: invalid file descriptor
Error in syscall: close - EBADF: invalid file descriptor
Error in syscall: close - EBADF: invalid file descriptor
Error in syscall: close - EBADF: invalid file descriptor
Error in syscall: close - EBADF: invalid file descriptor
Error in syscall: close - EBADF: invalid file descriptor
Error in syscall: close - EBADF: invalid file descriptor
Error in syscall: close - EBADF: invalid file descriptor
Error in syscall: close - EBADF: invalid file descriptor
Error in syscall: close - EBADF: invalid file descriptor
Error in syscall: close - EBADF: invalid file descriptor
Error in syscall: close - EBADF: invalid file descriptor
Error in syscall: close - EBADF: invalid file descriptor
Error in syscall: close - EBADF: invalid file descriptor
Error in syscall: close - EBADF: invalid file descriptor
Error in syscall: close - EBADF: invalid file descriptor
Error in syscall: close - EBADF: invalid file descriptor
Error in syscall: close - EBADF: invalid file descriptor
Error in syscall: close - EBADF: invalid file descriptor
Error in syscall: close - EBADF: invalid file descriptor
Error in syscall: close - EBADF: invalid file descriptor
Error in syscall: close - EBADF: invalid file descriptor
Error in syscall: close - EBADF: invalid file descriptor
Error in syscall: close - EBADF: invalid file descriptor
Error in syscall: close - EBADF: invalid file descriptor
Error in syscall: close - EBADF: invalid file descriptor
Error in syscall: close - EBADF: invalid file descriptor
Error in syscall: close - EBADF: invalid file descriptor
Error in syscall: close - EBADF: invalid file descriptor
Error in syscall: close - EBADF: invalid file descriptor
Error in syscall: close - EBADF: invalid file descriptor
Error in syscall: close - EBADF: invalid file descriptor
Error in syscall: close - EBADF: invalid file descriptor
Error in syscall: close - EBADF: invalid file descriptor
Error in syscall: close - EBADF: invalid file descriptor
Error in syscall: close - EBADF: invalid file descriptor
Error in syscall: close - EBADF: invalid file descriptor
Error in syscall: close - EBADF: invalid file descriptor
Error in syscall: close - EBADF: invalid file descriptor
Error in syscall: close - EBADF: invalid file descriptor
Error in syscall: close - EBADF: invalid file descriptor
Error in syscall: close - EBADF: invalid file descriptor
Error in syscall: close - EBADF: invalid file descriptor
Error in syscall: close - EBADF: invalid file descriptor
Error in syscall: close - EBADF: invalid file descriptor
Error in syscall: close - EBADF: invalid file descriptor
Error in syscall: close - EBADF: invalid file descriptor
Error in syscall: close - EBADF: invalid file descriptor
Error in syscall: close - EBADF: invalid file descriptor
Error in syscall: close - EBADF: invalid file descriptor
Error in syscall: close - EBADF: invalid file descriptor
Error in syscall: close - EBADF: invalid file descriptor
Error in syscall: close - EBADF: invalid file descriptor
Error in syscall: close - EBADF: invalid file descriptor
Error in syscall: close - EBADF: invalid file descriptor
Error in syscall: close - EBADF: invalid file descriptor
Error in syscall: close - EBADF: invalid file descriptor
Error in syscall: close - EBADF: invalid file descriptor
Error in syscall: close - EBADF: invalid file descriptor
Error in syscall: close - EBADF: invalid file descriptor
Error in syscall: close - EBADF: invalid file descriptor
Error in syscall: close - EBADF: invalid file descriptor
Error in syscall: close - EBADF: invalid file descriptor
Error in syscall: close - EBADF: invalid file descriptor
Error in syscall: close - EBADF: invalid file descriptor
Error in syscall: close - EBADF: invalid file descriptor
Error in syscall: close - EBADF: invalid file descriptor
Error in syscall: close - EBADF: invalid file descriptor
Error in syscall: close - EBADF: invalid file descriptor
Error in syscall: close - EBADF: invalid file descriptor
Error in syscall: close - EBADF: invalid file descriptor
Error in syscall: close - EBADF: invalid file descriptor
Error in syscall: close - EBADF: invalid file descriptor
Error in syscall: close - EBADF: invalid file descriptor
Error in syscall: close - EBADF: invalid file descriptor
Error in syscall: close - EBADF: invalid file descriptor
Error in syscall: close - EBADF: invalid file descriptor
Error in syscall: close - EBADF: invalid file descriptor
Error in syscall: close - EBADF: invalid file descriptor
Error in syscall: close - EBADF: invalid file descriptor
Error in syscall: close - EBADF: invalid file descriptor
Error in syscall: close - EBADF: invalid file descriptor
Error in syscall: close - EBADF: invalid file descriptor
Error in syscall: close - EBADF: invalid file descriptor
Error in syscall: close - EBADF: invalid file descriptor
Error in syscall: close - EBADF: invalid file descriptor
Error in syscall: close - EBADF: invalid file descriptor
Error in syscall: close - EBADF: invalid file descriptor
Error in syscall: close - EBADF: invalid file descriptor
Error in syscall: close - EBADF: invalid file descriptor
Error in syscall: close - EBADF: invalid file descriptor
Error in syscall: close - EBADF: invalid file descriptor
Error in syscall: close - EBADF: invalid file descriptor
Error in syscall: close - EBADF: invalid file descriptor
Error in syscall: close - EBADF: invalid file descriptor
Error in syscall: close - EBADF: invalid file descriptor
Error in syscall: close - EBADF: invalid file descriptor
Error in syscall: close - EBADF: invalid file descriptor
Error in syscall: close - EBADF: invalid file descriptor
Error in syscall: close - EBADF: invalid file descriptor
Error in syscall: close - EBADF: invalid file descriptor
Error in syscall: close - EBADF: invalid file descriptor
Error in syscall: close - EBADF: invalid file descriptor
Error in syscall: close - EBADF: invalid file descriptor
Error in syscall: close - EBADF: invalid file descriptor
Error in syscall: close - EBADF: invalid file descriptor
Error in syscall: close - EBADF: invalid file descriptor
Error in syscall: close - EBADF: invalid file descriptor
Error in syscall: close - EBADF: invalid file descriptor
Error in syscall: close - EBADF: invalid file descriptor
Error in syscall: close - EBADF: invalid file descriptor
Error in syscall: close - EBADF: invalid file descriptor
Error in syscall: close - EBADF: invalid file descriptor
Error in syscall: close - EBADF: invalid file descriptor
Error in syscall: close - EBADF: invalid file descriptor
Error in syscall: close - EBADF: invalid file descriptor
Error in syscall: close - EBADF: invalid file descriptor
Error in syscall: close - EBADF: invalid file descriptor
Error in syscall: close - EBADF: invalid file descriptor
Error in syscall: close - EBADF: invalid file descriptor
Error in syscall: close - EBADF: invalid file descriptor
Error in syscall: close - EBADF: invalid file descriptor
Error in syscall: close - EBADF: invalid file descriptor
Error in syscall: close - EBADF: invalid file descriptor
Error in syscall: close - EBADF: invalid file descriptor
Error in syscall: close - EBADF: invalid file descriptor
Error in syscall: close - EBADF: invalid file descriptor
Error in syscall: close - EBADF: invalid file descriptor
Error in syscall: close - EBADF: invalid file descriptor
Error in syscall: close - EBADF: invalid file descriptor
Error in syscall: close - EBADF: invalid file descriptor
Error in syscall: close - EBADF: invalid file descriptor
Error in syscall: close - EBADF: invalid file descriptor
Error in syscall: close - EBADF: invalid file descriptor
Error in syscall: close - EBADF: invalid file descriptor
Error in syscall: close - EBADF: invalid file descriptor
Error in syscall: close - EBADF: invalid file descriptor
Error in syscall: close - EBADF: invalid file descriptor
Error in syscall: close - EBADF: invalid file descriptor
Error in syscall: close - EBADF: invalid file descriptor
Error in syscall: close - EBADF: invalid file descriptor
Error in syscall: close - EBADF: invalid file descriptor
Error in syscall: close - EBADF: invalid file descriptor
Error in syscall: close - EBADF: invalid file descriptor
Error in syscall: close - EBADF: invalid file descriptor
Error in syscall: close - EBADF: invalid file descriptor
Error in syscall: close - EBADF: invalid file descriptor
Error in syscall: close - EBADF: invalid file descriptor
Error in syscall: close - EBADF: invalid file descriptor
Error in syscall: close - EBADF: invalid file descriptor
Error in syscall: close - EBADF: invalid file descriptor
Error in syscall: close - EBADF: invalid file descriptor
Error in syscall: close - EBADF: invalid file descriptor
Error in syscall: close - EBADF: invalid file descriptor
Error in syscall: close - EBADF: invalid file descriptor
Error in syscall: close - EBADF: invalid file descriptor
Error in syscall: close - EBADF: invalid file descriptor
Error in syscall: close - EBADF: invalid file descriptor
Error in syscall: close - EBADF: invalid file descriptor
Error in syscall: close - EBADF: invalid file descriptor
Error in syscall: close - EBADF: invalid file descriptor
Error in syscall: close - EBADF: invalid file descriptor
Error in syscall: close - EBADF: invalid file descriptor
Error in syscall: close - EBADF: invalid file descriptor
Error in syscall: close - EBADF: invalid file descriptor
Error in syscall: close - EBADF: invalid file descriptor
Error in syscall: close - EBADF: invalid file descriptor
Error in syscall: close - EBADF: invalid file descriptor
Error in syscall: close - EBADF: invalid file descriptor
Error in syscall: close - EBADF: invalid file descriptor
Error in syscall: close - EBADF: invalid file descriptor
Error in syscall: close - EBADF: invalid file descriptor
Error in syscall: close - EBADF: invalid file descriptor
Error in syscall: close - EBADF: invalid file descriptor
Error in syscall: close - EBADF: invalid file descriptor
Error in syscall: close - EBADF: invalid file descriptor
Error in syscall: close - EBADF: invalid file descriptor
Error in syscall: close - EBADF: invalid file descriptor
Error in syscall: close - EBADF: invalid file descriptor
Error in syscall: close - EBADF: invalid file descriptor
Error in syscall: close - EBADF: invalid file descriptor
Error in syscall: close - EBADF: invalid file descriptor
Error in syscall: close - EBADF: invalid file descriptor
Error in syscall: close - EBADF: invalid file descriptor
Error in syscall: close - EBADF: invalid file descriptor
Error in syscall: close - EBADF: invalid file descriptor
Error in syscall: close - EBADF: invalid file descriptor
Error in syscall: close - EBADF: invalid file descriptor
Error in syscall: close - EBADF: invalid file descriptor
Error in syscall: close - EBADF: invalid file descriptor
Error in syscall: close - EBADF: invalid file descriptor
Error in syscall: close - EBADF: invalid file descriptor
Error in syscall: close - EBADF: invalid file descriptor
Error in syscall: close - EBADF: invalid file descriptor
Error in syscall: close - EBADF: invalid file descriptor
Error in syscall: close - EBADF: invalid file descriptor
Error in syscall: close - EBADF: invalid file descriptor
Error in syscall: close - EBADF: invalid file descriptor
Error in syscall: close - EBADF: invalid file descriptor
Error in syscall: close - EBADF: invalid file descriptor
Error in syscall: close - EBADF: invalid file descriptor
Error in syscall: close - EBADF: invalid file descriptor
Error in syscall: close - EBADF: invalid file descriptor
Error in syscall: close - EBADF: invalid file descriptor
Error in syscall: close - EBADF: invalid file descriptor
Error in syscall: close - EBADF: invalid file descriptor
Error in syscall: close - EBADF: invalid file descriptor
Error in syscall: close - EBADF: invalid file descriptor
Error in syscall: close - EBADF: invalid file descriptor
Error in syscall: close - EBADF: invalid file descriptor
Error in syscall: close - EBADF: invalid file descriptor
Error in syscall: close - EBADF: invalid file descriptor
Error in syscall: close - EBADF: invalid file descriptor
Error in syscall: close - EBADF: invalid file descriptor
Error in syscall: close - EBADF: invalid file descriptor
Error in syscall: close - EBADF: invalid file descriptor
Error in syscall: close - EBADF: invalid file descriptor
Error in syscall: close - EBADF: invalid file descriptor
Error in syscall: close - EBADF: invalid file descriptor
Error in syscall: close - EBADF: invalid file descriptor
Error in syscall: close - EBADF: invalid file descriptor
Error in syscall: close - EBADF: invalid file descriptor
Error in syscall: close - EBADF: invalid file descriptor
Error in syscall: close - EBADF: invalid file descriptor
Error in syscall: close - EBADF: invalid file descriptor
Error in syscall: close - EBADF: invalid file descriptor
Error in syscall: close - EBADF: invalid file descriptor
Error in syscall: close - EBADF: invalid file descriptor
Error in syscall: close - EBADF: invalid file descriptor
Error in syscall: close - EBADF: invalid file descriptor
Error in syscall: close - EBADF: invalid file descriptor
Error in syscall: close - EBADF: invalid file descriptor
Error in syscall: close - EBADF: invalid file descriptor
Error in syscall: close - EBADF: invalid file descriptor
Error in syscall: close - EBADF: invalid file descriptor
Error in syscall: close - EBADF: invalid file descriptor
Error in syscall: close - EBADF: invalid file descriptor
Error in syscall: close - EBADF: invalid file descriptor
Error in syscall: close - EBADF: invalid file descriptor
Error in syscall: close - EBADF: invalid file descriptor
Error in syscall: close - EBADF: invalid file descriptor
Error in syscall: close - EBADF: invalid file descriptor
Error in syscall: close - EBADF: invalid file descriptor
Error in syscall: close - EBADF: invalid file descriptor
