for master_1
for child2
child2_1
child2_2
child2_3
for child3
child3_1
child3_2
child3_3
for slave1_1

drop and create databases
DROP DATABASE IF EXISTS auto_test_local;
CREATE DATABASE auto_test_local;
USE auto_test_local;
DROP DATABASE IF EXISTS auto_test_remote;
CREATE DATABASE auto_test_remote;
USE auto_test_remote;
DROP DATABASE IF EXISTS auto_test_remote2;
CREATE DATABASE auto_test_remote2;
USE auto_test_remote2;

test select 1
SELECT 1;
1
1
auto_increment with partition
DROP TABLE IF EXISTS t1, t2;
CREATE TABLE t1 (
id int(11) NOT NULL AUTO_INCREMENT,
PRIMARY KEY (id)
) MASTER_1_ENGINE MASTER_1_CHARSET MASTER_1_COMMENT_INCREMENT1_P_1
CREATE TABLE t2 (
id int(11) NOT NULL AUTO_INCREMENT,
PRIMARY KEY (id)
) MASTER_1_ENGINE MASTER_1_CHARSET MASTER_1_COMMENT_INCREMENT1_P_1
MASTER_1_AUTO_INCREMENT_INCREMENT2
MASTER_1_AUTO_INCREMENT_OFFSET2
spider_direct_sql('begin execute immediate \'DROP SEQUENCE "seq_t1_1"\'; exception when others then null; end;', '', 'srv "s_2_1"')
1
spider_direct_sql('CREATE SEQUENCE "seq_t1_1" START WITH 2 INCREMENT BY 4', '', 'srv "s_2_1"')
1
spider_direct_sql('begin execute immediate \'DROP SEQUENCE "seq_t1_2"\'; exception when others then null; end;', '', 'srv "s_2_2"')
1
spider_direct_sql('CREATE SEQUENCE "seq_t1_2" START WITH 3 INCREMENT BY 4', '', 'srv "s_2_2"')
1
spider_direct_sql('begin execute immediate \'DROP SEQUENCE "seq_t1_1"\'; exception when others then null; end;', '', 'srv "s_2_1"')
1
spider_direct_sql('CREATE SEQUENCE "seq_t1_1" START WITH 2 INCREMENT BY 4', '', 'srv "s_2_1"')
1
spider_direct_sql('begin execute immediate \'DROP SEQUENCE "seq_t1_2"\'; exception when others then null; end;', '', 'srv "s_2_2"')
1
spider_direct_sql('CREATE SEQUENCE "seq_t1_2" START WITH 3 INCREMENT BY 4', '', 'srv "s_2_2"')
1
INSERT INTO t1 () VALUES ();
SELECT LAST_INSERT_ID();
LAST_INSERT_ID()
3
SELECT MAX(id) FROM t1;
MAX(id)
3
INSERT INTO t2 () VALUES ();
SELECT LAST_INSERT_ID();
LAST_INSERT_ID()
7
SELECT MAX(id) FROM t2;
MAX(id)
7
MASTER_1_AUTO_INCREMENT_OFFSET3
INSERT INTO t1 (id) VALUES (null);
SELECT LAST_INSERT_ID();
LAST_INSERT_ID()
2
SELECT MAX(id) FROM t1;
MAX(id)
7
MASTER_1_AUTO_INCREMENT_OFFSET4
INSERT INTO t2 (id) VALUES (null);
SELECT LAST_INSERT_ID();
LAST_INSERT_ID()
6
SELECT MAX(id) FROM t2;
MAX(id)
7
MASTER_1_AUTO_INCREMENT_OFFSET3
INSERT INTO t1 () VALUES (),(),(),();
Warnings:
Note	12520	Binlog's auto-inc value is probably different from linked table's auto-inc value
Note	12520	Binlog's auto-inc value is probably different from linked table's auto-inc value
Note	12520	Binlog's auto-inc value is probably different from linked table's auto-inc value
SELECT LAST_INSERT_ID();
LAST_INSERT_ID()
10
SELECT id FROM t1 ORDER BY id;
id
2
3
6
7
10
11
14
15
MASTER_1_AUTO_INCREMENT_OFFSET4
INSERT INTO t2 () VALUES (),(),(),();
Warnings:
Note	12520	Binlog's auto-inc value is probably different from linked table's auto-inc value
Note	12520	Binlog's auto-inc value is probably different from linked table's auto-inc value
Note	12520	Binlog's auto-inc value is probably different from linked table's auto-inc value
SELECT LAST_INSERT_ID();
LAST_INSERT_ID()
18
SELECT id FROM t2 ORDER BY id;
id
2
3
6
7
10
11
14
15
18
19
22
23
TRUNCATE TABLE t1;
TRUNCATE TABLE t2;
INSERT INTO t1 () VALUES (),(),(),();
Warnings:
Note	12520	Binlog's auto-inc value is probably different from linked table's auto-inc value
Note	12520	Binlog's auto-inc value is probably different from linked table's auto-inc value
Note	12520	Binlog's auto-inc value is probably different from linked table's auto-inc value
SELECT LAST_INSERT_ID();
LAST_INSERT_ID()
26
SELECT id FROM t1 ORDER BY id;
id
26
27
30
31
INSERT INTO t2 () VALUES (),(),(),();
Warnings:
Note	12520	Binlog's auto-inc value is probably different from linked table's auto-inc value
Note	12520	Binlog's auto-inc value is probably different from linked table's auto-inc value
Note	12520	Binlog's auto-inc value is probably different from linked table's auto-inc value
SELECT LAST_INSERT_ID();
LAST_INSERT_ID()
34
SELECT id FROM t2 ORDER BY id;
id
26
27
30
31
34
35
38
39
SET INSERT_ID=5000;
MASTER_1_AUTO_INCREMENT_OFFSET3
INSERT INTO t1 () VALUES ();
SELECT LAST_INSERT_ID();
LAST_INSERT_ID()
42
SELECT MAX(id) FROM t1;
MAX(id)
42
MASTER_1_AUTO_INCREMENT_OFFSET4
INSERT INTO t2 () VALUES ();
SELECT LAST_INSERT_ID();
LAST_INSERT_ID()
43
SELECT MAX(id) FROM t2;
MAX(id)
43
INSERT INTO t1 (id) VALUES (10000);
SELECT LAST_INSERT_ID();
LAST_INSERT_ID()
46
SELECT MAX(id) FROM t1;
MAX(id)
46
INSERT INTO t2 (id) VALUES (1000);
SELECT LAST_INSERT_ID();
LAST_INSERT_ID()
50
SELECT MAX(id) FROM t2;
MAX(id)
50

deinit
DROP DATABASE IF EXISTS auto_test_local;
DROP DATABASE IF EXISTS auto_test_remote;
DROP DATABASE IF EXISTS auto_test_remote2;
for slave1_1
for master_1
for child2
child2_1
child2_2
child2_3
for child3
child3_1
child3_2
child3_3

end of test
