DROP TABLE IF EXISTS ids;
CREATE TABLE ids (
id BIGINT UNSIGNED
) DEFAULT CHARSET=utf8;
INSERT INTO ids VALUES (317173755057152000);
INSERT INTO ids VALUES (317173755057152002);
SELECT * FROM ids;
id
317173755057152000
317173755057152002
SELECT * FROM ids WHERE id = 317173755057152000;
id
317173755057152000
SELECT * FROM ids WHERE id = 317173755057152002;
id
317173755057152002
DROP TABLE ids;
