DROP TABLE IF EXISTS numbers;
CREATE TABLE numbers (
data BIGINT UNSIGNED
);
INSERT INTO numbers VALUES(18446744073709551615);
SELECT * FROM numbers ORDER BY data;
data
18446744073709551615
DELETE FROM numbers WHERE data = 18446744073709551615;
SELECT * FROM numbers ORDER BY data;
data
DROP TABLE numbers;
